metric,point,ci_low,ci_high
P0_mean,0.9143601532149856,0.9047290490557336,0.922471387313886
P1_mean,0.914254800843331,0.904688914847046,0.9223397717274862
P2_mean,0.91443153637837,0.904833410414229,0.9225449041595168
P3_mean,0.9143140239114884,0.9046885124968906,0.9224259635882562
range_mean,0.0003896201770475,0.0002962229363887,0.0004944731513251
range_median,0.0002578906679044,0.000212606376833,0.0004666019785606
pairwise_abs_mean,0.0002099181663012,0.0001614850605388,0.0002639896747218
oracle_mean,0.91452454617929,0.9049593681214892,0.9226095191665692
oracle_over_best_fixed,9.300980091986322e-05,4.6360052763672056e-05,0.0001554801993651
range_gt_001,0.0,0.0,0.0
range_gt_005,0.0,0.0,0.0
