author_image,pixel_hash,udiat_matches,n_udiat_matches,existing_split,image_key,image,dsc_min,dsc_max,dsc_range,range20,range50,catastrophic_switch,sam_disagreement,coarse_disagreement,sam_area_cv,centroid_disp_norm
000002.png,cb7b314c6682212ca374e5636186b8721cb22189c1842132f632db2bbbfa2a18,Benign/000002.png,1,val,000002.png,000002.png,0.9543,0.9544,9.9999999999989e-05,0,0,0,0.0002711337671197,0.0430201766115408,0.0002103934357248,6.33248405736028e-06
000004.png,8e199893d624fa8f9eb71cbe53bcc8f61cd4962a63ad1a25263937efab71d6d7,Benign/000004.png,1,val,000004.png,000004.png,0.8964,0.8988,0.0024,0,0,0,0.008884289551465,0.044007483632568,0.0070801708662321,5.490177172033206e-05
000005.png,0ea80515f8d5698853870829a3d4640cd19037cfd9eb0fff73149413fd82e93f,Benign/000005.png,1,val,000005.png,000005.png,0.9471,0.9474,0.0002999999999999,0,0,0,0.0022757037918892,0.1216886385453188,0.0016584846601795,1.567898445087569e-05
000007.png,ee92d034d273abbae5d2c9268b5fd7598ea2d3a596bd50633a2f877197cba415,Benign/000007.png,1,val,000007.png,000007.png,0.6288,0.7073,0.0785,0,0,0,0.0793545581255692,0.07767641021072,0.0594810942351254,0.0019517752244118
000012.png,c7f8205da5c6f8b2b709d11d2f0481d67528458a6c99bf9d3cc9fa49e925ac5a,Benign/000012.png,1,val,000012.png,000012.png,0.7461,0.7574,0.0112999999999999,0,0,0,0.0128030070934881,0.0375720512910809,0.0103608912824136,0.0003164886038015
000015.png,9d82f81c5575f42e74c7be65efd1d6d4866dcf850991f1821fbdcc239c114106,Benign/000015.png,1,val,000015.png,000015.png,0.8423,0.8495,0.0071999999999999,0,0,0,0.0189660058344453,0.2053855309167052,0.0147798089764224,0.0001314909478653
000025.png,8f774bae7997fc3bd3fc58d2f050c288a4b9522a02dc9ff5e44b0bc4603fcd2c,Malignant/000025.png,1,val,000025.png,000025.png,0.8734,0.8784,0.005,0,0,0,0.0271282992512179,0.0851422022488203,0.0087473561065175,0.0010683944254519
000027.png,da3429e20d5c54786e537a0cbdeeccf38444f4a2a3db376f941c8fb86437a999,Malignant/000027.png,1,val,000027.png,000027.png,0.8027,0.8466,0.0439,0,0,0,0.0428025358993051,0.1318740237697761,0.0330298448184842,0.0021784743324707
000030.png,29b6fa7916c0ad5285b7b8445280ec328087bc287eb5636bb385abe6890f49d2,Malignant/000030.png,1,val,000030.png,000030.png,0.6303,0.6526,0.0222999999999999,0,0,0,0.0194684330557673,0.0351290064186939,0.0200730600620076,0.0009574677926316
000031.png,0875355fc24ca370ae9c575d458c52399ee73aae018417dedf5a6cf176afd477,Malignant/000031.png,1,val,000031.png,000031.png,0.8477,0.8478,9.9999999999989e-05,0,0,0,0.0003930817610062,0.0339270786726197,6.553509404285995e-05,1.212441566760056e-05
000034.png,b76defb783ce20210ebf6df7b3a9436e8980593afdafd86fe1880a2d306fd20d,Benign/000034.png,1,val,000034.png,000034.png,0.0,0.6887,0.6887,1,1,0,0.7517251602504167,0.7404551318352699,0.5837323242049026,0.209502015317618
000043.png,4ddef5947b95b03d4f0e9af1917057934cf3abc431b00e8bd2ccb466c31e0a6b,Malignant/000043.png,1,val,000043.png,000043.png,0.4658,0.8287,0.3629,1,0,0,0.3043635544228655,0.229368207160389,0.4314888845696843,0.0395747408189765
000044.png,4569cc4eb4fc0704fad453381f597e17ec97b985c81f83cbf543ee420f1fa2f8,Malignant/000044.png,1,val,000044.png,000044.png,0.9251,0.9286,0.0034999999999999,0,0,0,0.0093088586342795,0.0660564046614639,0.0068954365294549,0.0002563829460264
000047.png,3c61865bc4828521e2a75ce87b9b526c09b89e6b8da073aa0f81bf6a72c8ba9a,Malignant/000047.png,1,val,000047.png,000047.png,0.9276,0.9393,0.0117,0,0,0,0.0473437162329964,0.1494000139866292,0.0378163819223851,0.001030745509852
000051.png,cfd0029e895a8ce3064298bc1f886c0cce3968a0baf25b5aeae9e1398093c777,Benign/000051.png,1,val,000051.png,000051.png,0.3464,0.9722,0.6257999999999999,1,1,0,0.4585459574314961,0.4144248829413133,0.0664715538701303,0.0653750643606038
000059.png,cde9806391b41ca8fc26d12e594eedfe5c902f7a4131012cee3d4098093f4c1e,Benign/000059.png,1,val,000059.png,000059.png,0.8753,0.8843,0.009,0,0,0,0.0153259702059145,0.1481592451271633,0.0120722622885576,0.0001543644928703
000061.png,75e6a0ed181789e98329f1d25cf001ac648149cf228209521daa051d09a2f018,Benign/000061.png,1,val,000061.png,000061.png,0.9551,0.9604,0.0053,0,0,0,0.0105185330698325,0.0940619288709207,0.0080503846462896,0.00045362259096
000064.png,8166017a5b050b69a5774d0dccf7113e18191fa140521ffed9f111433510b7cd,Benign/000064.png,1,val,000064.png,000064.png,0.9528,0.9547,0.0019,0,0,0,0.0040325533633335,0.0820537389928409,0.0031792211691858,8.03580445240989e-05
000066.png,862f5845a1452a439bfb5d55f26e81742593e4d270405d339d53d98fbbbe7a1b,Benign/000066.png,1,val,000066.png,000066.png,0.9338,0.9537,0.0199,0,0,0,0.0375133537658814,0.139357628254786,0.0336412127067754,0.0012733312288591
000070.png,956322f0bfba2a52104ef585ca4c4bd4e3dce8d5844753488b3df6ffd9370676,Benign/000070.png,1,val,000070.png,000070.png,0.9664,0.9674,0.001,0,0,0,0.0043409983485715,0.0818376188746128,0.0031993645511297,3.881980261633275e-05
000073.png,b14f2d6e974899f07704d530caa5148da3d0c5d517bdc78e530fea0844832a86,Benign/000073.png,1,val,000073.png,000073.png,0.075,0.8014,0.7264,1,1,1,0.5485794109268689,0.3050644147898514,0.3966611473991041,0.0331795278215927
000077.png,bb18cfbc41ae0ef339ae93d6ab5974885a3044eed9a85447281e490f1f99e817,Benign/000077.png,1,val,000077.png,000077.png,0.8901,0.8906,0.0004999999999999,0,0,0,0.0081948328028328,0.1372938118867592,0.0063644305172011,0.0001947161508019
000086.png,b372b3c15ff4319df0d21d9d0639b607bc0ae97393b8ebb854402de3b19d04e5,Benign/000086.png,1,val,000086.png,000086.png,0.7088,0.8976,0.1887999999999999,0,0,0,0.1984626935116506,0.2479767985736209,0.1604084736282671,0.0079115712990724
000091.png,124bf55b199af2c4d6ab300ede14bfde3688985da244c153853e1592785a4fba,Benign/000091.png,1,val,000091.png,000091.png,0.9221,0.9504,0.0282999999999999,0,0,0,0.0385332414728776,0.0516809636307148,0.0247249633383192,0.0014448703837765
000093.png,127dbd405c0e1ebd654345fdb974e941a7a589735814af1b8249c1975661bd9e,Benign/000093.png,1,val,000093.png,000093.png,0.9067,0.9241,0.0174,0,0,0,0.0170029237570393,0.1579332066365397,0.013991882590998,0.0011551664975103
000098.png,8d91e4297866e000019bb9ca85c6ef54e704e465202e51ff26a18c0110cfdbec,Benign/000098.png,1,val,000098.png,000098.png,0.5727,0.5757,0.003,0,0,0,0.0057128050635392,0.1121371635611112,0.0028132053907579,0.0002046009422748
000104.png,0e094f3fc0bb418c01e6aed59ad6dc664d96ce871b3a518d3dbad57957a286c4,Benign/000104.png,1,val,000104.png,000104.png,0.9316,0.9434,0.0118,0,0,0,0.0187128632530681,0.1747128362495454,0.014786932781389,0.0008277549081479
000109.png,129c08584bacda18b51e4b03ca991644d352964729f502eca71d8c1df8f9282e,Benign/000109.png,1,val,000109.png,000109.png,0.2806,0.8909,0.6103000000000001,1,1,0,0.448225860615337,0.2872664057547657,0.5368851361318535,0.0089155467381961
000111.png,94a3f6ed0d7b6c275c7d08be187904dd2d818283ad26e57fa243b387b7889243,Benign/000111.png,1,val,000111.png,000111.png,0.6838,0.6975,0.0137,0,0,0,0.0219095521550586,0.0618900586104143,0.0171265716850298,0.0001405712354882
000118.png,eaa522a307b72734b2dd739cf7736ada260807646c5fc62405e897a6b79e7ffa,Benign/000118.png,1,val,000118.png,000118.png,0.9423,0.9472,0.0049,0,0,0,0.0141160770131058,0.093585657141393,0.0014902422968104,0.0003051230114286
000120.png,8c2182f16d20f1964b546db0b5b8c8eb12edf6c29cbf4ba5e3fe930996dcb0be,Benign/000120.png,1,val,000120.png,000120.png,0.0344,0.9349,0.9005,1,1,1,0.5728223050663073,0.2628390420616978,0.4122723123141776,0.0333721168973715
000124.png,8329a8f3d5f96fd92c73660265750e73d3deb97ad3f7450d47193d897bdc906f,Benign/000124.png,1,val,000124.png,000124.png,0.8995,0.9085,0.009,0,0,0,0.0181731435191293,0.1877847966203332,0.0155533087631189,0.0002178272565787
000125.png,0b96c44b3c0280db6fb2d9587b2d3fb7dc9779ca5e3a12946f3452a93953809c,Benign/000125.png,1,val,000125.png,000125.png,0.9414,0.9428,0.0013999999999999,0,0,0,0.0025487013076986,0.0828714240998373,0.0018193807812573,8.386118168117853e-05
000128.png,3b484293908c348296cc13118a7a6dfa68e1d778d43bc20f0327ef521095ac39,Benign/000128.png,1,val,000128.png,000128.png,0.9305,0.9477,0.0171999999999999,0,0,0,0.0197250908923621,0.142675610401577,0.0152469243674462,0.0007118326110938
000131.png,64d4b21ec7898868eba06c85489d6629f45212a09a2f4e0b5e539f4f1492adc6,Benign/000131.png,1,val,000131.png,000131.png,0.9366,0.9388,0.0021999999999999,0,0,0,0.0033971466197997,0.0225362863226996,0.0018755052162105,0.0001279726103992
000132.png,04637dd1770da14c37340ea6a18705a8a63c569dd035b3127649c808b3f94b83,Malignant/000132.png,1,val,000132.png,000132.png,0.7783,0.84,0.0616999999999999,0,0,0,0.0775311769436403,0.1694144683620666,0.0678340395565019,0.0033792056557409
000133.png,0ce754b5661f4bd9d8ed1e76d105a5ed05453914cd5037bbd937b9be54518420,Malignant/000133.png,1,val,000133.png,000133.png,0.7879,0.7999,0.012,0,0,0,0.0127839791358809,0.1040340138340787,0.0092593577956816,0.0008469933501929
000134.png,b93046425aa3ed03bef7dbd93d3231ce711b2cd60f06f7194de3dcf418b50e6a,Malignant/000134.png,1,val,000134.png,000134.png,0.9181,0.9273,0.0091999999999999,0,0,0,0.0221245166575187,0.1763981652226345,0.010282080313365,0.000344364006535
000135.png,192d510802c6e938fe4d08edb9e0edfc9fafb5127b48fe11652ad9d082118157,Malignant/000135.png,1,val,000135.png,000135.png,0.4408,0.8513,0.4104999999999999,1,0,0,0.4421804742935433,0.3145818758640046,0.4940719406019305,0.0314536764484631
000139.png,acfa0bd6aec69028393f9c4d525c4b12f3616e9306f1d7c352af76b83e1fda28,Malignant/000139.png,1,val,000139.png,000139.png,0.1417,0.6379,0.4962,1,0,0,0.4894994680322119,0.3009846262062279,0.4807011107976761,0.0147925473843352
000141.png,1d5d09d95d2ed6725161106967e86295f129f0942f6f8f934b0351864a0a0dc3,Malignant/000141.png,1,val,000141.png,000141.png,0.6757,0.895,0.2193,1,0,0,0.2351772523646177,0.1703797477069972,0.2413976429156128,0.013192820600121
000144.png,d5001f766205242c97b50d3029c86be23d576db41a836e787b9fcde6484b82e6,Malignant/000144.png,1,val,000144.png,000144.png,0.7807,0.8267,0.046,0,0,0,0.1104030575160421,0.0705283538262028,0.083479513374554,0.0069437406993976
000147.png,d2ae717fe2ae0b4cc42049203dce46858a71ed323d66c46c3138a35697292e3f,Malignant/000147.png,1,val,000147.png,000147.png,0.8798,0.8962,0.0163999999999999,0,0,0,0.0146045016096319,0.123204395755271,0.0109122731453876,0.0002777235449978
000300.png,1cf5e1ea0eba92dfa3a0969269a690f36cd456cbc06069001fa4b0180c6096fa,Malignant/000300.png,1,val,000300.png,000300.png,0.9273,0.9296,0.0022999999999999,0,0,0,0.0190564843564458,0.1135560587703197,0.0100426568426884,0.000673573260732
000307.png,b5fa1e369aa56571604e5114922ce40907c101a6d528de977fee00ad7e380683,Malignant/000307.png,1,val,000307.png,000307.png,0.7749,0.837,0.0620999999999999,0,0,0,0.0604244162714622,0.054789261248628,0.0290315094145367,0.0018758873839166
000308.png,5816b10049b87e81b36f467ce4a61d2801d4286d80b79b67d7ce47177c951fc6,Malignant/000308.png,1,val,000308.png,000308.png,0.5396,0.5486,0.009,0,0,0,0.0126534058865282,0.0909874133928681,0.0097781621986777,0.000139667538468
