image,trajectory_correlation_abs_change,trajectory_correlation_loss,mean_embedding_distance,max_embedding_distance,mean_abs_dice_change,max_abs_dice_change,mean_dice_loss,max_dice_loss
100.png,0.41262185380174593,-0.41262185380174593,0.049752902984619096,0.0979933738708496,0.0033391710130402,0.0138872654961914,-0.0033391710130402,-0.0
1004.png,-0.11013822343963357,-0.054868824087976525,0.033224534988403276,0.0582412481307983,0.008777529566212739,0.0265099863640009,0.0032031630018450608,0.0265099863640009
1007.png,0.8164070913385293,-0.8164070913385293,0.024511373043060263,0.0791950821876525,0.005124813142467361,0.0132074488162371,-0.005124813142467361,-0.0
1008.png,0.5723207889189168,0.5723207889189168,0.02741333246231072,0.0881147384643554,0.16463119235514984,0.35877902112214,0.16463119235514984,0.35877902112214
1011.png,0.9190115614005224,-0.9209383321589895,0.022797322273254338,0.0753979682922363,0.0392648766365373,0.1918608463083959,-0.0386724236823321,0.000493710795171
1015.png,0.9544905966244558,0.8919324727526473,0.02741333246231072,0.0881147384643554,0.00084147510720814,0.0024131086112464,0.00012376833729042003,0.0024131086112464
1016.png,0.4958705395138462,0.6503142597162739,0.024511373043060263,0.0791950821876525,0.0022386753326902797,0.0039788925784396,0.0009444387300614001,0.0039788925784396
102.png,-0.4117899853517263,-0.4117899853517263,0.05275908708572381,0.1153584718704223,0.01548171042914118,0.0250574273076223,0.01548171042914118,0.0250574273076223
1023.png,0.8034099303529586,-0.7652789675230468,0.029674172401428157,0.0787618160247802,0.00351943276653666,0.0072425669603363,-0.00227294034128622,0.0031162310631261
1027.png,0.7871050007612238,-0.7871050007612238,0.02863475084304804,0.0918480157852172,0.019643460140766723,0.0479191713351595,-0.019643460140766723,-0.0
1029.png,0.5772935975095801,0.5772935975095801,0.03572261333465572,0.0668973326683044,0.2105082758309656,0.6140350877192983,0.2105082758309656,0.6140350877192983
1031.png,0.23911222985254008,0.22790158319205947,0.02213370800018304,0.069466233253479,0.18039672907884285,0.8897675154198956,0.1755102770891154,0.8897675154198956
1035.png,-0.13874657284118733,-0.1487384028774342,0.03572261333465572,0.0668973326683044,0.021285382239293257,0.0997627234148004,0.018619707126626903,0.0997627234148004
1037.png,0.2856127677218255,0.25438380428597673,0.033224534988403276,0.0582412481307983,0.0005669259147127188,0.0015403750682994,0.0002681111648376013,0.0015403750682994
1039.png,0.4489466668879733,0.21863716948491335,0.02981548309326166,0.0500947833061218,0.0038011710041278,0.0095166620679926,0.0030979513744127597,0.0095166620679926
1040.png,0.8637826886095112,0.8637826886095112,0.02844647169113156,0.0920540690422058,0.0008712149346551,0.0017771573509086,0.0008712149346551,0.0017771573509086
1041.png,-0.36791015613898187,0.4077825428734213,0.03734568357467648,0.0727616548538208,0.00224585348230766,0.0035488926727187,-0.0016367077936754603,0.0015228642215805
1047.png,-0.372175879261678,0.7109146414277978,0.031860458850860564,0.0522137880325317,0.02420474604493376,0.032442496319076,0.011477199883885921,0.032442496319076
1053.png,0.8117464146579796,-0.8117464146579796,0.02213370800018304,0.069466233253479,0.0007818095436143201,0.0015344720318292,-0.0007818095436143201,-0.0
1054.png,0.7444298660318631,0.7444298660318631,0.03572261333465572,0.0668973326683044,0.01089583423623218,0.0317260642961717,0.01089583423623218,0.0317260642961717
1057.png,0.7095320506201477,-0.8703624373537969,0.025677883625030463,0.0816570520401001,0.18106611495976394,0.3561643566492566,-0.05744383060341103,0.2507633279727518
1060.png,0.8651388044728896,0.8651388044728896,0.028252577781677203,0.0831394791603088,0.00155201454305502,0.0056345800711021,0.00155201454305502,0.0056345800711021
1061.png,0.5927677698587887,0.30498861590698145,0.02863475084304804,0.0918480157852172,0.042692847827737426,0.1379303216608749,-0.01274278419762478,0.072575131956972
1069.png,0.909514602039488,0.909514602039488,0.02213370800018304,0.069466233253479,0.13662261600084788,0.6206498750240338,0.13662261600084788,0.6206498750240338
1072.png,0.678141043985781,-0.6531340340151136,0.033224534988403276,0.0582412481307983,0.03815039478181264,0.1806567285356667,-0.034112296632454034,0.0065386387075997
1073.png,0.8882899063692847,0.8875908597039546,0.03203074932098384,0.0974366068840026,0.12936650867975558,0.3423351005823005,0.1232413184857232,0.3423351005823005
1074.png,0.761602904779709,0.7030515549500459,0.0348873376846313,0.0682846307754516,0.02134647938149558,0.0921339947845992,0.01948309327918818,0.0921339947845992
1078.png,0.9685101457229693,0.9685101457229693,0.022797322273254338,0.0753979682922363,0.0018408925379471397,0.0055031969505058,0.0018408925379471397,0.0055031969505058
108.png,0.9960799747888817,-0.8050879024306382,0.038107013702392514,0.1235097646713256,0.00447265081676598,0.0172297895593728,-0.00241926500698314,0.0051334645244571
1084.png,0.5852059114044971,-0.09012444893880235,0.033224534988403276,0.0582412481307983,0.09638554197372931,0.2898833952971851,-0.019567816145144735,0.1071897536370836
1085.png,0.7982538023290554,0.7982538023290554,0.031860458850860564,0.0522137880325317,0.10834326754889059,0.1449348571113252,0.10834326754889059,0.1449348571113252
1089.png,0.9125544713739557,-0.9125544713739557,0.024478757381439183,0.077789306640625,0.0038343282502161604,0.0191716412510808,-0.0038343282502161604,-0.0
1092.png,-0.9895494263015657,-0.9895494263015657,0.02349050045013424,0.0881204605102539,0.00050941692886684,0.0005364454115862,0.00050941692886684,0.0005364454115862
1093.png,0.00023913237077948023,0.2916668123434707,0.02863475084304804,0.0918480157852172,0.0014856815276429,0.0026907156635612,0.0008133477713762599,0.0026907156635612
1096.png,0.19602760676401312,-0.5763033733040654,0.025677883625030463,0.0816570520401001,0.029692419580195018,0.0870836173126538,0.0051410273448664985,0.0870836173126538
1103.png,0.07746487785683377,-0.07746487785683377,0.03572261333465572,0.0668973326683044,0.01397385992545784,0.0192331713956931,-0.01397385992545784,-0.0
1107.png,0.1253958689249313,0.2145558101619293,0.02863475084304804,0.0918480157852172,0.016339619472168183,0.0501017090117547,-0.012933881655097781,0.008514344542676
1111.png,0.04257944801598268,-0.04257944801598268,0.031860458850860564,0.0522137880325317,0.8556570411146225,0.8713924050632912,-0.8556570411146225,-0.7944307944307945
1113.png,0.8538582137577998,-0.8538582137577998,0.02863475084304804,0.0918480157852172,0.0176516671064907,0.060674282982629,-0.0176516671064907,-0.0
1114.png,0.9258823945712487,-0.9258823945712487,0.02844647169113156,0.0920540690422058,0.0011167416013554599,0.0055837080067773,-0.0011167416013554599,-0.0
1118.png,0.73321902859766,-0.73321902859766,0.02981548309326166,0.0500947833061218,0.00030738876505368,0.0010429343263322,-0.00030738876505368,-0.0
1120.png,0.9211992825496312,0.04900617712359487,0.031860458850860564,0.0522137880325317,0.00147739609660954,0.0021007578990802,0.0006370929369774599,0.0020887839781862
1123.png,0.9976462762868591,-0.9966123340508597,0.02863475084304804,0.0918480157852172,0.0016813051092948801,0.0052001300684162,-0.0011591886621198399,0.000453683708953
1124.png,0.7787823829822255,0.7787823829822255,0.03572261333465572,0.0668973326683044,0.8237721055580274,0.8248372303297863,0.8237721055580274,0.8248372303297863
1125.png,0.28015347682491837,-0.07195673198146574,0.031860458850860564,0.0522137880325317,0.004626888293057474,0.0086058211352159,0.002877937005127354,0.0086058211352159
1126.png,0.6086831621571567,0.9682848281479057,0.02349050045013424,0.0881204605102539,0.00445888484444738,0.0080199102994156,-0.00117619017216646,0.0080199102994156
1130.png,0.3820160348134497,0.3839089535495848,0.022797322273254338,0.0753979682922363,0.005761248274954679,0.0233670159971199,0.00571836987742428,0.0233670159971199
1134.png,-0.916168749921121,0.916168749921121,0.03572261333465572,0.0668973326683044,0.00236400149046696,0.004122381065571,-0.00236400149046696,-0.0
1137.png,0.9310234452046386,-0.9205997396742999,0.02844647169113156,0.0920540690422058,0.04455267934992352,0.2196093266509982,-0.04329105131047576,0.0031540700986194
1138.png,0.6376306889178722,0.7542626641557252,0.02863475084304804,0.0918480157852172,0.07428960290540532,0.126812675334671,0.028568767350654434,0.126812675334671
114.png,0.8553462466577615,0.8553462466577615,0.05275908708572381,0.1153584718704223,0.0005147072782785,0.0007681419297519,0.0005147072782785,0.0007681419297519
1140.png,0.7851198259323474,0.8585793987791964,0.02213370800018304,0.069466233253479,0.02389969980910938,0.0468619869206846,0.007485102250335139,0.0468619869206846
1144.png,0.9112049725592527,0.9112049725592527,0.02213370800018304,0.069466233253479,0.00018583310063128,0.0004645827515782,0.00018583310063128,0.0004645827515782
1146.png,,,0.02844647169113156,0.0920540690422058,0.0,0.0,0.0,-0.0
1148.png,0.30286985691939966,0.20423852433847847,0.03572261333465572,0.0668973326683044,0.00464759817966938,0.006850513484746,-0.0005184755357913398,0.006850513484746
1149.png,-0.05234026695469044,0.05392287839088494,0.03572261333465572,0.0668973326683044,0.05101679635395982,0.1276724861736732,-0.05089209837735274,0.0003117449415177
1150.png,0.007793078549476521,-0.18011788663193634,0.02741333246231072,0.0881147384643554,0.0115736851701432,0.0344294860337011,0.01013546394864028,0.0344294860337011
1156.png,0.43597926866064934,0.4046567295960495,0.031860458850860564,0.0522137880325317,0.02236953870504902,0.0360568514549043,0.02089868304083614,0.0360568514549043
1160.png,0.8189242483696249,0.8191060017271338,0.033224534988403276,0.0582412481307983,0.17807564686160995,0.4856938365809373,0.1779317546916158,0.4856938365809373
1163.png,0.2568723970635338,0.3728243355360174,0.02349050045013424,0.0881204605102539,0.02905483049794184,0.0863192255646555,-0.0054728597279203595,0.0368587707270665
1165.png,0.5561751561468071,-0.5561751561468071,0.027976334095001158,0.0826389789581298,0.018216010026240282,0.0631341107253747,-0.018216010026240282,-0.0017394583950472
1169.png,-0.9693807180935795,0.9693807180935795,0.02863475084304804,0.0918480157852172,0.00177590431709342,0.0026151070526698,-0.00177590431709342,-0.0
117.png,0.7369129526712485,0.6372816266788515,0.05057690143585199,0.1183745861053466,0.00019204122255773868,0.0004757490430271,0.00013815034800699488,0.0004757490430271
1170.png,0.3762708970582297,-0.1261634184147595,0.039940714836120564,0.0722882747650146,0.016354238990932978,0.036392295572376,-0.014203263693195578,0.0053774382443435
1177.png,0.8104992931111896,-0.48013127569653674,0.033224534988403276,0.0582412481307983,0.00396256348080984,0.0139825387300434,-0.0019122674816589602,0.0051257399978772
1178.png,-0.13166834961375817,-0.12556955166303696,0.033224534988403276,0.0582412481307983,0.43217153751682336,0.74047163315456,0.42497727849365796,0.74047163315456
1179.png,,,0.02863475084304804,0.0918480157852172,0.0,0.0,0.0,-0.0
1189.png,,,0.02981548309326166,0.0500947833061218,0.0,0.0,0.0,-0.0
1192.png,0.9709529943659309,0.9709529943659309,0.024511373043060263,0.0791950821876525,0.006985779684257121,0.0257167066588909,0.006985779684257121,0.0257167066588909
121.png,0.005150771631704068,0.005150771631704068,0.03642914295196526,0.1130691766738891,0.10839146446718395,0.5323884643638872,0.10839146446718395,0.5323884643638872
1211.png,0.9914634832982803,-0.9787956525024154,0.022797322273254338,0.0753979682922363,0.00064207772095796,0.0019674562523174,-0.000504020167236,0.0003451438843049
122.png,-0.3780013590480882,-0.1659270114454224,0.034012901782989456,0.1141921281814575,0.00013413460604597694,0.0003557000166966,8.719678403186308e-05,0.0003557000166966
1223.png,0.14974997291832026,0.14974997291832026,0.03572261333465572,0.0668973326683044,0.22871610819266364,0.586867121423128,0.22871610819266364,0.586867121423128
1225.png,0.3575449138274211,0.3575449138274211,0.0348873376846313,0.0682846307754516,0.03270830828190518,0.1635415414095259,0.03270830828190518,0.1635415414095259
1239.png,0.7811073561381768,-0.7811073561381768,0.039940714836120564,0.0722882747650146,0.18364289232910108,0.3038045615757032,-0.18364289232910108,-0.0067697895455107
124.png,0.15035669770092824,0.08738233850017064,0.038107013702392514,0.1235097646713256,0.018998522186465742,0.0793146161467239,0.01272732427222382,0.0793146161467239
1241.png,0.49311232429824886,0.465760124922153,0.031860458850860564,0.0522137880325317,0.22700185421201483,0.4959785522788204,0.2138047422904966,0.4959785522788204
1243.png,0.17844790492529494,-0.17844790492529494,0.02863475084304804,0.0918480157852172,0.0183726115707241,0.0440401193043898,-0.0183726115707241,-0.0
1246.png,0.9907764130616393,0.9907764130616393,0.024511373043060263,0.0791950821876525,0.15392879663026207,0.7696439831513103,0.15392879663026207,0.7696439831513103
1247.png,,,0.02981548309326166,0.0500947833061218,0.0,0.0,0.0,-0.0
1248.png,0.34053453404162964,0.34053453404162964,0.03203074932098384,0.0974366068840026,0.00015646832626198002,0.0003104393114834,0.00015646832626198002,0.0003104393114834
1249.png,0.9967444902516627,0.9967444902516627,0.02349050045013424,0.0881204605102539,0.00396311266859938,0.0185358525646182,0.00396311266859938,0.0185358525646182
1250.png,,,0.02741333246231072,0.0881147384643554,0.0,0.0,0.0,-0.0
1251.png,0.16580874728636144,0.16580874728636144,0.024478757381439183,0.077789306640625,0.00014158223050622,0.0007079111525311,0.00014158223050622,0.0007079111525311
1252.png,0.2334947729030448,0.2334947729030448,0.02213370800018304,0.069466233253479,0.00012495567051387999,0.0006247783525694,0.00012495567051387999,0.0006247783525694
1253.png,,,0.022797322273254338,0.0753979682922363,0.0,0.0,0.0,-0.0
1254.png,0.3759195091974637,0.3759195091974637,0.02981548309326166,0.0500947833061218,0.0081536078118398,0.0174876157787758,0.0081536078118398,0.0174876157787758
1267.png,,,0.03572261333465572,0.0668973326683044,0.0,0.0,0.0,-0.0
1273.png,0.9894681653021173,0.9896302809623627,0.02349050045013424,0.0881204605102539,0.1733907448465057,0.8653972422849638,0.1727681520674798,0.8653972422849638
1279.png,0.30935655900142667,0.30935655900142667,0.039940714836120564,0.0722882747650146,0.029196560192853306,0.0638108876095145,0.029196560192853306,0.0638108876095145
128.png,0.7160081630125985,0.7160081630125985,0.05898200273513787,0.1061348319053649,0.06123695625643162,0.1043198690420778,0.06123695625643162,0.1043198690420778
1280.png,0.9560619885137659,0.9587280488178138,0.02741333246231072,0.0881147384643554,0.18014379435227368,0.8216436415161176,0.17423404213464144,0.8216436415161176
1281.png,0.9695243934623141,0.8218546324868681,0.022797322273254338,0.0753979682922363,0.00408656379348986,0.0144282430404644,0.0016847334226958999,0.0144282430404644
1282.png,-0.955136729655891,0.955136729655891,0.028252577781677203,0.0831394791603088,0.007058203281080561,0.0091193377832561,-0.007058203281080561,-0.0036527489129848
1283.png,0.29148435221364716,0.10347929226003902,0.033224534988403276,0.0582412481307983,0.00544918285453964,0.0095776627691521,0.0002501563122860401,0.0069934937961444
1293.png,0.7623464704125338,-0.7325316497987766,0.03734568357467648,0.0727616548538208,0.009303354298753699,0.0269363631053534,-0.00781155461114866,0.0018647496095063
13.png,0.7732625810602036,-0.7732625810602036,0.034012901782989456,0.1141921281814575,0.00221191837114814,0.0045513253040011,-0.00221191837114814,-0.0001797670457366
1309.png,0.13411969525628512,0.17933845029504544,0.031860458850860564,0.0522137880325317,0.000192730465687,0.0006426668953328,-6.433629244612e-05,0.0003209854331022
131.png,0.9606847270628552,-0.9606847270628552,0.03642914295196526,0.1130691766738891,0.0009697554332850202,0.0045106409325025,-0.0009697554332850202,-0.0
1326.png,0.5762967627183668,0.08293273061809417,0.02213370800018304,0.069466233253479,0.0015932714389766804,0.0058031221179757,-0.0007279774082136001,0.0021632350769077
1331.png,0.8633447892832287,0.8633447892832287,0.02844647169113156,0.0920540690422058,0.25555101243882683,0.5971156796563363,0.25555101243882683,0.5971156796563363
1333.png,0.9640518916111477,-0.9691898821825966,0.022797322273254338,0.0753979682922363,0.0015374774971501,0.0061251388486963,-0.0013357842300724602,0.0005042331676941
1334.png,-0.41676681450425623,0.41676681450425623,0.028252577781677203,0.0831394791603088,0.00012675372278854,0.0002658026823129,-0.00012675372278854,-0.0
1341.png,0.30493754909730086,-0.17900387547248592,0.03203074932098384,0.0974366068840026,0.0010310501208285398,0.0018372958898108,-0.00083391236668674,0.0003518629579303
1345.png,0.16580874728636144,-0.16580874728636144,0.024478757381439183,0.077789306640625,1.0765018370739731e-05,5.382509185369866e-05,-1.0765018370739731e-05,-0.0
1346.png,0.4990942883972932,0.49166032159587425,0.02741333246231072,0.0881147384643554,0.009996787416312738,0.0244743995070391,0.00983909268272222,0.0244743995070391
1353.png,0.9913863003260707,0.9918498261229154,0.024511373043060263,0.0791950821876525,0.04263813979390848,0.2108691334833329,0.04240900557710904,0.2108691334833329
1355.png,0.1648738910227256,0.2683710661935444,0.024478757381439183,0.077789306640625,0.0074304418693372,0.0305507039743361,0.005474921381694401,0.0305507039743361
1361.png,0.6974440395639682,0.7074498149400142,0.03734568357467648,0.0727616548538208,0.09836850551012272,0.1928119558939015,0.07379601353124685,0.1928119558939015
1364.png,-0.8804798810343667,0.8804798810343667,0.024478757381439183,0.077789306640625,0.0012209700911269199,0.0020349501518782,-0.0012209700911269199,-0.0
1365.png,0.34187270136691805,0.34187270136691805,0.033224534988403276,0.0582412481307983,0.03134912441959606,0.1479316394158243,0.03134912441959606,0.1479316394158243
1367.png,0.956737668324666,-0.9610098795170513,0.02349050045013424,0.0881204605102539,0.00057533803939926,0.0016452262340459,-0.0002470202859503,0.0004103971918112
1368.png,0.8365663974639626,0.8365663974639626,0.033224534988403276,0.0582412481307983,0.00764786349902776,0.0095598293737847,0.00764786349902776,0.0095598293737847
1370.png,0.13149170419518175,-0.13149170419518175,0.02844647169113156,0.0920540690422058,0.00299795224693546,0.0149897612346773,-0.00299795224693546,-0.0
1371.png,0.9327524230889291,-0.9327524230889291,0.03203074932098384,0.0974366068840026,0.008412921773711,0.0210323044342775,-0.008412921773711,-0.0
1372.png,0.4113467939638279,-0.4113467939638279,0.03203074932098384,0.0974366068840026,0.00010814824285496,0.0002703706071374,-0.00010814824285496,-0.0
1373.png,0.2124349444089888,-0.2124349444089888,0.03572261333465572,0.0668973326683044,0.006486194140880181,0.0155431918619067,-0.006486194140880181,-0.0
1378.png,0.9398358611972316,0.9398358611972316,0.022797322273254338,0.0753979682922363,0.00752259099637818,0.0210013633023204,0.00752259099637818,0.0210013633023204
138.png,-0.10170126264970407,0.10170126264970407,0.03400695323944086,0.125470221042633,0.00015246909106588,0.0007623454553294,-0.00015246909106588,-0.0
1380.png,0.5147157231619037,0.658393262976922,0.0348873376846313,0.0682846307754516,0.030568641298583,0.0980108686855175,0.02495876197045544,0.0980108686855175
1381.png,0.49571741324679763,0.3978902964332965,0.031860458850860564,0.0522137880325317,0.0321368811822462,0.0388165523300657,0.01444298161383264,0.0388165523300657
1384.png,0.26709032358322854,0.364064699323708,0.03734568357467648,0.0727616548538208,0.1592163516388286,0.6267942583732058,0.10234723084366826,0.6267942583732058
1387.png,0.855056118298576,0.855056118298576,0.03203074932098384,0.0974366068840026,0.0008864990647950201,0.0044324953239751,0.0008864990647950201,0.0044324953239751
1388.png,0.870483303898125,-0.5829755876949589,0.0348873376846313,0.0682846307754516,0.01502488617195826,0.0543221907363004,-0.006703990122561901,0.0151719979245257
1397.png,0.8214444469971688,-0.8214444469971688,0.025677883625030463,0.0816570520401001,0.04547431178839441,0.0607631740116562,-0.04547431178839441,-0.0379734717084979
1398.png,0.30165718472759406,0.04096795097509149,0.024478757381439183,0.077789306640625,0.0052834324454254,0.0215403671020365,0.0033327143953891998,0.0215403671020365
1399.png,0.9357778562077602,0.9611506243136388,0.02213370800018304,0.069466233253479,0.01922316724548628,0.0737450025129001,0.015376150481282321,0.0737450025129001
1401.png,0.2577004164683267,0.19390391699050352,0.031860458850860564,0.0522137880325317,0.23288733942405804,0.5040938260677141,0.13851521146995388,0.5040938260677141
1402.png,0.36104125629485834,-0.36104125629485834,0.0348873376846313,0.0682846307754516,0.06771757537971924,0.3097307850390464,-0.06771757537971924,-0.0008924532516267
1406.png,0.6616356739229874,0.6537746487432483,0.031860458850860564,0.0522137880325317,0.07607753382001026,0.1383026090023466,0.07536955017709682,0.1383026090023466
1407.png,0.24228069543386918,-0.04829145083361877,0.02844647169113156,0.0920540690422058,0.13204484628284938,0.5105108001867752,0.10017789658295047,0.5105108001867752
1410.png,0.6071010683210679,0.6045121242471978,0.031860458850860564,0.0522137880325317,0.14551452879463525,0.7225130890052356,0.14349070680745898,0.7225130890052356
1411.png,0.9783681795819074,0.765018241178087,0.029674172401428157,0.0787618160247802,0.0304749374704896,0.0959964071713141,0.01878525841986236,0.0959964071713141
1425.png,0.35294332249647686,-0.35294332249647686,0.031860458850860564,0.0522137880325317,0.0008981804408558201,0.0022097448497945,-0.0008981804408558201,-0.0
1426.png,0.6729730212760169,0.6729730212760169,0.033224534988403276,0.0582412481307983,0.00030736901929426,0.0013170581723638,0.00030736901929426,0.0013170581723638
1435.png,0.9615623226827421,-0.9615623226827421,0.03203074932098384,0.0974366068840026,0.013691709160597459,0.0535771169710757,-0.013691709160597459,-0.0
1436.png,0.9892745024378661,-0.9892745024378661,0.02349050045013424,0.0881204605102539,0.00084599387171954,0.0029904130874549,-0.00084599387171954,-0.0
1437.png,0.9995186297482263,0.6136068788637795,0.027976334095001158,0.0826389789581298,0.00407495389949378,0.0131262881830479,0.0011755613737253802,0.0131262881830479
1442.png,0.362777881682859,-0.40240630281351314,0.03734568357467648,0.0727616548538208,0.05037037744284258,0.1363855997078364,-0.04846112680390298,0.004773126597349
1457.png,0.4418339242419314,0.39051241434852013,0.03572261333465572,0.0668973326683044,0.03939902430658416,0.1813155217410536,0.03312718438983728,0.1813155217410536
1458.png,0.04349426137951849,-0.5952819599862043,0.02213370800018304,0.069466233253479,0.02158716828480118,0.0661795497565895,0.004884651617834621,0.0661795497565895
1459.png,0.9936317124979489,0.6723187742225306,0.022797322273254338,0.0753979682922363,0.07549558547398724,0.2489486563284187,0.024083877057380236,0.2489486563284187
1461.png,0.7224535216037241,0.7224535216037241,0.031860458850860564,0.0522137880325317,0.00981085044911556,0.0357740014088882,0.00981085044911556,0.0357740014088882
1464.png,0.5971988667874715,0.5971988667874715,0.0348873376846313,0.0682846307754516,0.029271562645035044,0.0724097570305629,0.029271562645035044,0.0724097570305629
1465.png,0.0072981252483220165,0.9086141867981047,0.024511373043060263,0.0791950821876525,0.0005977320189555201,0.0008165343400722,-0.00036214197873364,0.0005889751005547
1466.png,0.15776374367230725,-0.11972866579198116,0.03572261333465572,0.0668973326683044,0.04595790478688936,0.1036490195376154,-0.04449347466719068,0.0036610752992467
1472.png,0.7640108455042496,-0.8076023106789095,0.025677883625030463,0.0816570520401001,0.0369769684298644,0.0804771286506994,-0.026938143047921238,0.0250970634548579
1477.png,0.8145235027011365,0.3465429220935178,0.031860458850860564,0.0522137880325317,0.0006590080652227401,0.0019824212174865,0.00026497443478589995,0.0019824212174865
1480.png,0.27177640238950057,-0.27177640238950057,0.02844647169113156,0.0920540690422058,0.00510296720186432,0.0127578812236126,-0.00510296720186432,-0.0008889461200867
1481.png,0.41872429788124843,0.30866571513483243,0.03572261333465572,0.0668973326683044,0.35003770385386257,0.6565706988623171,0.3252025375421465,0.6565706988623171
1482.png,0.9232816771377484,-0.7178378478306711,0.027976334095001158,0.0826389789581298,0.00304992839674332,0.0110550540787215,-0.0021683826672581202,0.002203864323713
1483.png,0.9158630736127005,0.9354054798190176,0.02213370800018304,0.069466233253479,0.009375738758288,0.0375173182173182,0.007476869123358559,0.0375173182173182
1484.png,0.27724984100059635,0.27724984100059635,0.02844647169113156,0.0920540690422058,0.027165788202530898,0.0336837015297751,0.027165788202530898,0.0336837015297751
1485.png,0.8799030801147063,0.8799030801147063,0.03203074932098384,0.0974366068840026,0.4626893075027592,0.9448535192955556,0.4626893075027592,0.9448535192955556
1488.png,0.7039208659765875,-0.7039208659765875,0.0348873376846313,0.0682846307754516,0.09293797657925373,0.129432414146052,-0.09293797657925373,-0.0239607544626255
1490.png,0.3791074506438912,0.6597672226219938,0.033224534988403276,0.0582412481307983,0.0171689075421262,0.03231548422695,0.013649051415096642,0.03231548422695
1491.png,-0.06266764778830207,0.06266764778830207,0.039940714836120564,0.0722882747650146,0.0368152124799338,0.0524155803499808,-0.0368152124799338,-0.0039835376989644
1492.png,0.3328477883254897,-0.3328477883254897,0.02844647169113156,0.0920540690422058,0.01910872493556046,0.0243819622704749,-0.01910872493556046,-0.0
1493.png,0.29422856050750235,0.29422856050750235,0.02981548309326166,0.0500947833061218,0.14244374742191646,0.3374178056425834,0.14244374742191646,0.3374178056425834
1495.png,-0.30947176971464163,0.30947176971464163,0.02844647169113156,0.0920540690422058,0.00019895083386079997,0.000994754169304,-0.00019895083386079997,-0.0
1496.png,-0.13783445987293885,-0.13783445987293885,0.02844647169113156,0.0920540690422058,0.03745551057687618,0.0901084242365116,0.03745551057687618,0.0901084242365116
1497.png,0.19550417667346404,-0.06983440806184064,0.02844647169113156,0.0920540690422058,0.00810860818578822,0.0371114942421033,-0.006735989511053099,0.0026925077337207
1498.png,0.7722733778801605,-0.6950074113137777,0.0348873376846313,0.0682846307754516,0.02518080041899524,0.0720353909171063,-0.0036333559478472803,0.017699526740815
150.png,0.8651280272341073,0.8645392145705281,0.035295987129211406,0.1309680938720703,0.1377046844976791,0.3702928562519063,0.1366653708085499,0.3702928562519063
1509.png,0.435603534062019,0.4335341305188924,0.02981548309326166,0.0500947833061218,0.020846618693236844,0.0831836601074833,0.01592741931759228,0.0831836601074833
1519.png,0.38293367017248303,0.34505873147044663,0.03572261333465572,0.0668973326683044,0.005190983568088679,0.0177250949041417,0.005034595308285319,0.0177250949041417
152.png,0.9931816384285443,0.9838143677752909,0.03349267244338986,0.1049474477767944,0.00039136255187002,0.0011429332057114,0.00033819843010886,0.0011429332057114
1529.png,0.10848845950804593,0.24473624562366394,0.02981548309326166,0.0500947833061218,0.0016412430943679001,0.0038438669577645,0.00010369631126209995,0.0021811742570375
1533.png,0.37112905311880673,0.37112905311880673,0.0348873376846313,0.0682846307754516,0.04750602555157936,0.193959636068034,0.04750602555157936,0.193959636068034
1534.png,0.35407337030507985,-0.35407337030507985,0.029674172401428157,0.0787618160247802,0.00193555552686148,0.0028475931686923,-0.00193555552686148,-0.0
1535.png,0.8811264809542273,-0.09154159680958031,0.03734568357467648,0.0727616548538208,0.026114293720607584,0.0333236084177823,0.006131881848327899,0.0333236084177823
1536.png,0.9653834185966957,-0.24392274410008472,0.03572261333465572,0.0668973326683044,0.013558982277836881,0.0313177186446467,-0.0053663186121266394,0.0202178379543481
1545.png,-0.24410422439036142,0.3391692532210258,0.03572261333465572,0.0668973326683044,0.06084863062652154,0.1570859138043362,-0.05438627696159063,0.0134938325857313
1546.png,0.7985769006321012,0.9196205341385184,0.022797322273254338,0.0753979682922363,0.1357339335797268,0.2641795317220994,-0.03006212089088703,0.2641795317220994
1547.png,0.33720241592052513,0.33720241592052513,0.028252577781677203,0.0831394791603088,0.00553844328612664,0.0169144642781267,0.00553844328612664,0.0169144642781267
1548.png,0.5719421254438094,-0.5711281359789216,0.02981548309326166,0.0500947833061218,0.0099114703035435,0.0451761817047035,-0.0081590023783379,0.002190584906507
1551.png,0.13306288207589714,-0.1808598353175188,0.03734568357467648,0.0727616548538208,0.12874072102753095,0.1969903062213481,0.09715602901014149,0.1969903062213481
1552.png,0.17481983125899359,-0.17481983125899359,0.024478757381439183,0.077789306640625,0.0388417300875873,0.1887821691888183,-0.0388417300875873,-0.0
1555.png,-0.024056872423241137,-0.024056872423241137,0.02741333246231072,0.0881147384643554,0.003113785434512,0.0094573439881988,0.003113785434512,0.0094573439881988
1559.png,-0.35410300218602314,-0.3812496019823496,0.022797322273254338,0.0753979682922363,0.01181421129527532,0.0216653685457838,0.0031480638769618005,0.0130725928425817
156.png,0.072305319236156,0.5682322437282932,0.04396893978118892,0.0905245542526245,0.0013393612180591194,0.0025361156891557,-0.0006873389682226806,0.0016152818936073
1560.png,0.09211628746689883,0.16745313633084458,0.03572261333465572,0.0668973326683044,0.00269749010506306,0.0049937760706723,0.0021675749119302997,0.0049937760706723
1563.png,0.4698688428994952,-0.4531163089385351,0.022797322273254338,0.0753979682922363,0.007208142861978581,0.0148212008905271,0.0034478379335680194,0.0148212008905271
1564.png,0.027804284832158885,-0.4231376052959882,0.02349050045013424,0.0881204605102539,0.03414622557153838,0.1029927208748749,0.02396957084042826,0.1029927208748749
1574.png,0.943337013342393,0.9406854249009642,0.024511373043060263,0.0791950821876525,0.0016503217297847799,0.0052272849035287,0.0004405922316267,0.0052272849035287
1575.png,0.9942244343990353,0.9758538462479713,0.02349050045013424,0.0881204605102539,0.0021395713320975797,0.0090879330882416,0.0014956019031990596,0.0090879330882416
1577.png,0.9901176836702568,0.9916529781090059,0.02349050045013424,0.0881204605102539,0.01368995561375182,0.0668671283714678,0.01333638898570102,0.0668671283714678
1579.png,0.9509371770415762,0.9509371770415762,0.022797322273254338,0.0753979682922363,0.00436862434601992,0.0112872160434713,0.00436862434601992,0.0112872160434713
1583.png,-0.12220313752636298,-0.11822115138390177,0.02981548309326166,0.0500947833061218,0.1797339536684072,0.8029421451311889,0.17575521414741707,0.8029421451311889
1585.png,0.9610128414763601,0.9577933823354148,0.025677883625030463,0.0816570520401001,0.051115409219352516,0.160347834190498,0.04961463672875716,0.160347834190498
1587.png,0.1833957152533567,-0.15601354377020393,0.028252577781677203,0.0831394791603088,0.08056375461218654,0.1993963250847424,0.06380095932576166,0.1993963250847424
1588.png,0.9268566097408655,0.9268566097408655,0.02844647169113156,0.0920540690422058,0.04069178940793982,0.1926147981843867,0.04069178940793982,0.1926147981843867
1590.png,0.05925999389279512,0.13139071974690258,0.024478757381439183,0.077789306640625,0.01136730248891666,0.0383727981324187,0.0073245133181555,0.0383727981324187
1591.png,0.44533220169636734,-0.529284132940356,0.02349050045013424,0.0881204605102539,0.16196925543150936,0.5053900907751602,0.040186780878554706,0.5053900907751602
1596.png,-0.40796183808907305,0.40796183808907305,0.024511373043060263,0.0791950821876525,0.0019342232429619202,0.0044502613747968,-0.0019342232429619202,-0.0
16.png,0.3175378210636802,-0.3175378210636802,0.03187206983566278,0.1023310422897338,0.01239461539985076,0.0206576923330846,-0.01239461539985076,-0.0
1600.png,0.7645548040192344,-0.6012996110153611,0.03572261333465572,0.0668973326683044,0.03463875574015122,0.1368655314193448,-0.020107456827586696,0.0194966278056497
1601.png,-0.4970721160104518,-0.012181329047812042,0.02741333246231072,0.0881147384643554,0.0362568316966337,0.081959467377907,0.017101989787896944,0.081959467377907
1619.png,0.13608821280895397,0.13608821280895397,0.02844647169113156,0.0920540690422058,0.00407661961423904,0.0195505254985332,0.00407661961423904,0.0195505254985332
1628.png,0.6967796014674342,-0.6075871276413848,0.024478757381439183,0.077789306640625,0.00202250853788744,0.0037195953218052,0.0005346704091653599,0.003196473683816
1629.png,0.34150951886924236,0.010948099597377636,0.022797322273254338,0.0753979682922363,0.04938347661374336,0.2065685641471167,-0.03391896548003548,0.0386612778342697
1630.png,0.8521288557917839,0.8521288557917839,0.031860458850860564,0.0522137880325317,0.00208064116075796,0.0033972143939025,0.00208064116075796,0.0033972143939025
1644.png,0.9112049725592526,0.9112049725592526,0.02213370800018304,0.069466233253479,0.0003434762846578,0.0008586907116445,0.0003434762846578,0.0008586907116445
1645.png,0.3898625924607188,0.3898625924607188,0.03734568357467648,0.0727616548538208,0.0057856432512965,0.0106481557410657,0.0057856432512965,0.0106481557410657
1646.png,0.03845800752810991,0.6581105990694304,0.024511373043060263,0.0791950821876525,0.00616809259737266,0.0122112026354155,-0.0036008695109597403,0.0064180577160323
1647.png,,,0.025677883625030463,0.0816570520401001,0.0,0.0,0.0,-0.0
1648.png,-0.07116756151558136,-0.5810295434889922,0.039940714836120564,0.0722882747650146,0.0004311257621811,0.0009695333513487,4.331242164162001e-05,0.0003953651531856
1656.png,0.9342139036778101,0.9342139036778101,0.02863475084304804,0.0918480157852172,0.005510101712633339,0.0275505085631667,0.005510101712633339,0.0275505085631667
1657.png,-0.08298692689425709,-0.08298692689425709,0.033224534988403276,0.0582412481307983,0.3089215924533078,0.7492103600758054,0.3089215924533078,0.7492103600758054
1665.png,0.6712724131143967,0.5516737649971284,0.02213370800018304,0.069466233253479,0.11697619742842565,0.1638564093046275,0.102785376172387,0.1638564093046275
1666.png,-0.8818000431064092,0.8839099551474097,0.02981548309326166,0.0500947833061218,0.0914870896855392,0.150447460015164,-0.08904986233265759,0.006093068382204
167.png,-0.2643070617897527,0.2643070617897527,0.05275908708572381,0.1153584718704223,0.00025927428966813576,0.0005124230472506,-0.00025927428966813576,-7.542513568026266e-05
1678.png,0.8923607210678882,0.8923607210678882,0.02981548309326166,0.0500947833061218,0.0006664083069531,0.0013054307708493,0.0006664083069531,0.0013054307708493
1684.png,0.2715834346370603,0.010646101899276355,0.022797322273254338,0.0753979682922363,0.106982799864654,0.4081366965012205,0.06952596661596747,0.4081366965012205
1685.png,-0.38885643219945115,-0.08597557966761292,0.02844647169113156,0.0920540690422058,0.22646983676973673,0.7542203908015419,0.12590572123846017,0.7542203908015419
1686.png,0.8946091368947058,-0.8946091368947058,0.02981548309326166,0.0500947833061218,0.0004673989801451756,0.0012440878384559,-0.0004673989801451756,-0.0
1689.png,,,0.031860458850860564,0.0522137880325317,0.0,0.0,0.0,-0.0
169.png,0.9991145039929383,0.9991145039929383,0.040342903137206954,0.1632764339447021,0.00010030466203802383,0.0004138822912337,0.00010030466203802383,0.0004138822912337
1696.png,-0.896364031170237,-0.896364031170237,0.028252577781677203,0.0831394791603088,0.00141927297599,0.0018746210502251,0.00141927297599,0.0018746210502251
1706.png,0.9966222256143711,0.5337157755382073,0.028252577781677203,0.0831394791603088,0.00445195705868834,0.0138571297905423,0.00109089485752858,0.0138571297905423
1715.png,,,0.029674172401428157,0.0787618160247802,0.0,0.0,0.0,-0.0
1716.png,0.3830354738729857,0.3527309432394865,0.0348873376846313,0.0682846307754516,0.08210957742980417,0.1495568698476298,0.08034581220356897,0.1495568698476298
1718.png,-0.7040263748846698,-0.7040263748846698,0.029674172401428157,0.0787618160247802,0.0105483379601615,0.0113550410478738,0.0105483379601615,0.0113550410478738
1727.png,0.989582394266935,-0.989582394266935,0.02349050045013424,0.0881204605102539,0.005517385744637097,0.0273377204424853,-0.005517385744637097,-0.0
1728.png,0.715509064671417,0.6087372814591829,0.0348873376846313,0.0682846307754516,0.01125895291637696,0.0251429152369653,0.008292452388900839,0.0251429152369653
1729.png,-0.08834497282252678,0.08834497282252678,0.03734568357467648,0.0727616548538208,0.055359391744771315,0.0838493450914278,-0.055359391744771315,-0.0132364396350336
1730.png,0.9109079416039308,0.9109079416039308,0.02844647169113156,0.0920540690422058,0.0350998049615668,0.1348763974204164,0.0350998049615668,0.1348763974204164
1734.png,-0.46504852514674744,-0.46504852514674744,0.033224534988403276,0.0582412481307983,0.0024750865431639396,0.0030596081142538,0.0024750865431639396,0.0030596081142538
1735.png,0.6736702587822916,-0.6736702587822916,0.039940714836120564,0.0722882747650146,8.973290844194e-05,0.0004486645422097,-8.973290844194e-05,-0.0
1736.png,0.9277959249853595,0.9277959249853595,0.02981548309326166,0.0500947833061218,0.06956400799064069,0.1046940494906043,0.06956400799064069,0.1046940494906043
174.png,0.2475214595690993,0.26902095940554815,0.03301832675933834,0.1377068758010864,0.00103894273646868,0.0035908461029113,0.00094985898461772,0.0035908461029113
1740.png,0.9916700863442871,-0.7024635682416881,0.02844647169113156,0.0920540690422058,0.00012463334662078,0.0004155441874373,-4.158432835414e-05,0.0002076225456666
1744.png,0.45343454511989223,-0.5741474239057378,0.025677883625030463,0.0816570520401001,0.00994676730888466,0.0167450770910698,-0.004903598495614181,0.0063039610165881
1746.png,0.8785607746064218,-0.8785607746064218,0.024511373043060263,0.0791950821876525,0.0345164748088903,0.0568535016713761,-0.0345164748088903,-0.0195088293237178
1752.png,0.4158073775472361,0.4158073775472361,0.03572261333465572,0.0668973326683044,0.0346631127275445,0.1733155636377225,0.0346631127275445,0.1733155636377225
1769.png,0.39335717305685486,-0.5112884425765483,0.03572261333465572,0.0668973326683044,0.0018524960404545001,0.0030685624020411,-0.00167959034028822,0.0004322642504157
1771.png,0.8550561182985758,-0.8550561182985758,0.03203074932098384,0.0974366068840026,7.892305323136e-05,0.0003946152661568,-7.892305323136e-05,-0.0
1773.png,0.8212540812239174,-0.3195593909483038,0.031860458850860564,0.0522137880325317,0.00117231081715966,0.0013066825555434,-0.00039570824949241993,0.0011933228575983
1774.png,0.8380123607169992,0.5596469541090452,0.02863475084304804,0.0918480157852172,0.00484987017244614,0.0076037404447502,0.00332806506369134,0.0076037404447502
1776.png,0.9960467266137999,0.996356486269195,0.02844647169113156,0.0920540690422058,0.00016959369861759352,0.0006350550381033,0.00016252949624104648,0.0006350550381033
1789.png,,,0.025677883625030463,0.0816570520401001,0.0,0.0,0.0,-0.0
1796.png,0.2430515260800255,0.2430515260800255,0.02213370800018304,0.069466233253479,0.16185622038440234,0.7755102040816326,0.16185622038440234,0.7755102040816326
1798.png,0.6993478319108231,0.6702598580409826,0.033224534988403276,0.0582412481307983,0.01481605784729394,0.0547662961456065,0.01333067361938206,0.0547662961456065
1807.png,0.639158809958019,-0.639158809958019,0.027976334095001158,0.0826389789581298,0.030693264273119643,0.0588735357541722,-0.030693264273119643,-0.0
1816.png,0.8550561182985759,-0.8550561182985759,0.03203074932098384,0.0974366068840026,0.00027708701156584,0.0013854350578292,-0.00027708701156584,-0.0
1824.png,0.8554718959208913,0.8540191142056658,0.03203074932098384,0.0974366068840026,0.06394963886962032,0.3149753732109914,0.06231850002797449,0.3149753732109914
1825.png,0.47469241538179435,0.21300525229032152,0.02349050045013424,0.0881204605102539,0.04426554890926378,0.0557414715353138,0.021968960295138257,0.0491206403297244
1826.png,0.954397762926708,0.954397762926708,0.03203074932098384,0.0974366068840026,0.01042233937444286,0.0348884940448346,0.01042233937444286,0.0348884940448346
1827.png,-0.792953340494092,-0.792953340494092,0.02349050045013424,0.0881204605102539,0.05607764225475548,0.0855652060899261,0.05607764225475548,0.0855652060899261
1829.png,0.5647863438643583,0.6100434354807822,0.02981548309326166,0.0500947833061218,0.00080633241041084,0.0031421626290951,0.0007610260162372,0.0031421626290951
183.png,-0.1426151510069189,-0.1426151510069189,0.05275908708572381,0.1153584718704223,0.0008734831147845006,0.0017183479621614,0.0008734831147845006,0.0017183479621614
1834.png,0.4348310023424725,-0.16873976728040202,0.031860458850860564,0.0522137880325317,0.0011527578342596999,0.0040784126691904,-0.0006030896938648601,0.0007521759153463
1835.png,-0.09741893347739355,0.09741893347739355,0.02349050045013424,0.0881204605102539,0.11978973142127691,0.5899306173278777,-0.11978973142127691,-0.0
1843.png,0.6579690086669793,-0.6579690086669793,0.06245465278625484,0.1296102404594421,0.13605234710438352,0.1700654338804794,-0.13605234710438352,-0.0
1847.png,0.5902483975939982,-0.9899682342162238,0.03641141653060908,0.1275869607925415,0.007983712189854001,0.0131633719331478,0.0027183634165948802,0.0083061563861436
1852.png,0.22757133430361828,0.22757133430361828,0.03942549228668208,0.1277832984924316,0.0012968288375611882,0.0064418446808596,0.0012968288375611882,0.0064418446808596
1853.png,0.30503611488031224,0.30503611488031224,0.04683814048767084,0.1625866293907165,0.5900632964200827,0.7091129357921658,0.5900632964200827,0.7091129357921658
1858.png,0.8057408002208637,0.7430299280263173,0.06332572698593136,0.1329491138458252,0.045909440400929605,0.0992949499128775,0.03816116877501024,0.0992949499128775
1863.png,-0.2842673841971695,-0.13421093307956605,0.04683814048767084,0.1625866293907165,0.029924725879852697,0.0870982689830243,0.004914581713357019,0.0870982689830243
1869.png,0.9837433367930792,0.9837433367930792,0.03699589967727658,0.1352231502532959,0.05571546560739452,0.2294356881147505,0.05571546560739452,0.2294356881147505
1879.png,0.1651980145579928,-0.18825167436024448,0.03283978700637814,0.1019666790962219,0.00134959903536764,0.0064684328881988,-0.00123777411991188,0.0002795622886394
1880.png,,,0.06332572698593136,0.1329491138458252,0.0,0.0,0.0,-0.0
1882.png,0.5875760946526773,0.5273680554197738,0.06350586414337153,0.1499526500701904,0.00908355635796576,0.0200831577978215,0.006765008224652159,0.0200831577978215
1886.png,0.8886330226702568,0.8886330226702568,0.03942549228668208,0.1277832984924316,0.00599573736978316,0.0299786868489158,0.00599573736978316,0.0299786868489158
1890.png,0.9909802847438841,-0.7330218567245808,0.0423491239547729,0.1468398571014404,0.08514578327347153,0.2436736103908768,-0.04053508313244493,0.1115267503525665
1894.png,-0.6066712938291368,0.6066712938291368,0.03978903293609614,0.1526007056236267,0.3169299509636285,0.5505421476040574,-0.3169299509636285,-0.0
1900.png,-0.11423647380341025,0.1316750272558287,0.06350586414337153,0.1499526500701904,0.04634155616304332,0.0806078805815493,-0.02760375157144304,0.0247775855343579
1901.png,0.20530529833976915,-0.2784691358405466,0.03283978700637814,0.1019666790962219,0.010629376525992279,0.0448850264817902,-0.00856585115885956,0.0023374600914909
1902.png,-0.08303707413625155,0.01765217662043729,0.03641141653060908,0.1275869607925415,0.0646014561623792,0.07539032032186,0.05179440039055268,0.07539032032186
1910.png,0.9612044691822423,0.9612044691822423,0.02994880676269528,0.1027552485466003,0.06370306973607902,0.3035881982651891,0.06370306973607902,0.3035881982651891
1911.png,0.7731200750269318,0.8850306128519343,0.027989506721496537,0.090997576713562,7.64457511255e-05,0.0002677956669924,3.0672515671459994e-05,0.0002677956669924
1917.png,0.5351863143594581,-0.672149798025776,0.06350586414337153,0.1499526500701904,0.00077264244415646,0.0014310071281677,0.00024536265982206,0.0014310071281677
1933.png,0.5758689487715112,0.5698989293011407,0.049422574043273874,0.1416006088256836,0.16429673626742097,0.2423954372623574,0.12657778844740789,0.2423954372623574
1941.png,-0.2065998194787217,-0.493504369715092,0.041266942024230924,0.1147438883781433,0.02409486600881894,0.078809002058411,0.013436332987166741,0.078809002058411
1949.png,0.0831395014898831,0.6763624442242151,0.038952028751373255,0.1407572031021118,0.011838799879663159,0.0227361145013527,-0.007480213538743679,0.0108964658522987
1950.png,0.12201613926422944,-0.12201613926422944,0.03223639726638788,0.0671934485435485,0.00023976361333896,0.0005994090333474,-0.00023976361333896,-0.0
1951.png,0.18261766966198345,-0.18261766966198345,0.03223639726638788,0.0671934485435485,0.00025332203847728,0.0004073023968385,-0.00025332203847728,-0.0
1955.png,0.15389862496222909,0.07100436150029188,0.06016255617141719,0.1386597752571106,0.019443462788115762,0.0331585962417221,0.01772009935715304,0.0331585962417221
1957.png,0.10585427026709131,-0.10585427026709131,0.03699589967727658,0.1352231502532959,8.950608163521163e-05,0.0003376180655316,-8.950608163521163e-05,-0.0
1978.png,-0.5251726239003802,-0.5708946016894817,0.03978903293609614,0.1526007056236267,0.16953359644252278,0.3877263087772147,0.16248720036868008,0.3877263087772147
198.png,-0.007183172603847675,-0.007011656141904461,0.04182748794555658,0.1582962274551391,0.017985230990709818,0.0885370409068073,0.0174295853720131,0.0885370409068073
1981.png,0.9545128533291848,0.5344535765433873,0.06332572698593136,0.1329491138458252,0.0071192212867706205,0.017679994090382,-4.722365061781974e-05,0.017679994090382
1984.png,-0.08114964502948538,0.08114964502948538,0.06350586414337153,0.1499526500701904,0.05657983562618927,0.0709251991510752,-0.05657983562618927,-0.0313439279149576
1986.png,0.11199785328672787,0.11199785328672787,0.049422574043273874,0.1416006088256836,0.00033733923676998,0.0016866961838499,0.00033733923676998,0.0016866961838499
1988.png,0.414096999233385,0.414096999233385,0.03716832399368284,0.1163173913955688,0.09020417520014093,0.365985576923077,0.09020417520014093,0.365985576923077
2002.png,0.8743588313780353,-0.921572662600509,0.027989506721496537,0.090997576713562,0.00776098931179358,0.0301421778897454,-0.00489916492139466,0.0071545609759973
2003.png,0.5111088188155491,0.5111088188155491,0.06245465278625484,0.1296102404594421,0.04337932879640546,0.0692543109816584,0.04337932879640546,0.0692543109816584
2006.png,0.28358797548696024,-0.28358797548696024,0.02994880676269528,0.1027552485466003,0.0183239646902687,0.0548990998937279,-0.0183239646902687,-0.0031170539534441
2007.png,0.5105709573908087,-0.813956120980195,0.06350586414337153,0.1499526500701904,0.00848218916868502,0.0090674236240361,0.0050043840770255,0.0090674236240361
2008.png,0.9063432640885162,0.9063432640885162,0.06350586414337153,0.1499526500701904,0.0705605838889167,0.2383605211475811,0.0705605838889167,0.2383605211475811
2009.png,0.6095087428839464,-0.6095087428839464,0.05120252370834346,0.1217802762985229,0.02311693490484856,0.0288961686310607,-0.02311693490484856,-0.0
2014.png,0.07376931703764697,0.11789366139953653,0.049422574043273874,0.1416006088256836,0.06813023913747009,0.3025435980800829,0.058784427087663405,0.3025435980800829
2026.png,0.9959918050213791,0.995322253180506,0.03283978700637814,0.1019666790962219,0.24241778642194153,0.8911511354737667,0.23902693949620657,0.8911511354737667
2029.png,0.8889957628950166,0.5745106036919283,0.06016255617141719,0.1386597752571106,0.0249486815571556,0.0703002703168144,0.018091024290269642,0.0703002703168144
2031.png,-0.6433056943289667,-0.6319439005502016,0.04683814048767084,0.1625866293907165,0.01341352793681822,0.0222178191502346,0.0095723912855387,0.0222178191502346
2039.png,0.913396658153427,-0.9073966907945178,0.03942549228668208,0.1277832984924316,0.0017600144115985199,0.0021656474167472,3.552439383752003e-05,0.0015423364481463
2055.png,0.4464815886847103,-0.2738321119144683,0.03223639726638788,0.0671934485435485,0.013700183704406042,0.0211799401554234,0.009014528518671641,0.0211799401554234
2062.png,0.9868631115622978,0.9868631115622978,0.03699589967727658,0.1352231502532959,0.00028053930726921995,0.0006944685056273,0.00028053930726921995,0.0006944685056273
2064.png,0.9852671843761839,-0.9852671843761839,0.0423491239547729,0.1468398571014404,0.0031092977309507596,0.0066659907649858,-0.0031092977309507596,-0.0017086129992851
2065.png,0.990015013932413,-0.7104158875667228,0.03716832399368284,0.1163173913955688,0.0025356970700097597,0.0094526026110711,-0.00124534397441868,0.0032258827389777
2066.png,0.43013814083357116,-0.43013814083357116,0.06016255617141719,0.1386597752571106,0.3012825018939768,0.565123533917582,-0.3012825018939768,-0.0189477210387954
2075.png,0.7766453105297414,-0.2906154233024514,0.03716832399368284,0.1163173913955688,0.14826414369837143,0.4147178329571106,0.03064096869881241,0.4147178329571106
2076.png,-0.19693224518236985,-0.3662606897644822,0.03641141653060908,0.1275869607925415,0.22625917741328844,0.5238944429433486,0.16584801634524363,0.5238944429433486
2082.png,0.3227373330753765,-0.936125992296489,0.038952028751373255,0.1407572031021118,0.02042383161743582,0.0280040739960358,0.00663097953324718,0.0225456759589025
2108.png,0.15959223563938074,-0.2778936781762269,0.03699589967727658,0.1352231502532959,0.03697868800958196,0.1299168191822399,0.025304364188859042,0.1299168191822399
211.png,0.05265049455272481,0.2988443116593715,0.034012901782989456,0.1141921281814575,0.04183210490828704,0.134963112298188,0.019222091818433158,0.134963112298188
2110.png,0.9947244836182245,-0.9109731902810345,0.03699589967727658,0.1352231502532959,0.0007511900380951801,0.001667423230121,8.422074604678e-05,0.0008355999765895
2118.png,0.09761974209841318,0.8839967528752617,0.03699589967727658,0.1352231502532959,0.0017553285092017398,0.002443341521325,-0.00109280876196634,0.0016562993680885
2127.png,-0.5019785957494811,-0.01640896904783625,0.04683814048767084,0.1625866293907165,0.027385905772986042,0.045464577355992,0.00920007483058924,0.0392283696861246
2136.png,0.8147882241866755,0.7297836056189383,0.05120252370834346,0.1217802762985229,0.012291804973396459,0.026958636980126,0.0017005775242833802,0.026958636980126
2137.png,0.8362959696682499,-0.8362959696682499,0.041266942024230924,0.1147438883781433,0.0386179581438864,0.0824071843799374,-0.0386179581438864,-0.0
2148.png,0.9975121751226071,-0.9928671391848928,0.04683814048767084,0.1625866293907165,0.0005890299289920606,0.0024767296901853,-0.0005388753521340193,8.360893604819619e-05
217.png,0.9931343541943551,0.990197253355653,0.03301832675933834,0.1377068758010864,0.04105966178776453,0.1976838742348435,0.03801388790617286,0.1976838742348435
2170.png,-0.13310853232365938,0.13310853232365938,0.03223639726638788,0.0671934485435485,0.0006146237149917799,0.0025418695557257,-0.0006146237149917799,-0.0
2176.png,0.7673048886451865,-0.7726426850956718,0.041266942024230924,0.1147438883781433,0.02109958142511846,0.0788122595950342,-0.01885151075702994,0.0056201766702213
2178.png,0.4584889598673604,0.012481165504334498,0.03716832399368284,0.1163173913955688,0.02557732745627988,0.1025594676864644,0.0156087160816818,0.1025594676864644
2182.png,0.997021058128346,-0.997021058128346,0.03283978700637814,0.1019666790962219,0.0035546304540146,0.0129651384225309,-0.0035546304540146,-0.0
2188.png,0.7995248312858976,-0.936227318168725,0.03942549228668208,0.1277832984924316,0.00030131083034028,0.0005756356456617,-6.807598014356e-05,0.0002915435627459
2208.png,0.6347723958203519,-0.10672359001278603,0.06016255617141719,0.1386597752571106,0.05770422761117562,0.0938683040109847,0.020156906006781744,0.0633308769846311
2211.png,0.4161922954890929,0.21196428328200864,0.04451458454132076,0.098610520362854,0.04493265822345076,0.128599645193239,0.012740427500553878,0.128599645193239
2213.png,0.5461150245796815,-0.5858302648330023,0.05120252370834346,0.1217802762985229,0.0075613445600233795,0.0226366274745839,-0.00641389962923782,0.0012618663281054
2214.png,-0.1439566892038382,0.4471986057373628,0.03942549228668208,0.1277832984924316,0.00114841288638098,0.0035320297648758,-0.00026439901956934003,0.0018316860763776
2221.png,0.9914893557280231,0.9914893557280231,0.04683814048767084,0.1625866293907165,0.0031106595816492,0.0092036295251561,0.0031106595816492,0.0092036295251561
2226.png,0.947075758301699,-0.8839452523415176,0.049422574043273874,0.1416006088256836,0.0019026859063511,0.0078584352035737,-0.00164678194314794,0.0006397599080079
2227.png,-0.5183614001207109,-0.38471183792299596,0.06245465278625484,0.1296102404594421,0.0171032526443319,0.0237176521603736,-0.0105130461146003,0.016475516324329
223.png,0.39789107527787004,0.39774449252134847,0.04615350961685179,0.1555303335189819,0.02470398242487218,0.0336977612295222,0.024677611656307625,0.0336977612295222
2237.png,0.9086411067402728,-0.9086411067402728,0.03641141653060908,0.1275869607925415,0.042808045970177636,0.0603959581133518,-0.042808045970177636,-0.0345369647263738
2241.png,0.5197525628361946,0.5892378737153852,0.03716832399368284,0.1163173913955688,0.01582588956953812,0.0319703237007129,0.01075003543093756,0.0319703237007129
2244.png,-0.4434681950800875,-0.8060107383992197,0.03716832399368284,0.1163173913955688,0.01877289637814242,0.0372243101169812,0.01231382967105846,0.0372243101169812
2245.png,0.8533897249295517,-0.8533897249295517,0.06332572698593136,0.1329491138458252,0.0089980939279167,0.0409548756164702,-0.0089980939279167,-0.0
2246.png,0.9617459130087361,0.9617459130087361,0.0423491239547729,0.1468398571014404,0.00013784063549612,0.0006892031774806,0.00013784063549612,0.0006892031774806
2248.png,0.13502869936504822,-0.13502869936504822,0.06245465278625484,0.1296102404594421,0.00133099617995174,0.0030463488620905,-0.00133099617995174,-0.0
2259.png,0.1769436248344109,-0.17627111162503678,0.03283978700637814,0.1019666790962219,0.00408610757747276,0.0186542121038486,-0.0033755772640666802,0.0013818234760119
2272.png,0.34577184976824665,-0.7606207472667612,0.03223639726638788,0.0671934485435485,0.02199068933284788,0.0365335533764463,0.00425493090823668,0.0365335533764463
2277.png,0.9779735140677362,0.96374427074256,0.03699589967727658,0.1352231502532959,0.04020650083753932,0.1167510810404602,0.028610404415117557,0.1167510810404602
2278.png,0.8843984254306135,0.8843984254306135,0.03716832399368284,0.1163173913955688,0.09762781234364007,0.4881390617182003,0.09762781234364007,0.4881390617182003
228.png,0.9089362239592769,-0.7739186655887813,0.03187206983566278,0.1023310422897338,0.00236594746927206,0.0069243405824888,-0.0017009594949879002,0.0014902104198849
2293.png,0.9006341593212512,0.9006341593212512,0.03641141653060908,0.1275869607925415,0.06090900242359145,0.1892003230189606,0.06090900242359145,0.1892003230189606
2326.png,0.47909778726869534,-0.48896827485506295,0.03699589967727658,0.1352231502532959,0.044090876042802964,0.1187414582638124,-0.040562216719406116,0.0088216483084921
233.png,-0.07034238489685583,0.07034238489685583,0.03187206983566278,0.1023310422897338,0.00038211109341649007,0.0006381948646787,-0.00038211109341649007,-2.9390539362350587e-05
234.png,-0.746402887928295,-0.3461860935114513,0.03400695323944086,0.125470221042633,0.0036809279715158605,0.0049545589883124,0.00017520810331882013,0.0049545589883124
2344.png,0.8138625965577793,0.8165149530084581,0.041266942024230924,0.1147438883781433,0.047987414546804295,0.12559478016745,0.03863159082715534,0.12559478016745
2353.png,0.25770651317596777,0.25770651317596777,0.03716832399368284,0.1163173913955688,0.059386207386898635,0.2608132355036884,0.059386207386898635,0.2608132355036884
2364.png,0.3483630028025724,0.3048671812063663,0.041266942024230924,0.1147438883781433,0.0029371597633569,0.0067448698582023,0.00184689190736338,0.0067448698582023
238.png,0.0026971962361397642,0.3121333929106022,0.04615350961685179,0.1555303335189819,0.15015913682005536,0.2282526144977852,0.058858091020941264,0.2233923954553002
2384.png,0.94361933009155,-0.94361933009155,0.03223639726638788,0.0671934485435485,0.01336459679295166,0.0342358228855292,-0.01336459679295166,-0.0
2386.png,0.9675286257668125,-0.9523575719156091,0.03699589967727658,0.1352231502532959,0.02397213778195596,0.0739017429330625,-0.01569800181427028,0.0206853399192142
2388.png,0.9182559865407933,-0.9122867475867912,0.041266942024230924,0.1147438883781433,0.07324357441823579,0.1773482488201171,-0.07067963186347617,0.006409856386899
2389.png,-0.7221036176350217,-0.7221036176350217,0.06245465278625484,0.1296102404594421,0.16685305789052726,0.2402600197008707,0.16685305789052726,0.2402600197008707
2392.png,-0.0251292682515094,0.16642050878680126,0.03978903293609614,0.1526007056236267,0.060561435151866,0.2820683151607236,-0.05226589091242344,0.0207388605986064
2395.png,0.6320044731683995,0.6320044731683995,0.06245465278625484,0.1296102404594421,0.18797251387718295,0.636604348872663,0.18797251387718295,0.636604348872663
2399.png,0.9506877660396438,-0.7691534938379652,0.03942549228668208,0.1277832984924316,0.05714433324399344,0.2198993281651627,-0.039783203527134714,0.0434028242921468
2400.png,-0.10080010788021285,0.23113366673108313,0.049422574043273874,0.1416006088256836,0.0146653580653603,0.0347370851771663,-0.0007705239944937783,0.0347370851771663
2401.png,0.9491357881961053,-0.9491357881961053,0.040794754028320265,0.1305733323097229,0.08795745697259467,0.3789627246618021,-0.08795745697259467,-0.0
2406.png,0.20361646129527392,-0.41482188199130016,0.06016255617141719,0.1386597752571106,0.00022782931591340452,0.0008309004612651,-0.0001235101425862045,0.000130398966659
2423.png,0.4938108047329275,0.4938108047329275,0.06332572698593136,0.1329491138458252,0.07090437631967125,0.1674687177290549,0.07090437631967125,0.1674687177290549
2424.png,0.9571446778602777,0.8364855570655614,0.027989506721496537,0.090997576713562,0.027834617642445318,0.1172983445529415,0.01908472017873128,0.1172983445529415
2430.png,-0.33591217305439963,0.6514940247670664,0.041266942024230924,0.1147438883781433,0.00228935989391056,0.0040765023940801,-0.00097184202135352,0.0018217385529178
2442.png,0.6819461366453536,0.718428011588993,0.02994880676269528,0.1027552485466003,0.0047272323680428805,0.0111603296119433,0.0030580244416532,0.0111603296119433
2459.png,0.29787421479198906,0.09148323948623635,0.041266942024230924,0.1147438883781433,0.045420185176938396,0.0620181457055182,0.021849024503503955,0.0620181457055182
246.png,,,0.03301832675933834,0.1377068758010864,0.0,0.0,0.0,-0.0
2472.png,0.7832264197942794,-0.7990283539639721,0.03223639726638788,0.0671934485435485,0.0010454363280033398,0.0020659168807277,-0.00018145600973454003,0.0014759517886776
2474.png,0.615540176734459,0.11647226260853119,0.06350586414337153,0.1499526500701904,0.00917923838293122,0.0110375943008023,0.005417205251522461,0.0110375943008023
2486.png,0.30814712241495784,-0.896062043368317,0.05120252370834346,0.1217802762985229,0.01786039911985722,0.0315038438137914,-0.00466195890560946,0.0313936326238105
2489.png,0.28167219096325463,0.28167219096325463,0.04451458454132076,0.098610520362854,0.05732001676376276,0.0871936184305353,0.05732001676376276,0.0871936184305353
25.png,0.8089987441768405,0.8089987441768405,0.035295987129211406,0.1309680938720703,0.014348817467850319,0.0358720436696258,0.014348817467850319,0.0358720436696258
2503.png,0.9987797749801168,-0.9477098748921013,0.03978903293609614,0.1526007056236267,0.01472281357808578,0.0622668658649495,-0.010183932767894019,0.0113472020254794
2504.png,0.39501551197420837,0.35508947398048046,0.049422574043273874,0.1416006088256836,0.04798892168457628,0.1336021510191831,-0.02688363114353588,0.052763226352601
2511.png,-0.2846321315131498,0.7456017297598013,0.03978903293609614,0.1526007056236267,0.09021094835948898,0.1524703962661465,-0.06804961282845035,0.0554033388275966
2520.png,-0.25312404202914507,0.25312404202914507,0.03641141653060908,0.1275869607925415,0.009447374203042999,0.0170275334135213,-0.009447374203042999,-0.0053339852983435
2522.png,0.8976286075665814,-0.6813216663357452,0.03699589967727658,0.1352231502532959,0.00016938656909044487,0.0004537467370794,-3.965878434516487e-05,0.0003243194618632
2523.png,0.9932541156684206,-0.9932541156684206,0.03223639726638788,0.0671934485435485,0.0008544169561128601,0.0019173530869621,-0.0008544169561128601,-0.0
2532.png,-0.633808995349286,-0.8976423617913417,0.041266942024230924,0.1147438883781433,0.061154951682781566,0.1110614672249793,0.04593955668748112,0.1110614672249793
2533.png,-0.2890342556517099,0.2890342556517099,0.049422574043273874,0.1416006088256836,0.019906959634647177,0.0356605861872934,-0.019906959634647177,-0.0018442343720291
2537.png,-0.12261819678196403,0.13440093219776417,0.02994880676269528,0.1027552485466003,0.05017126179026362,0.1153610248130655,-0.004030912169290218,0.1089837504233459
2542.png,0.9705804578423667,0.9703582003257211,0.03699589967727658,0.1352231502532959,0.1233262445421015,0.6154960289371405,0.12320822687118724,0.6154960289371405
2545.png,0.7850649010288223,0.7850649010288223,0.03699589967727658,0.1352231502532959,0.00229688908325152,0.0048070585296023,0.00229688908325152,0.0048070585296023
2555.png,0.7885732068983574,-0.7885732068983574,0.04451458454132076,0.098610520362854,0.0241087485454353,0.1205437427271765,-0.0241087485454353,-0.0
2556.png,0.7234473579845608,0.7234473579845608,0.041266942024230924,0.1147438883781433,0.007182820636211701,0.0215519587161585,0.007182820636211701,0.0215519587161585
2557.png,0.5628302313809914,0.4154235258766605,0.03716832399368284,0.1163173913955688,0.00063405150941438,0.0007677068504906,-1.988602902190002e-05,0.0007677068504906
256.png,-0.8030358585622326,0.8973123502697476,0.038107013702392514,0.1235097646713256,0.0005237927493302399,0.0008730884928934,-0.0004769407916604,0.0001171298941746
2565.png,0.9754852609723775,-0.7599740207338387,0.040794754028320265,0.1305733323097229,0.0911396887167955,0.3559808958215399,-0.05125266961182047,0.0930533849590078
2575.png,0.8739783917913287,0.8654215970989002,0.06350586414337153,0.1499526500701904,0.010339345591548522,0.0427575029975192,0.009436101147006321,0.0427575029975192
2577.png,-0.03053402577094471,0.3645570103458614,0.06016255617141719,0.1386597752571106,0.0123874434893754,0.0202621229454332,-0.0042825943112021194,0.0202621229454332
2581.png,0.9519143735355021,0.9519143735355021,0.03283978700637814,0.1019666790962219,0.050095712643755674,0.1111028246949297,0.050095712643755674,0.1111028246949297
2582.png,0.8854479955064587,0.8854479955064587,0.03942549228668208,0.1277832984924316,0.02507586796090666,0.095766928657535,0.02507586796090666,0.095766928657535
2589.png,0.7204512041897639,-0.7204512041897639,0.06016255617141719,0.1386597752571106,0.11239265888043717,0.2333268567682532,-0.11239265888043717,-0.0
2590.png,0.9034000192535903,-0.9034000192535903,0.027989506721496537,0.090997576713562,0.01812181329502344,0.0906090664751172,-0.01812181329502344,-0.0
2591.png,0.8417523548760932,-0.812693612315232,0.03942549228668208,0.1277832984924316,0.10934877714495086,0.3997966930931763,-0.10525143352098192,0.0102433590599224
2592.png,0.299254740344373,0.299254740344373,0.03283978700637814,0.1019666790962219,0.03184381777552072,0.1184747393026816,0.03184381777552072,0.1184747393026816
2593.png,0.8243478199902226,0.7904389097963637,0.03978903293609614,0.1526007056236267,0.005708217260159259,0.0124757974188332,0.0042951729671643,0.0124757974188332
2594.png,-0.22794850214566628,-0.30040530281600936,0.05120252370834346,0.1217802762985229,0.00582284680528834,0.0102995691580451,0.005589341214285939,0.0102995691580451
2602.png,0.9999102689289339,0.9951511430174995,0.03283978700637814,0.1019666790962219,0.04500868974930846,0.1518084131278757,0.042268024561553694,0.1518084131278757
2605.png,0.6859002436444868,-0.3702015181914659,0.06350586414337153,0.1499526500701904,0.13644182891571893,0.3872537659327926,0.02018353772850512,0.3872537659327926
2608.png,0.9145898294175957,-0.8560894660057609,0.040794754028320265,0.1305733323097229,0.01974846554138484,0.0926645852440206,-0.0173173685562234,0.0060777424629036
2609.png,0.7721723375836076,-0.7721723375836076,0.06332572698593136,0.1329491138458252,0.32680480404462686,0.5692493601034843,-0.32680480404462686,-0.0040620427410768
262.png,0.7067308934693188,0.3549714041332021,0.034012901782989456,0.1141921281814575,0.0006920811705892999,0.001361622468765,9.704949579945996e-05,0.0011386787046686
2623.png,0.6976385427091439,-0.6976385427091439,0.03942549228668208,0.1277832984924316,0.26528047134136346,0.487466850447115,-0.26528047134136346,-0.0
263.png,0.7869386563080709,-0.7869386563080709,0.035295987129211406,0.1309680938720703,0.00039965420425911775,0.0006664723096623,-0.00039965420425911775,-9.404258653988862e-05
2656.png,0.7746849906156178,0.8147335279761653,0.06016255617141719,0.1386597752571106,0.041985068362914435,0.1281226444942589,0.01604682259483364,0.1281226444942589
2660.png,0.9805620935530016,-0.9805620935530016,0.03942549228668208,0.1277832984924316,0.009203228952951,0.0360574444080091,-0.009203228952951,-0.0
2680.png,0.9941994997500508,-0.9257382049444149,0.03699589967727658,0.1352231502532959,0.00297850712301314,0.012613277133825,-0.0022488638848953404,0.0018241080952945
2685.png,0.8990930549161247,-0.8901537999882944,0.02994880676269528,0.1027552485466003,0.00093170331661592,0.0019393052687439,-0.00030974700675184,0.0007774453873301
2701.png,-0.2154622238373174,0.025555519795684642,0.03978903293609614,0.1526007056236267,0.0005864474648910399,0.0012555392187415,8.423177739443999e-05,0.0007337111618266
2703.png,-0.9073367171231608,0.7812546866111234,0.06332572698593136,0.1329491138458252,0.09623750924829905,0.1469095298644904,-0.0742578330266712,0.0459488141403895
2705.png,0.4558460244237457,0.37736372774723287,0.03223639726638788,0.0671934485435485,0.059601795562893044,0.2826681206921031,0.0534654527139482,0.2826681206921031
2706.png,0.9511372647186921,0.9524142942294876,0.02994880676269528,0.1027552485466003,0.0599489293958676,0.2948122324795005,0.0579759635959326,0.2948122324795005
2716.png,0.7602386779058032,0.7602386779058032,0.03978903293609614,0.1526007056236267,0.06584754131924982,0.1693432529479326,0.06584754131924982,0.1693432529479326
2720.png,-0.4340499479924932,0.4340499479924932,0.06332572698593136,0.1329491138458252,0.20115981955483422,0.2461621607208817,-0.20115981955483422,-0.1054113739881476
2721.png,0.8364054342943654,0.8397347095856811,0.06016255617141719,0.1386597752571106,0.16973891285911044,0.7765133403461796,0.1677287745084498,0.7765133403461796
2723.png,0.8531957676675345,0.8531957676675345,0.027989506721496537,0.090997576713562,0.01144563039301932,0.0142408183994153,0.01144563039301932,0.0142408183994153
2740.png,0.55604273725821,-0.5555497024068412,0.03699589967727658,0.1352231502532959,0.07900416578184058,0.1977481645596057,-0.07889361702140582,0.0002763719010869
2752.png,0.7448019336773476,0.7686315434876385,0.03699589967727658,0.1352231502532959,0.07007357633749209,0.1086044663186539,0.01461220359668568,0.1086044663186539
2754.png,0.6896411080907442,-0.6907134123228141,0.06332572698593136,0.1329491138458252,0.19911598865435848,0.2479004799349664,-0.19368147671588543,0.0135862798461827
2766.png,0.04735093827950645,0.5784201269710217,0.03283978700637814,0.1019666790962219,0.0353032295912313,0.0784217260856335,0.00367846852909338,0.0784217260856335
2768.png,0.3353751302692285,-0.8064460373090415,0.03641141653060908,0.1275869607925415,0.04132585850223132,0.0735545606761918,0.02220390185536324,0.0735545606761918
2771.png,0.8942922861137623,0.8909149481536205,0.038952028751373255,0.1407572031021118,0.07405145442593959,0.1845562009191512,0.07300745997689881,0.1845562009191512
2781.png,-0.18071937589542858,0.8417433999824369,0.03978903293609614,0.1526007056236267,0.013281321255035899,0.0229887497636992,-0.00836478689801942,0.0122913358925412
2782.png,0.5587677869743414,-0.9784862478069715,0.03641141653060908,0.1275869607925415,0.0014719452273738599,0.0026508954813734,0.00041158703482449993,0.0016347897176756
2784.png,0.557283563007772,-0.1570333620350097,0.03942549228668208,0.1277832984924316,0.08495464789342036,0.2046993188984546,0.01810838973361164,0.2046993188984546
2787.png,0.9783033101554064,0.9783033101554064,0.03978903293609614,0.1526007056236267,0.03650666284200244,0.0954295567966846,0.03650666284200244,0.0954295567966846
2794.png,0.5956846867978858,0.5956846867978858,0.03716832399368284,0.1163173913955688,0.010302594606736859,0.0202409183623056,0.010302594606736859,0.0202409183623056
28.png,0.2463201872638197,0.2463201872638197,0.03349267244338986,0.1049474477767944,0.014449711826624,0.0429794112510418,0.014449711826624,0.0429794112510418
2801.png,0.5183979971094397,-0.32823257466267314,0.03223639726638788,0.0671934485435485,0.07409527507764642,0.2294215920162159,-0.01767336172883994,0.055107178993623
2807.png,0.9480413622468772,0.9480413622468772,0.040794754028320265,0.1305733323097229,0.00241776409784764,0.0061484067755475,0.00241776409784764,0.0061484067755475
2810.png,0.894785598594755,0.8736803556453249,0.03716832399368284,0.1163173913955688,0.02833090108260312,0.138413711557585,0.027034583540430878,0.138413711557585
2816.png,0.11199785328672783,-0.11199785328672783,0.049422574043273874,0.1416006088256836,0.1809099586382437,0.9045497931912184,-0.1809099586382437,-0.0
2825.png,0.9207050393287031,0.9207050393287031,0.03978903293609614,0.1526007056236267,0.00025100585363536004,0.0008091845960207,0.00025100585363536004,0.0008091845960207
2827.png,0.379672186809755,0.379672186809755,0.03699589967727658,0.1352231502532959,0.1491766285880563,0.5044404918488765,0.1491766285880563,0.5044404918488765
2835.png,0.7105961738555001,0.7105961738555001,0.06350586414337153,0.1499526500701904,0.1285278416252021,0.2857473905401557,0.1285278416252021,0.2857473905401557
284.png,0.7799521225528658,0.6010143347983871,0.03642914295196526,0.1130691766738891,0.00098534586373786,0.0024954828601392,-1.284728031782003e-05,0.0024312464585501
2846.png,0.9115707125283107,0.9115707125283107,0.03716832399368284,0.1163173913955688,0.04254557216169768,0.2000930971637845,0.04254557216169768,0.2000930971637845
2866.png,0.5473604699409226,0.259363238360716,0.027989506721496537,0.090997576713562,0.02958037272997368,0.0858802668793382,-0.01347474844438272,0.038455791954068
2871.png,0.21902548959064497,-0.24412135205786448,0.03942549228668208,0.1277832984924316,0.0005260944209390245,0.0025054213247898,-0.00048708305806959007,4.876420358679301e-05
2875.png,0.695477125290814,-0.5495803042480969,0.06016255617141719,0.1386597752571106,0.0015162983893382402,0.0021337956147921,0.0006627801434213999,0.0018158987772997
2877.png,0.6623689744503877,0.6923910240664091,0.041266942024230924,0.1147438883781433,0.0111261185505567,0.0345380627034116,0.00950967066129262,0.0345380627034116
2878.png,0.9991820640475306,0.9401179828281222,0.03978903293609614,0.1526007056236267,0.01001154249430524,0.0356908020635674,0.00517949050611672,0.0356908020635674
2882.png,0.7621452085582666,-0.5706030706875125,0.03978903293609614,0.1526007056236267,0.056964518017159335,0.1098056795965417,-0.017349650901786976,0.0990371677884309
2883.png,0.3831010858653939,-0.025997328483504036,0.03283978700637814,0.1019666790962219,0.03373216000630582,0.1360731351601314,0.021836501999371545,0.1360731351601314
2884.png,-0.8943051421514698,0.8943051421514698,0.03283978700637814,0.1019666790962219,0.00210295272092698,0.0032345877262184,-0.00210295272092698,-0.0003617202853049
2885.png,-0.43109265373911976,0.763449010925743,0.041266942024230924,0.1147438883781433,0.21216797302995832,0.3819060120458223,-0.12202863178666987,0.1306361284273287
2886.png,0.5013299584024742,0.5013299584024742,0.041266942024230924,0.1147438883781433,0.11056488408132244,0.2947532313077355,0.11056488408132244,0.2947532313077355
2891.png,0.7106545720811787,-0.7106545720811787,0.06332572698593136,0.1329491138458252,0.00068350332391034,0.001413078319019,-0.00068350332391034,-0.0
2895.png,0.48795430237758336,0.48795430237758336,0.06332572698593136,0.1329491138458252,0.00277754661538016,0.0104436221861416,0.00277754661538016,0.0104436221861416
2897.png,-0.08061372575547114,-0.19859965573549462,0.05120252370834346,0.1217802762985229,0.0003208859470184213,0.0010191276778345,0.00019704837326421868,0.0010191276778345
2898.png,0.6968355658580243,0.6862451761344254,0.03716832399368284,0.1163173913955688,0.00051319737711432,0.0008880348406689,0.0003426082210664,0.0008880348406689
2910.png,0.8168441679583914,-0.8168441679583914,0.06016255617141719,0.1386597752571106,0.00299472519993192,0.0149736259996596,-0.00299472519993192,-0.0
2912.png,0.10020972772352148,0.11411076353834988,0.06016255617141719,0.1386597752571106,0.22356803810809095,0.4339876448557253,0.21792744090826574,0.4339876448557253
2916.png,,,0.03978903293609614,0.1526007056236267,0.0,0.0,0.0,-0.0
2920.png,-0.062216770847291804,-0.646177756598337,0.06016255617141719,0.1386597752571106,0.02132300881891004,0.0484350009657522,0.006568383957783919,0.0484350009657522
2924.png,0.8888420764218136,0.8888420764218136,0.041266942024230924,0.1147438883781433,0.045488000764733576,0.1254368633949535,0.045488000764733576,0.1254368633949535
2927.png,0.6433743145175358,-0.8784356540355783,0.04683814048767084,0.1625866293907165,0.01277155018441436,0.02101114781634,0.00414504210706948,0.0158978248567592
2933.png,0.9370931290986496,0.9370931290986496,0.041266942024230924,0.1147438883781433,0.03541391251154126,0.0894232972096267,0.03541391251154126,0.0894232972096267
2940.png,0.964225609360169,-0.964225609360169,0.040794754028320265,0.1305733323097229,0.29600032911617336,0.8342930180564111,-0.29600032911617336,-0.0
2941.png,0.23400702512429375,0.2087822650648519,0.040794754028320265,0.1305733323097229,0.02825841339069412,0.1374889721706426,0.02752539843985724,0.1374889721706426
2943.png,0.8950368031295644,0.8375596238997426,0.041266942024230924,0.1147438883781433,0.12169510370543109,0.5672910266774662,0.10668545988564553,0.5672910266774662
2947.png,0.8516846105047158,0.013551476209054369,0.04451458454132076,0.098610520362854,0.05105772992406839,0.0941370170329518,-0.01340292311088766,0.0941370170329518
2951.png,0.9760437433303373,0.9760437433303373,0.041266942024230924,0.1147438883781433,0.02799811059618132,0.0888759397978464,0.02799811059618132,0.0888759397978464
2955.png,-0.8659727254939046,-0.9430208418073266,0.04683814048767084,0.1625866293907165,0.00570428004427158,0.0087511735862159,0.00506507973793518,0.0087511735862159
2957.png,0.9925454015269457,0.8414845895084893,0.03699589967727658,0.1352231502532959,0.08935197611546417,0.3042069204119343,0.050809782739987916,0.3042069204119343
2958.png,0.9552685586385496,-0.9258606510781272,0.06016255617141719,0.1386597752571106,0.00465240193890302,0.0116046490767376,-0.0039878918672535,0.0008306375895619
2959.png,-0.16293187766297235,0.050565789725718735,0.03699589967727658,0.1352231502532959,0.01642606745187476,0.0187631604346142,-0.01289998847791488,0.0088151974348997
296.png,0.9727200726255845,-0.9727200726255845,0.04182748794555658,0.1582962274551391,0.10040581614618856,0.3745601166076752,-0.10040581614618856,-0.0026541798664824
2961.png,-0.45155027755369176,-0.445431394846099,0.06332572698593136,0.1329491138458252,0.0150958076227998,0.0323577661788019,0.0121773858507498,0.0323577661788019
2968.png,0.9988657323460621,-0.9980274557903903,0.03283978700637814,0.1019666790962219,0.002087898294554506,0.0065344480590666,-0.0020391429336464135,6.094420113511578e-05
2969.png,-0.5189513481166176,-0.5189513481166176,0.06332572698593136,0.1329491138458252,0.04275527794504616,0.0718933826007227,0.04275527794504616,0.0718933826007227
2977.png,0.9871636843378507,0.9871636843378507,0.03978903293609614,0.1526007056236267,0.1829077644606566,0.914538822303283,0.1829077644606566,0.914538822303283
2978.png,0.7837409707066222,0.83621981495008,0.06016255617141719,0.1386597752571106,0.00166029174754618,0.0041199577418419,0.00031258723125322,0.0041199577418419
2979.png,-0.1685129966365538,-0.040531402616728676,0.049422574043273874,0.1416006088256836,0.01507989239088244,0.0399595753700952,0.012040212524259042,0.0399595753700952
2980.png,0.8694619091783001,0.8917145339237319,0.041266942024230924,0.1147438883781433,0.00074852187231024,0.0030082892750314,0.0006393303263974,0.0030082892750314
2981.png,-0.7970100946242026,-0.7970100946242026,0.06016255617141719,0.1386597752571106,0.00396812335391338,0.0048701279939903,0.00396812335391338,0.0048701279939903
2982.png,0.3084422580782634,0.3084422580782634,0.038952028751373255,0.1407572031021118,0.7220747391761033,0.8929778445362373,0.7066898120818763,0.8929778445362373
2984.png,0.6940559490217292,0.3532946750542794,0.03283978700637814,0.1019666790962219,0.00829475962740284,0.016782710281202,0.00433422871724004,0.016782710281202
2990.png,0.953110034280885,0.9534714883272777,0.02994880676269528,0.1027552485466003,0.04227009260874626,0.2098505337694316,0.042097430884737184,0.2098505337694316
2991.png,0.5776205612455934,-0.2161864499064437,0.06016255617141719,0.1386597752571106,0.0013584148323199398,0.0021761143841984,5.6118364604699955e-05,0.0021761143841984
3001.png,-0.1890017783753163,-0.1532186301103986,0.06332572698593136,0.1329491138458252,0.0022719476254958,0.0066397126395001,0.0014637138231188799,0.0066397126395001
3008.png,0.013267916168040616,0.11926775594842098,0.04451458454132076,0.098610520362854,0.00368620486851086,0.0113413854746611,0.00270380794746002,0.0113413854746611
3015.png,-0.4143870238854613,0.07559827402732718,0.05120252370834346,0.1217802762985229,0.0003009501898298,0.0006474177718032,0.00021365483629332,0.0006474177718032
3016.png,0.9815740642535629,0.9746419151408806,0.03699589967727658,0.1352231502532959,0.035319826947838626,0.1276290692011916,0.02763621622681866,0.1276290692011916
3018.png,-0.403347275829667,-0.403347275829667,0.06016255617141719,0.1386597752571106,0.00329410829763318,0.0057801633323006,0.00329410829763318,0.0057801633323006
3021.png,0.9975958444415647,-0.9975958444415647,0.04683814048767084,0.1625866293907165,0.00021636296974982,0.0010818148487491,-0.00021636296974982,-0.0
3031.png,0.9502672242652832,0.9502672242652832,0.03223639726638788,0.0671934485435485,0.038553353330931815,0.0934073116991917,0.038553353330931815,0.0934073116991917
3039.png,0.15055286038394344,0.15670305078417895,0.04683814048767084,0.1625866293907165,0.5591104353632709,0.7546239210850801,0.5495096221179137,0.7546239210850801
304.png,0.8060316404850368,-0.7784869926610615,0.03400695323944086,0.125470221042633,0.023082485593934478,0.0432123507856312,0.0031467700959515593,0.0355904228423571
3045.png,0.9116277003241876,-0.722718175426882,0.06016255617141719,0.1386597752571106,0.00210363326800564,0.0064355939680864,-0.00047060431922892,0.0018016573655892
3046.png,0.30121652890709855,-0.07578241106315525,0.049422574043273874,0.1416006088256836,0.06307340395362454,0.1209755721007854,-0.00836303151620866,0.1209755721007854
3047.png,0.8610538763094,0.8155212175908007,0.041266942024230924,0.1147438883781433,0.019064681379844996,0.0765040396046892,0.017413477295327082,0.0765040396046892
3051.png,-0.3488912703643675,-0.3488912703643675,0.041266942024230924,0.1147438883781433,0.009515164806088584,0.028128177932559,0.009515164806088584,0.028128177932559
3056.png,0.5898055205133952,-0.5898055205133952,0.041266942024230924,0.1147438883781433,0.07562165132648842,0.1016149263924451,-0.07562165132648842,-0.0186473512256871
3063.png,0.24754849214649502,0.3709797911658479,0.0556205034255981,0.1014949083328247,0.00510426908482892,0.0108164441387126,0.00464406334579264,0.0108164441387126
311.png,0.9759628329462209,-0.9759628329462209,0.03301832675933834,0.1377068758010864,0.00071936061863492,0.00242248780685,-0.00071936061863492,-0.0
32.png,0.8127464683043096,0.8022254273172705,0.029625427722930843,0.114488661289215,0.10581803425254152,0.2596320415793237,0.08635068744307624,0.2596320415793237
321.png,-0.9218811661635707,0.8068481123650789,0.038107013702392514,0.1235097646713256,0.03724835583299953,0.0531969460665254,-0.026587979446830955,0.0179027890168766
323.png,-0.19021526918634643,0.424532027247145,0.04615350961685179,0.1555303335189819,0.00042833940976822,0.0010167519158371,2.163864343338001e-05,0.0003874531062411
324.png,0.6336139955454659,0.6227293763511814,0.04615350961685179,0.1555303335189819,0.14946580071684445,0.3382073062027333,0.14648692759182158,0.3382073062027333
332.png,-0.24008017068007098,0.24008017068007098,0.05057690143585199,0.1183745861053466,0.10853732754550419,0.5305059523809523,-0.10853732754550419,-0.0
333.png,0.012316992608932672,-0.012316992608932672,0.038107013702392514,0.1235097646713256,0.013437149791157118,0.0452434138670145,-0.013437149791157118,-0.0022245713524174
350.png,0.06050634694829018,-0.026152902563560468,0.03187206983566278,0.1023310422897338,0.00164566494076754,0.0062082931144807,0.00083765230502474,0.0062082931144807
351.png,0.6989430681468808,0.6989430681468808,0.03301832675933834,0.1377068758010864,0.00037294143151738,0.0008377635764327,0.00037294143151738,0.0008377635764327
354.png,0.5902369263647719,-0.5902369263647719,0.03400695323944086,0.125470221042633,0.00596722534192478,0.0128892770645347,-0.00596722534192478,-0.0
404.png,0.8494346624138419,0.6338309892064583,0.040342903137206954,0.1632764339447021,0.0038880078627824403,0.0078246454719871,0.0032561342518250005,0.0078246454719871
41.png,0.18447724930470297,0.18447724930470297,0.0556205034255981,0.1014949083328247,0.0005162442227266,0.0008931965902791,0.0005162442227266,0.0008931965902791
415.png,0.37538583163423755,0.3833599392758733,0.04615350961685179,0.1555303335189819,0.12487324720850905,0.2273114575478435,0.12155689342931128,0.2273114575478435
429.png,0.9735259906163782,0.9650936430634222,0.04182748794555658,0.1582962274551391,0.015760135665123777,0.0770355325454801,0.015211993139061814,0.0770355325454801
442.png,0.9265539230190518,-0.7873928969506974,0.04615350961685179,0.1555303335189819,0.00043895715980186,0.0009525149173429,-8.882433231634003e-05,0.0005397686462755
443.png,0.23390228646867448,0.23390228646867448,0.03349267244338986,0.1049474477767944,0.09039292231493744,0.4507213976613651,0.09039292231493744,0.4507213976613651
445.png,0.8558987667894038,-0.8460425908855194,0.03301832675933834,0.1377068758010864,0.0014382819465759001,0.0041039753933261,-0.00132511903899646,0.0002829072689486
452.png,-0.39299818204770093,-0.39299818204770093,0.04448599815368648,0.0996040105819702,0.00627185080036928,0.0072852977709503,0.00627185080036928,0.0072852977709503
457.png,0.5055923741384984,-0.6165898299019943,0.05898200273513787,0.1061348319053649,0.2797922269642019,0.5476475102386965,-0.003862255715889795,0.5476475102386965
472.png,0.3555692108688767,0.3762350827145634,0.03642914295196526,0.1130691766738891,0.0016578633879936002,0.005378279633004,0.0015406485866888398,0.005378279633004
473.png,0.4856975395426711,0.4856975395426711,0.034012901782989456,0.1141921281814575,0.00165199269616098,0.0025596731604556,0.00165199269616098,0.0025596731604556
475.png,-0.3398621750549713,0.3398621750549713,0.03349267244338986,0.1049474477767944,4.433154704802e-05,0.0002216577352401,-4.433154704802e-05,-0.0
482.png,0.9711526046000301,-0.9686479395963692,0.04182748794555658,0.1582962274551391,0.00572369963043976,0.0254710269997905,-0.00446471116947644,0.0008884787958725
483.png,0.9343825779070287,-0.9343825779070287,0.03678451776504512,0.1125109195709228,0.0134287225621452,0.059309731476728,-0.0134287225621452,-0.0
484.png,0.013766589285685424,0.013766589285685424,0.03187206983566278,0.1023310422897338,0.00143386530955086,0.0071693265477543,0.00143386530955086,0.0071693265477543
486.png,0.18853724536060631,0.9054345999644111,0.03301832675933834,0.1377068758010864,0.00019386547657777598,0.0003389851053455,-9.626697169673598e-05,0.0002439962622026
494.png,,,0.034012901782989456,0.1141921281814575,0.0,0.0,0.0,-0.0
500.png,-0.990953970649617,-0.9153151980415225,0.03678451776504512,0.1125109195709228,0.0023169360703186796,0.0025056332021345,0.0015462778914417598,0.0025056332021345
506.png,-0.26747038221658126,-0.26747038221658126,0.04615350961685179,0.1555303335189819,0.008957817711413681,0.0208904723014166,0.008957817711413681,0.0208904723014166
507.png,-0.508722825467582,0.984155246678139,0.029625427722930843,0.114488661289215,0.00036017200694642,0.0004379747322269,-0.00023752920906166004,0.0003066069947119
518.png,0.9041811559022563,0.9039488068186319,0.0556205034255981,0.1014949083328247,0.3452805807768777,0.9117352056168504,0.3449340126171138,0.9117352056168504
519.png,,,0.04448599815368648,0.0996040105819702,0.0,0.0,0.0,-0.0
543.png,-0.3649624951148688,-0.743480024569153,0.038107013702392514,0.1235097646713256,0.00210193431952014,0.0028377128087724,0.00051869608609402,0.0028377128087724
55.png,0.5430250906969094,-0.386768617361943,0.05898200273513787,0.1061348319053649,0.04834901966846506,0.1499207086553781,-0.02634000035324282,0.0198572365749274
550.png,-0.5011449719537637,-0.5011449719537637,0.03187206983566278,0.1023310422897338,0.00071090462239726,0.0015231058396526,0.00071090462239726,0.0015231058396526
551.png,0.34767199101648444,0.29770722543609535,0.04396893978118892,0.0905245542526245,0.01255664882629122,0.058383243555809,0.010796648596032379,0.058383243555809
558.png,-0.018219448669203976,-0.018219448669203976,0.05275908708572381,0.1153584718704223,0.0016360106343785998,0.0033914685877783,0.0016360106343785998,0.0033914685877783
56.png,0.9590827217764086,0.9590827217764086,0.034012901782989456,0.1141921281814575,0.0020211197925191398,0.0063082602676511,0.0020211197925191398,0.0063082602676511
561.png,-0.05217282824519402,-0.052631687107001564,0.03642914295196526,0.1130691766738891,0.03937620047536487,0.1678131325278744,-0.027749052535784878,0.0182110823639298
562.png,-0.440409760246977,-0.5153210636243806,0.03642914295196526,0.1130691766738891,0.01115244437492278,0.0174774585859267,0.00982050592818926,0.0174774585859267
563.png,-0.47482148078793873,0.2016599375149653,0.04448599815368648,0.0996040105819702,0.08163972426322354,0.1539284166985711,-0.02514521714666898,0.0700922630055037
579.png,0.008935782248807938,-0.008935782248807938,0.04615350961685179,0.1555303335189819,0.22547473411173624,0.821656050955414,-0.22547473411173624,-0.0
581.png,0.15027129635853836,0.15027129635853836,0.03349267244338986,0.1049474477767944,0.03150886544567466,0.1224169193767026,0.03150886544567466,0.1224169193767026
589.png,0.09821450171312478,0.09940378870922534,0.038107013702392514,0.1235097646713256,0.20157346687669975,0.9412328329607156,0.20094025854956432,0.9412328329607156
590.png,-0.5592764322068992,-0.5091142316852251,0.04182748794555658,0.1582962274551391,0.02053186955230548,0.0480202600921644,0.01788433852142604,0.0480202600921644
592.png,-0.6103635577289156,0.6103635577289156,0.03187206983566278,0.1023310422897338,0.0325855529787041,0.0759113234813958,-0.0325855529787041,-0.0005680011868681
593.png,-0.18984118364368371,-0.25561705500980875,0.04615350961685179,0.1555303335189819,0.0001398749878955774,0.0003392829483921,-3.563517457053741e-05,0.0001494646834186
601.png,-0.6303170017592308,0.6303170017592308,0.03301832675933834,0.1377068758010864,0.0004080885817091,0.0008096295772025,-0.0004080885817091,-0.0001401429911802
604.png,-0.6379589659324965,-0.6379589659324965,0.029625427722930843,0.114488661289215,0.0002140747595071,0.0004587508970955,0.0002140747595071,0.0004587508970955
614.png,-0.263881024701275,-0.4003408009411104,0.035295987129211406,0.1309680938720703,0.0008114151396339199,0.0014378490031816,-0.00012521300669464004,0.0008577526661741
616.png,-0.7657744421352726,-0.7657744421352726,0.04182748794555658,0.1582962274551391,0.11650434077275243,0.2205771764630266,0.11650434077275243,0.2205771764630266
621.png,0.09479580985885108,0.3727927496282656,0.04615350961685179,0.1555303335189819,0.001211265606874698,0.0027512289242888,0.0003366405005399778,0.0027512289242888
623.png,0.11732948323483781,-0.39910426949762234,0.03642914295196526,0.1130691766738891,0.041919989026477,0.0608583078526751,-0.02350456416373764,0.0460385621568484
630.png,0.7045152098969529,0.49217896063211036,0.05898200273513787,0.1061348319053649,0.05370958367274542,0.1233715268048857,-0.004360972950791142,0.1233715268048857
633.png,-0.11199018578674103,0.2285465741812775,0.038107013702392514,0.1235097646713256,0.0002845253479551567,0.0008001949165424,5.2480036313116724e-05,0.0008001949165424
66.png,0.6131854106156813,0.5140099669698865,0.05898200273513787,0.1061348319053649,0.013099066361684019,0.0445097823943877,0.01194322080046694,0.0445097823943877
67.png,0.9295694889133517,-0.6492328420263281,0.03187206983566278,0.1023310422897338,0.0002754146301999271,0.0005756373658637,-2.488796476128709e-05,0.0003962770112191
670.png,0.9844485759954181,0.9844485759954181,0.040342903137206954,0.1632764339447021,0.00018882970092838,0.0009441485046419,0.00018882970092838,0.0009441485046419
675.png,0.9712015431521454,0.9685217215076782,0.04182748794555658,0.1582962274551391,0.0813153365541591,0.4042751429587767,0.08039472062935157,0.4042751429587767
681.png,-0.7752888288727775,-0.7752888288727775,0.03301832675933834,0.1377068758010864,0.0032184482520216003,0.0054753506529742,0.0032184482520216003,0.0054753506529742
687.png,-0.8204339951624716,-0.9358249658956372,0.04182748794555658,0.1582962274551391,0.0001742636407639578,0.0002508708876218,0.00015395079352158145,0.0002508708876218
694.png,0.505613690697482,0.505613690697482,0.0556205034255981,0.1014949083328247,0.00491619183083976,0.0169557309381356,0.00491619183083976,0.0169557309381356
695.png,,,0.035295987129211406,0.1309680938720703,0.0,0.0,0.0,-0.0
7.png,0.9603973061572201,0.9603973061572201,0.03678451776504512,0.1125109195709228,0.2069670624527359,0.8071096748131691,0.2069670624527359,0.8071096748131691
70.png,0.9389552273220765,0.4948278852615244,0.04396893978118892,0.0905245542526245,0.02817378674260936,0.0810062959550493,0.014982229436548838,0.0810062959550493
712.png,0.09483956047763616,0.09483956047763616,0.025677883625030463,0.0816570520401001,0.00780927263008676,0.0324878834666264,0.00780927263008676,0.0324878834666264
713.png,-0.17210273184697705,-0.17210273184697705,0.02981548309326166,0.0500947833061218,1.1663788753568661e-05,5.83189437678433e-05,1.1663788753568661e-05,5.83189437678433e-05
714.png,0.09051660871606047,-0.1277213399056005,0.02349050045013424,0.0881204605102539,0.00039217427688788,0.0012072330698695,-0.00027165257863004003,0.0003013042456446
723.png,0.652904917548384,-0.8476754746228741,0.03641141653060908,0.1275869607925415,0.00077420729166924,0.0012138275897392,0.00028867625577356007,0.0010355703640503
727.png,0.7881644910382936,0.7070141676107764,0.06332572698593136,0.1329491138458252,0.03977710632724289,0.1183341012817732,0.00755653418546638,0.1183341012817732
729.png,-0.22562632942153002,0.22562632942153002,0.03641141653060908,0.1275869607925415,0.008923856017755239,0.0155326704539592,-0.008923856017755239,-0.0063621812466654
761.png,0.573106154222105,0.573106154222105,0.03699589967727658,0.1352231502532959,0.052633669781781134,0.1619821489290129,0.052633669781781134,0.1619821489290129
762.png,0.9847023808800375,0.9847023808800375,0.03641141653060908,0.1275869607925415,0.19055014784838303,0.9517279210093252,0.19055014784838303,0.9517279210093252
764.png,0.9967792066134659,0.9967792066134659,0.03978903293609614,0.1526007056236267,0.03707746234464761,0.1404218720227884,0.03707746234464761,0.1404218720227884
769.png,-0.8377754247102162,0.8190338066586306,0.049422574043273874,0.1416006088256836,0.1403000986661306,0.2408254415643713,-0.13787022945910166,0.0060746730175724
776.png,0.8174098462661702,-0.2162709479830005,0.040794754028320265,0.1305733323097229,0.0008338815578041399,0.0014880268125826,-0.00035684193769226,0.0011925990502797
780.png,0.9017981383652794,0.9156050669513784,0.06332572698593136,0.1329491138458252,0.18924361791003105,0.577498329384606,0.1213311290124468,0.577498329384606
781.png,0.4357929750418578,-0.08049053920671859,0.06245465278625484,0.1296102404594421,0.03423652738282276,0.1043973192699485,-0.013583108692682361,0.0270061825505754
782.png,0.755625377900904,0.012043021172588524,0.06332572698593136,0.1329491138458252,0.033847876620634196,0.0453464845458767,-0.01570928280228352,0.0453464845458767
794.png,0.8913025575832313,-0.8743539501030101,0.049422574043273874,0.1416006088256836,0.01821337165097382,0.0670516108574631,-0.01386833958153702,0.0045861391053558
828.png,0.9780364308705559,-0.9780364308705559,0.03699589967727658,0.1352231502532959,0.006495393273874541,0.0225098138437979,-0.006495393273874541,-0.0
837.png,0.471295720390076,0.5554767658499646,0.03942549228668208,0.1277832984924316,0.1027935129003416,0.3029681906370708,0.07598725621559392,0.3029681906370708
847.png,0.5273973444535883,-0.17889865029998958,0.040794754028320265,0.1305733323097229,0.00118558823128078,0.0030576899261922,0.00043169010079442,0.0030576899261922
856.png,0.6699876100291956,-0.3054022691696819,0.049422574043273874,0.1416006088256836,0.0106926257488025,0.0199549807818903,-0.002710633436046379,0.0199549807818903
86.png,0.9928850864563874,0.429648914143612,0.03349267244338986,0.1049474477767944,0.01551561522296944,0.0369318936705923,0.0057430170699738405,0.0369318936705923
865.png,0.30208767701823247,0.01849750020433657,0.03716832399368284,0.1163173913955688,0.0242759230195985,0.0528470445909164,-0.00831214257909902,0.0390012085511617
867.png,0.28816930897815335,0.1287522443711609,0.027989506721496537,0.090997576713562,0.026363380485575637,0.0640021601902725,-0.0007625164094666404,0.0640021601902725
868.png,0.8260541869136538,-0.8410033873121393,0.041266942024230924,0.1147438883781433,0.079285018228615,0.1618143134590064,-0.051706894737923684,0.0689453087267283
900.png,0.7982290866032035,-0.6671239371260959,0.040794754028320265,0.1305733323097229,0.01398178324916112,0.0390529328967049,-0.01247389214957292,0.0037697277489705
915.png,-0.6235502784211241,-0.6235502784211241,0.03641141653060908,0.1275869607925415,0.08663495974249204,0.0921485445297828,0.08663495974249204,0.0921485445297828
921.png,0.7664033621660035,0.7132667496771602,0.025677883625030463,0.0816570520401001,0.1061081381337872,0.2525276681859805,0.10187809484906045,0.2525276681859805
922.png,0.8750298338463816,0.8750298338463816,0.024478757381439183,0.077789306640625,0.004120975513035,0.0103935650013344,0.004120975513035,0.0103935650013344
929.png,-0.723309797664563,0.7659439080721205,0.03734568357467648,0.0727616548538208,0.014006533473497559,0.050066475012046,-0.009815124712188358,0.010478521903273
93.png,-0.6826602111803942,0.6799515144294229,0.04396893978118892,0.0905245542526245,0.0353413128158395,0.1379441723597345,-0.019836356128054296,0.0129509790495726
933.png,-0.30358090643682334,-0.30358090643682334,0.02349050045013424,0.0881204605102539,0.020798656471863918,0.0519966411796598,0.020798656471863918,0.0519966411796598
935.png,0.9101620995728273,0.9053061939781197,0.024478757381439183,0.077789306640625,0.0013222827498188,0.0060138105469371,0.00118366847476028,0.0060138105469371
939.png,0.4831920146045222,-0.4831920146045222,0.022797322273254338,0.0753979682922363,0.3259916724177055,0.8156206415620642,-0.3259916724177055,-0.0
942.png,-0.5706735773336837,0.5736692019963644,0.024511373043060263,0.0791950821876525,0.007400571522836881,0.0104986783678082,-0.002622092197741759,0.0070137393280047
943.png,-0.0486972768397269,-0.4499797391020449,0.025677883625030463,0.0816570520401001,0.0005175585468814999,0.0019947394400848,0.00028033722915242,0.0019947394400848
944.png,-0.24627953256377044,0.21482692773640208,0.022797322273254338,0.0753979682922363,0.0006837712471905894,0.0016809336216344,-0.0006615038303594107,5.56685420779468e-05
945.png,,,0.02349050045013424,0.0881204605102539,0.0,0.0,0.0,-0.0
954.png,0.9808814230107243,-0.9901726061918708,0.024511373043060263,0.0791950821876525,0.0032233681873514,0.0128949661685884,-0.00207828324551252,0.0014313561772986
956.png,0.07358612997801972,-0.07358612997801972,0.02741333246231072,0.0881147384643554,0.00376394985878638,0.0079243566541175,-0.00376394985878638,-0.0027238481599536
958.png,0.04552961834005057,-0.04552961834005057,0.025677883625030463,0.0816570520401001,0.0029319041981674,0.014659520990837,-0.0029319041981674,-0.0
960.png,0.9895494263015655,0.9895494263015655,0.02349050045013424,0.0881204605102539,0.00111946263747084,0.0055973131873542,0.00111946263747084,0.0055973131873542
963.png,0.028356084895664133,-0.3465932991626389,0.024511373043060263,0.0791950821876525,0.16652080326834834,0.6509231429798197,0.11495947477697903,0.6509231429798197
982.png,0.22088180352025236,0.188602131235272,0.02213370800018304,0.069466233253479,0.0021017487286903403,0.0062560502335304,0.00196778720102898,0.0062560502335304
99.png,0.07285388963796877,-0.5664555753137243,0.04615350961685179,0.1555303335189819,0.00143025144925656,0.0027999619780185,0.00022098729291604005,0.0027999619780185
992.png,0.2529456497156734,0.6607596625148681,0.02349050045013424,0.0881204605102539,0.0012263869702766402,0.0030717025050654,-0.0005473522373989601,0.0016975868321942
994.png,-0.658727249983941,0.9398605725084695,0.02213370800018304,0.069466233253479,0.005155593433437239,0.0089210152182725,-0.00385538556267356,0.0032505196769092
