image,r_embedding_coarse,r_coarse_sam,r_coarse_absdsc,r_sam_absdsc,r_embedding_absdsc
100.png,0.4541269567961671,0.9969451334810456,0.9948606767575482,0.9979574525257965,0.4126218538017417
1004.png,0.8156889302927534,0.7581654257455654,0.4705203347835163,0.4407608170314748,-0.11013822343963153
1007.png,0.706779189192174,0.9633752260051253,0.9664932023809908,0.9990501493905031,0.8164070913385285
1008.png,0.8524269848508568,0.17124345614929587,0.21478445786177314,0.9970398825713153,0.572320788918917
1011.png,0.9890587907403248,0.8679646297354983,0.866711686799047,0.9999967992687399,0.9190115614005221
1015.png,0.7482244505228673,0.9195060147037367,0.6977657161864932,0.8261864255966063,0.9544905966244523
1016.png,0.7565506791922267,0.9938972600693929,0.822877976365314,0.8108848617878358,0.4958705395138429
102.png,0.955790136113776,-0.019305296948756673,-0.16202740794326914,0.9887003610847721,-0.4117899853517243
1023.png,0.7844035352341393,0.949272391952436,0.9611492369214268,0.9914349182582722,0.8034099303529542
1027.png,0.8840173822206058,0.9870981490686085,0.9827762433138295,0.9996278263182955,0.7871050007612231
1029.png,0.541013307535565,0.9736789620448206,0.9910030920159129,0.99497402173336,0.5772935975095803
1031.png,0.3644802278990272,0.9922766191256204,0.9913129850901475,0.9999437374487146,0.2391122298525401
1035.png,0.6849470203264726,0.7587921150080285,0.6256633545123013,0.9697936387161169,-0.138746572841188
1037.png,0.8827457758161439,0.993634164000312,0.6508837361361826,0.6722580790194222,0.28561276772182453
1039.png,0.6085146063311617,0.7007337427826983,0.7012810265402725,0.9999992228959517,0.4489466668879775
1040.png,0.8603865082673271,0.9995077914905834,0.9998188969646107,0.9987842288577795,0.8637826886095111
1041.png,0.7731185584646977,0.26617154851829944,0.28921999478827715,0.7845572684074086,-0.3679101561389733
1047.png,0.5984841761314466,0.3446269797523917,0.5119993260820809,0.9779322445979179,-0.37217587926167867
1053.png,0.9757605653140403,0.8775203163531555,0.9093060850518605,0.9913280568726278,0.8117464146579751
1054.png,0.6797607245721166,0.8741568046815847,0.9653204776698441,0.9538696550934763,0.7444298660318622
1057.png,0.9735142989157215,0.8681413088993444,0.7950700781789393,0.9794369550755274,0.7095320506201478
1060.png,0.8787502733741434,0.9900618293961725,0.648525609140755,0.5383229368847008,0.8651388044728882
1061.png,0.9394313690947018,0.8232390394909457,0.8179458713688783,0.9999054340291553,0.5927677698587888
1069.png,0.2764013930013923,-0.0829988850124919,-0.11059515720915934,0.9996153294516088,0.9095146020394881
1072.png,0.9150043159774911,0.47079341698022137,0.44259402952612004,0.9972049561385239,0.6781410439857812
1073.png,0.7325320247617032,0.9211202705598597,0.9447537588907836,0.9949038514989578,0.8882899063692847
1074.png,0.7564507610365226,0.7868063055090339,0.7622127160762411,0.9987729623546298,0.7616029047797092
1078.png,0.797592918139973,0.7172643935787636,0.7084428438205982,0.9996677566496259,0.9685101457229698
108.png,0.6667583687936892,0.6428706016946212,0.6036122838194318,0.9986032953025769,0.9960799747888819
1084.png,0.8611978906534438,0.889057968486962,0.8357873574534525,0.9337071713060503,0.5852059114044971
1085.png,0.8692272134630897,0.7983605707125673,0.561872845100788,0.9442743968914786,0.7982538023290553
1089.png,0.9199069034627527,0.9997584027599994,0.9997584027599996,1.0,0.9125544713739556
1092.png,-0.18362207429021782,0.26700377184714696,0.267003771847147,1.0,-0.9895494263015657
1093.png,0.12718612700891838,0.5425959368990173,0.8330469255098092,0.8990866515145389,0.00023913237076937172
1096.png,0.14422317952906616,0.4267595543218475,0.23446736539647522,0.956605318399046,0.19602760676401332
1103.png,0.8550996657375074,0.5627964478002624,0.46789730048060263,0.9891780727648466,0.07746487785683208
1107.png,0.7151384553468613,0.6499849399807944,0.6515648632945092,0.9946770378136693,0.12539586892492754
1111.png,,,,,0.04257944801598268
1113.png,0.9709103578674874,0.9557162014465749,0.9097808708961698,0.9866073128718744,0.8538582137578
1114.png,0.9262890117365039,0.9963381304625433,0.9963381304625433,1.0,0.9258823945712488
1118.png,0.7494419412714826,0.8201569158422436,0.4181120821938771,0.67694516947009,0.7332190285976904
1120.png,0.94007612332565,0.8954723252088789,0.8577303729524437,0.8544055381928559,0.9211992825496264
1123.png,0.9975007662997061,0.9783188404524981,0.9908480795444868,0.9939956582389518,0.9976462762868599
1124.png,0.7599227886733154,0.8944187602850042,0.8944187602850043,0.9999999999999999,0.7787823829822258
1125.png,0.5726191830005081,0.9655410652054197,0.9061303983567485,0.9805450719451401,0.280153476824927
1126.png,0.47995657173397044,-0.1446592466780808,-0.40384125337708804,0.963593099431803,0.6086831621571588
1130.png,0.9929851526776292,0.7313921472532465,0.4539196745486422,0.9388662112930278,0.3820160348134524
1134.png,-0.9049517655114994,0.9827419148229206,0.7189028967129811,0.7712016229620531,-0.9161687499211225
1137.png,0.9927300365387457,0.9660141517347308,0.9619500997422737,0.9998819535240037,0.9310234452046388
1138.png,0.07041678726458046,0.8460734007511488,0.036088543926012906,-0.12163697449535797,0.6376306889178719
114.png,0.9250632276595229,0.9823536612777685,0.8793071010855482,0.7987133172411963,0.8553462466578708
1140.png,0.9498552281100217,0.9919755918513385,0.9369352861748237,0.9728287853400077,0.7851198259323489
1144.png,0.9934709027996252,0.951978109817577,0.951978109817577,1.0,0.9112049725592526
1146.png,0.9595347517283346,,,,
1148.png,0.4187237659559082,0.9428783336533925,0.46183889533906175,0.7073995156932604,0.30286985691940077
1149.png,0.5154079514341529,0.29748908945827324,0.296576005743896,0.9999819065290692,-0.052340266954690434
1150.png,-0.11446176829220263,0.9315224663322412,0.9325388704638404,0.9888474223483559,0.007793078549477443
1156.png,0.6682675709758346,0.9703301573868153,0.9563293431265004,0.997221437276159,0.4359792686606499
1160.png,0.9492965482072593,0.8745837701344478,0.8738556407465711,0.9992893389531632,0.8189242483696247
1163.png,0.9558438271142904,0.5351435878417092,0.5042987689913985,0.9993280457556879,0.2568723970635334
1165.png,0.8107015952663013,0.926050069537087,0.9272811648729989,0.9999939436832461,0.5561751561468075
1169.png,0.15450163479395962,-0.3379397380383512,-0.28385650705256,0.9812846896459348,-0.9693807180935845
117.png,0.5012605681272948,0.6575756057478387,0.18659271607706898,0.7774635708581238,0.7369129526712421
1170.png,0.8391495934814561,0.787838897977562,0.7822363841893427,0.9995780342125348,0.3762708970582303
1177.png,0.9191677990156756,0.9510091741565464,0.9744481406110327,0.9890714031845499,0.8104992931111941
1178.png,-0.02953383288434761,0.5648445729593418,0.5664129844952647,0.9994203457950238,-0.13166834961375817
1179.png,0.9924772668419548,0.9371202287632867,,,
1189.png,0.8065407454326581,,,,
1192.png,0.9585039826603559,0.987831125544365,0.9856564795099207,0.9985329082273434,0.9709529943659309
121.png,0.22737060661736408,0.9353982509413331,0.9328988303772878,0.9999737402546927,0.00515077163170411
1211.png,0.68211396325914,0.9586596862594191,0.6954020883761692,0.864610665856495,0.9914634832982767
122.png,0.9547139935489724,0.8823535525308926,-0.09592972879019608,-0.19430902818146953,-0.3780013590483698
1223.png,0.36609487387046863,0.9586174840011272,0.9527899049411541,0.9997896831882839,0.14974997291832018
1225.png,0.41930236039414737,0.9977233320532556,0.9977233320532555,0.9999999999999998,0.35754491382742115
1239.png,0.8404121871420696,0.7966576423404703,0.7899863131257582,0.9998222008242209,0.781107356138177
124.png,0.5471029401073131,0.852147146584504,0.887374777443258,0.9970993296112047,0.15035669770092744
1241.png,0.5227841511075796,0.9869922317348141,0.9955415434598213,0.9969588374294625,0.49311232429824886
1243.png,0.21895687126868027,0.9975273189771741,0.9978895020380111,0.9999850619612515,0.1784479049252954
1246.png,0.9834749079730557,0.9600856551330779,0.9600856551330779,1.0,0.9907764130616393
1247.png,0.8730517894204367,,,,
1248.png,0.692292217158543,0.7031230681529805,0.7069638197167901,0.9998432453573541,0.3405345340416449
1249.png,0.9720761400538828,0.9838387265358027,0.951418005481861,0.9907295023529642,0.9967444902516625
1250.png,0.8689725666115047,,,,
1251.png,0.5948746660021913,0.8911060751924029,0.8911060751924028,1.0,0.1658087472863614
1252.png,0.3145896667845163,0.9964395945464718,0.996439594546472,1.0,0.23349477290304488
1253.png,0.7775156433500711,,,,
1254.png,0.4965841490153432,0.9586664566214429,0.9793958541139194,0.9960588277325324,0.3759195091974582
1267.png,0.4603813520359668,0.999461824538395,,,
1273.png,0.9050764490699581,0.9739224350277004,0.9559389917124816,0.9976116186076633,0.9894681653021173
1279.png,0.3093929455895268,0.9935007801908372,0.996434007289707,0.9990546368180357,0.309356559001428
128.png,0.660998224725521,0.9906463403140293,0.820395353276472,0.8646097287976496,0.7160081630125991
1280.png,0.9755680080901166,0.9971782087415657,0.9933258482250698,0.9959260065411676,0.9560619885137659
1281.png,0.9887892213505088,0.9382916166512695,0.9378166565839295,0.9999972583156983,0.9695243934623138
1282.png,0.855660467269634,-0.6760115197679204,-0.6756844815199897,0.999999900025654,-0.9551367296558927
1283.png,0.41307354690693937,0.9773816023882904,0.9012425098218435,0.9715326544682514,0.29148435221366314
1293.png,0.9526503990062257,0.9584906887626908,0.9199906172528235,0.9862522959291504,0.7623464704125352
13.png,0.6390834509756141,0.9316981867824444,0.9619219600072885,0.8286286278296109,0.7732625810601804
1309.png,0.7738864941107017,0.4091138145014195,0.40915421179733,0.9999999785514407,0.1341196952562741
131.png,0.6798035909345075,0.6159036548054707,0.6187080355531567,0.9999810029808377,0.9606847270628539
1326.png,0.684403119604142,0.8394589409157245,0.9902539093160511,0.7555930072803261,0.5762967627183713
1331.png,0.8640660879186156,0.998312340326374,0.9998296122670685,0.9992142277984056,0.8633447892832287
1333.png,0.9371921001837653,0.9824223004405012,0.9867258501279399,0.9994494845218064,0.9640518916111416
1334.png,0.8599587740386516,0.9942908426102528,-0.0756662819499867,0.02771178624303125,-0.4167668145039937
1341.png,0.8755176762916529,0.6848888227656241,-0.18776915046689452,0.4815820660693647,0.30493754909727055
1345.png,0.1600221732598869,0.9998148393702219,0.9998148393702219,1.0,0.1658087472863615
1346.png,0.6086048349642481,0.7869681611139572,0.7560573071888955,0.9987145635243404,0.49909428839729336
1353.png,0.9813276588093826,0.9720474214356076,0.9710476795653584,0.9999805176727098,0.9913863003260704
1355.png,0.5407264575052982,0.9380576763714032,0.9093242688250666,0.9967449890525093,0.1648738910227276
1361.png,0.11188398485506411,0.9544549251142846,0.7410723125330202,0.8691911203085976,0.6974440395639683
1364.png,0.5729314155354173,-0.289904002848604,-0.289904002848604,1.0,-0.8804798810343668
1365.png,0.9622913312323551,0.5835239583806775,0.5742553669409196,0.9999269681012082,0.3418727013669181
1367.png,0.9954220828752642,0.9664726353663294,0.9665393068374569,0.9999999662567022,0.956737668324689
1368.png,0.7328361519234815,0.9357823867758707,0.9357823867758706,1.0,0.8365663974639624
1370.png,0.2194855494667919,0.9547812526995331,0.9547812526995331,0.9999999999999999,0.13149170419518175
1371.png,0.9812107599806935,0.9845535845877935,0.9845535845877934,0.9999999999999999,0.9327524230889293
1372.png,0.4229028665401827,0.9995948442324332,0.9995948442324333,1.0,0.4113467939638279
1373.png,0.16977785650649063,0.9307933395246814,0.9402367779181183,0.9996406513745227,0.21243494440898825
1378.png,0.9890500915836001,0.9757079873095506,0.9760709766348815,0.99999839168364,0.9398358611972314
138.png,0.05047604863394074,0.9682217520256868,0.9682217520256867,1.0,-0.10170126264970401
1380.png,0.9169750769345204,0.9502675598230645,0.7267752170100156,0.8910190734485991,0.5147157231619034
1381.png,0.529500748280131,0.17148898709999424,-0.2677726297053274,0.9025232617415165,0.495717413246799
1384.png,0.7036251103953586,0.832060239240522,0.7591209140215007,0.9141925870101726,0.2670903235832285
1387.png,0.8254743455357961,0.9711991350108424,0.9711991350108428,1.0,0.855056118298576
1388.png,0.6228724144499559,0.21444651419019622,0.1793097323236649,0.9919570638825128,0.8704833038981254
1397.png,0.3906064014160058,0.05461826519001102,-0.13695802841266536,0.9776723547468537,0.8214444469971663
1398.png,0.8962576145682687,0.7690488894757769,0.6910851613623066,0.9928309168779043,0.30165718472759523
1399.png,0.9570121402211338,0.9925288823913867,0.9864091762242088,0.998858461067979,0.93577785620776
1401.png,0.033922299111723245,0.9015285586576184,0.7682096329628179,0.9687960633405482,0.2577004164683267
1402.png,0.44074862672283455,0.964184806795788,0.9550396813639273,0.999440254077906,0.36104125629485834
1406.png,0.919375573418591,0.8725390578243805,0.8170696288870968,0.9941294395113142,0.6616356739229875
1407.png,0.7321229168754855,0.842377087486337,0.8382184800262007,0.9989053987886757,0.24228069543386907
1410.png,0.6504001222722338,0.9830147067584746,0.983062569025588,0.9999990618479763,0.6071010683210679
1411.png,0.8993796474082708,0.958754548494981,0.9562173952492059,0.9999338191322811,0.9783681795819074
1425.png,0.5035007981430667,0.9016456845438939,0.9195568610762308,0.9950434196203131,0.3529433224964698
1426.png,0.8363329750343341,0.9502392163931981,0.9502526748281408,0.9999999859439455,0.6729730212760169
1435.png,0.9746370644499165,0.9656954977885562,0.9836664585474125,0.9903182534577938,0.9615623226827421
1436.png,0.9386973912797024,0.9508005259728505,0.9766719262949483,0.993287722939693,0.9892745024378636
1437.png,0.8162857804045297,0.8284020750127914,0.80779666723547,0.9979685837706274,0.9995186297482258
1442.png,0.8474119165431898,0.5355704300269024,0.42352454143808504,0.904175798216115,0.36277788168285907
1457.png,0.4865640431124135,0.9909505126467427,0.9905744175339595,0.9995149635592923,0.44183392424193185
1458.png,0.8353689843698947,-0.042011524128401756,0.05454316977771959,0.9856473883073992,0.04349426137951757
1459.png,0.9844052968773976,0.9888072014083585,0.961018835067622,0.991478406394054,0.9936317124979488
1461.png,0.5675199020208951,0.6141200834978447,0.6096587662471754,0.9999217667738574,0.722453521603725
1464.png,0.623699593826647,0.9130546623778829,0.8930164010015413,0.9972697457372464,0.5971988667874717
1465.png,0.8695134471727258,0.014989798549061647,0.4997770749579198,0.8499652572817422,0.007298125248353092
1466.png,0.178015445595432,0.994369767245653,0.9927747297617348,0.9996122873442548,0.15776374367230692
1472.png,0.667981048447221,0.8684340841289422,0.8689668290668573,0.9999349974199536,0.7640108455042492
1477.png,0.7499835862835673,0.9453759047832924,0.7265175486821404,0.8991804220986054,0.8145235027011333
1480.png,0.23693058620461716,0.9997103585536785,0.9983719316773955,0.9983902258470146,0.27177640238949674
1481.png,0.6778073946094894,0.970686320458429,0.8075009602658598,0.8628416999741538,0.4187242978812486
1482.png,0.9525326184964239,0.9598480908430091,0.9491263857662077,0.9807751303605742,0.9232816771377472
1483.png,0.9847201117111359,0.9172727755629192,0.8386663469042301,0.9861224005417084,0.9158630736127009
1484.png,0.21795482502321137,0.9746308063100901,-0.8760391148694817,-0.9615040805246489,0.2772498410006005
1485.png,0.9263919469267129,0.8734422134042121,0.9418279989496744,0.9862557858234471,0.8799030801147063
1488.png,0.36352248142806154,0.9132997422812974,0.9139274989681274,0.9990945139234887,0.7039208659765874
1490.png,0.5359723420052143,0.9721537199838827,0.9682679459578643,0.9998462418119505,0.37910745064389056
1491.png,0.748661331050283,-0.7514297289896477,0.036084978765636946,-0.0775855060674909,-0.06266764778830278
1492.png,0.7665245551675021,0.7597908575525976,0.7155289724288824,0.9889849760513817,0.3328477883254884
1493.png,0.9584050245482398,0.45432748275484747,0.48109563635511,0.9968023590434574,0.2942285605075025
1495.png,0.9854574652321517,-0.18805912272684447,-0.18805912272684444,1.0,-0.30947176971464163
1496.png,0.8407784573563317,-0.24259250743807653,0.38659249274677887,0.8008885030613696,-0.13783445987293894
1497.png,0.30745504597681067,0.9820927205372885,0.9793086331995956,0.9998813371978967,0.1955041766734655
1498.png,-0.11266857244103788,-0.34608042130229616,-0.36343305609316773,0.9997238575344756,0.7722733778801605
150.png,0.9000717740265685,0.9959996143518932,0.9972167486972157,0.9998877580442979,0.8651280272341074
1509.png,0.9848861310386212,0.3345339822167894,0.3303781016070868,0.9999898015442155,0.4356035340620193
1519.png,0.6953498535400068,0.8476610971695627,0.8378652026788797,0.99881146020374,0.38293367017248453
152.png,0.6888230606341076,0.6429687276015872,0.7465714549288891,0.986447329139888,0.9931816384285284
1529.png,0.1479125712525175,0.5234753529175439,0.37328640952210823,0.972823866260595,0.10848845950805198
1533.png,0.9704168808245656,0.6578154089515278,0.5777019686189204,0.9853271858972064,0.37112905311880684
1534.png,0.5050585547964067,0.5234476449187316,0.5229986297186288,0.9999995490738357,0.3540733703050755
1535.png,0.9458049654556232,0.9888857956900523,0.9848586315136932,0.9988744287561407,0.8811264809542267
1536.png,0.6795190140448392,0.44505732831933875,0.5861368915179629,0.981119135106101,0.9653834185966963
1545.png,0.15358718547948136,0.9460494780859166,0.8850331492583752,0.9051483855029308,-0.24410422439036125
1546.png,0.9893182902966384,0.9023983571481605,0.8104014171176129,0.9836684318380742,0.7985769006321018
1547.png,0.45247326510303365,0.9884283063184537,0.9888005285366546,0.9770385643129647,0.3372024159205254
1548.png,0.7824508225257103,0.9356117522249214,0.9574619683353727,0.9841280169016614,0.5719421254438094
1551.png,0.7989746669471591,0.13535157664005223,-0.0399973565549451,0.9777051656818361,0.13306288207589714
1552.png,0.3315141813148702,0.9857971005430383,0.9835597239728967,0.9999142189847112,0.17481983125899395
1555.png,0.8308166341623469,0.6101295816650976,0.48003947328939084,0.9876269619173669,-0.02405687242324002
1559.png,0.9813358958153828,0.8372015073381976,-0.20139053688438727,0.3527871562250038,-0.3541030021860212
156.png,0.19751379382156936,0.9687499912080602,0.9784601625713737,0.9791670446208927,0.07230531923606075
1560.png,0.539283408540283,0.22882026725398202,-0.2750619995838256,0.8112654685110959,0.09211628746688716
1563.png,0.6069232132435081,0.8531876633910785,0.9365109831506359,0.9531001421427425,0.46986884289949904
1564.png,0.5960734179362148,0.7908725570771431,0.7905943194139536,0.9993813679254359,0.027804284832159055
1574.png,0.992276107415115,0.997144393574673,0.9673155725866985,0.983415481322476,0.9433370133423904
1575.png,0.9744453545941476,0.8990136878990826,0.9782505654114725,0.8076133490958963,0.994224434399035
1577.png,0.9878165293504813,0.9857321584812875,0.9861300247574915,0.9999970088042335,0.9901176836702568
1579.png,0.6282225202080798,0.6576755244687972,0.6939701839214227,0.9976611579856698,0.9509371770415767
1583.png,0.05411484314593541,0.9791088334848287,0.855277735901672,0.8889352108097053,-0.12220313752636291
1585.png,0.8312773252127943,0.9920189496548117,0.9465743886815684,0.9777845463446013,0.9610128414763603
1587.png,0.4183750318367824,0.875400962243587,0.873004858203823,0.9996121568824442,0.18339571525335668
1588.png,0.9955531159445762,0.9581074320072795,0.9305069731093778,0.9963542052619079,0.9268566097408655
1590.png,0.7778162431567527,0.6858522933656487,0.6727239618271664,0.9159504118143127,0.059259993892795224
1591.png,0.6839489580402726,0.8867052104704943,0.7978128550646215,0.9468811828047601,0.4453322016963673
1596.png,0.39181599441455633,0.6268871653048518,0.6305313675066855,0.999938599639323,-0.4079618380890641
16.png,0.21558204004649067,0.9899251145973369,0.9899251145973368,1.0,0.31753782106368017
1600.png,0.6530798496645183,0.04663758218397699,0.012161089236598416,0.9993135671564012,0.7645548040192344
1601.png,0.3273623951626594,0.04143416124147676,0.03388757397096973,0.9971286460467821,-0.49707211601045204
1619.png,0.2657748053586013,0.9926637405174346,0.9912341148901584,0.9998308158614776,0.13608821280895758
1628.png,0.9693311551714353,0.936435988691182,0.8428049491209715,0.7758829481969557,0.6967796014674305
1629.png,0.9137456776564308,0.9524258587104946,0.6930400687458136,0.4467020972625887,0.34150951886924247
1630.png,0.8198000428092056,0.8619436400742766,0.8445849428183229,0.999180396185022,0.8521288557917929
1644.png,0.9549715486680338,0.992323746765632,0.9923237467656321,1.0,0.9112049725592526
1645.png,0.6946572610150417,0.8517529703364136,0.8522359598366652,0.9999986099321191,0.3898625924607176
1646.png,0.9809549257769855,-0.2464248871161693,-0.057810080680465316,0.9817603328782951,0.03845800752811039
1647.png,0.9465229182044499,0.9915353629347604,,,
1648.png,0.8356339937885652,0.7936122172867345,0.4441023747315645,0.6033565801425365,-0.07116756151550768
1656.png,0.9507963719947032,0.9983622484241534,0.9983622484241532,1.0,0.93421390367781
1657.png,-0.018687824723755533,0.9980150718944876,0.9959218287626173,0.9996259356011,-0.08298692689425699
1665.png,0.8200756508229807,0.8409239119751662,0.8585436241206377,0.9992735794304004,0.6712724131143969
1666.png,0.5482755590550225,-0.31953010949616867,-0.343316123443356,0.999607437867755,-0.8818000431064095
167.png,0.9407568564788955,0.9247657364362055,-0.2687393116766501,0.06161136041955129,-0.264307061789755
1678.png,0.9839349685487574,0.3159383364924221,0.8847882367443021,0.6973962580464971,0.8923607210678577
1684.png,0.2671221653248953,0.948815753171128,0.9997111186291737,0.9559301294390221,0.2715834346370603
1685.png,0.16448842787317888,0.7586330878532256,0.7635657865341735,0.9999695095180499,-0.38885643219945115
1686.png,0.9251425861183405,0.9487940994676733,0.9897158980133274,0.9044017575267861,0.894609136894693
1689.png,0.31671465081370637,0.5306685274297676,,,
169.png,0.9944739668453545,0.9926186345493118,0.9943288428330699,0.9874327882427834,0.9991145039929348
1696.png,0.8780062230181873,0.268410435530904,-0.6293512844309811,0.5718641795095658,-0.8963640311702457
1706.png,0.5040687381630471,0.8883622930490032,0.5667062182311515,0.8795162774698225,0.9966222256143711
1715.png,-0.44267995594658244,,,,
1716.png,0.5265791678175271,0.16888814708483962,0.13652754783966312,0.9994506157184331,0.38303547387298614
1718.png,0.585520871712524,-0.36969199302698125,-0.932875819774378,0.631172035302995,-0.704026374884682
1727.png,0.9904891722534981,0.973069261114909,0.9740471231699076,0.9999678700809979,0.9895823942669348
1728.png,0.41577533912898873,0.040205166194486316,0.02476319967556586,0.9993715164728012,0.7155090646714158
1729.png,0.20149111957449076,0.9723435694031808,0.9540899194610174,0.9962822479396691,-0.08834497282252671
1730.png,0.9789891650851473,0.9111580505721734,0.8121522895726041,0.9803857385747503,0.9109079416039308
1734.png,0.8444971455009298,-0.7971196406371668,-0.8119443767273009,0.9994852447678709,-0.4650485251467601
1735.png,0.7077808364606901,0.9628156568572426,0.9628156568572428,1.0,0.6736702587822918
1736.png,0.7910288349250268,0.7691990588384012,0.746571124311551,0.995887319554492,0.9277959249853596
174.png,0.960304465890632,0.7495222136570735,0.47602772648255287,0.9363035118439148,0.24752145956911076
1740.png,0.9240741592296228,0.9622976714790035,0.9622597130737489,0.9999999900141116,0.9916700863442878
1744.png,-0.4931118645193914,0.9891999450178512,-0.987869521727961,-0.9999209493726539,0.4534345451198915
1746.png,0.7956926402398133,0.9790194458532605,0.9852772459659365,0.9992497999974079,0.8785607746064225
1752.png,0.43970757261714977,0.9989285661550396,0.9989285661550394,1.0,0.4158073775472361
1769.png,0.562298562292416,0.9156890671025675,0.9417265620800321,0.9856328847021366,0.3933571730568836
1771.png,0.8882398162191019,0.9973458809169222,0.9973458809169222,1.0,0.8550561182985756
1773.png,0.8210184923641163,0.17884492650232506,0.9876548858682839,0.2551886012914098,0.8212540812239842
1774.png,0.6053721690070117,0.3280347777335837,0.5765251893993678,0.9516337900021257,0.8380123607169981
1776.png,0.9954620386289883,0.9797750445686613,0.9949221680317011,0.9845193810028757,0.9960467266138127
1789.png,-0.5698421939522306,,,,
1796.png,0.9154012715292248,-0.16195023762519412,-0.1679775337972146,0.9999749676727314,0.2430515260800256
1798.png,0.6519307736932938,0.868464012850259,0.8654212549155662,0.9999336392187519,0.6993478319108233
1807.png,0.45566248612052923,0.834309191893427,0.8391245552621934,0.9999612282280952,0.6391588099580191
1816.png,0.5477690154393768,0.03575758001812968,0.035757580018129606,1.0,0.8550561182985758
1824.png,0.9506045366494515,0.952232122967622,0.9525672393163988,0.9999975517180184,0.8554718959208913
1825.png,0.9041170846896853,0.8399369605563594,0.7993690145220462,0.9974072772433091,0.474692415381792
1826.png,0.9856215432001736,0.9671757903723366,0.9906844401579019,0.9896037048005878,0.9543977629267085
1827.png,0.7240315594412281,-0.24634588061866863,-0.18867965102239329,0.9979242605907813,-0.7929533404940926
1829.png,0.718779525467793,0.9776657269404299,0.9768707071070317,0.9957375767781425,0.564786343864364
183.png,-0.0394287584338982,0.9275076561595246,0.8666656733549281,0.78005930544672,-0.14261515100692665
1834.png,0.8932847714044468,0.8031490850662982,0.7643294550393044,0.9973302715373317,0.4348310023424909
1835.png,0.9249588508436055,0.36523766197722635,0.28612531004105685,0.9964984909234507,-0.09741893347739351
1843.png,0.6966403381016276,0.8972226249199593,0.8972226249199593,0.9999999999999997,0.6579690086669794
1847.png,-0.9299351138293305,-0.24777305084649212,-0.2594464524773648,0.999925833338827,0.5902483975940002
1852.png,0.9475928629925551,0.4597189588245182,-0.09465194398289493,0.8405641328131308,0.22757133430361826
1853.png,0.3050361148803123,0.9999999999999997,0.9999999999999998,0.9999999999999996,0.30503611488031224
1858.png,0.9116168913297805,0.5130844232513918,0.8694793027136963,0.05550767686806208,0.8057408002208633
1863.png,-0.3555869083564452,0.976563303761392,0.9828990589375174,0.9983973136991848,-0.2842673841971686
1869.png,0.9722755481351378,0.9841306359435213,0.9920774073267882,0.9541685414606692,0.9837433367930791
1879.png,0.09999905877877864,0.9976907234072139,0.9978359467644335,0.9999767062171996,0.1651980145579905
1880.png,0.974406088834197,,,,
1882.png,0.9478818344485168,0.8762753888881476,0.5711278663889354,0.8625369988172877,0.5875760946526776
1886.png,0.8199212730429026,0.9911407326160543,0.9911407326160544,0.9999999999999999,0.8886330226702568
1890.png,0.7799552985188779,0.93725954307104,0.8565843030018744,0.9825612902836353,0.9909802847438841
1894.png,-0.5893227003737265,0.9954253703886189,0.9993939308587624,0.9971617488183724,-0.6066712938291368
1900.png,0.15239473665344327,0.918794076538209,0.8939665092511598,0.9900906153773357,-0.11423647380340968
1901.png,0.5543149757558691,0.9114987915663448,0.9228765980043444,0.999382816188349,0.20530529833976854
1902.png,-0.39991566760487873,-0.7787310164558755,-0.776595921946971,0.9999876013309574,-0.08303707413625047
1910.png,0.9629368560953283,0.8806655554262133,0.8766651393279475,0.9999506150395397,0.9612044691822424
1911.png,0.9097670982282652,0.9297177993218554,0.9198441355236497,0.9996614511540004,0.7731200750269045
1917.png,0.47519414342886945,0.9189939691273105,0.9399979869034317,0.7409435676464741,0.5351863143594319
1933.png,0.5756236195504997,0.9999325307270429,0.9997935659368783,0.999490093230278,0.5758689487715113
1941.png,0.026135645319633947,0.9341828796049128,0.9303499547699384,0.9999272610808898,-0.20659981947872105
1949.png,0.49400588547691165,0.804142401726133,0.7467883260557168,0.9915965841611525,0.08313950148987742
1950.png,0.7970620827177015,-0.20476128182656983,-0.20476128182656986,1.0,0.12201613926422948
1951.png,0.5937763599268673,0.9487906122890541,-0.1481623002256541,-0.018055162117034902,0.18261766966223855
1955.png,0.09815968042253151,0.8415868618905714,0.4996393413577993,0.7489824131532505,0.15389862496223025
1957.png,0.8475422370467397,0.6510128475402026,0.6054353869563652,0.9963503096847207,0.10585427026706393
1978.png,-0.3499091267974077,0.9764916970909279,0.9473806615766902,0.8673258632075852,-0.5251726239003803
198.png,0.3611524791670759,0.930609693425989,0.9296357193306117,0.9999951066321231,-0.007183172603847674
1981.png,0.2653365659272488,0.950866615472523,-0.009590931960665277,-0.07183393817776962,0.9545128533291861
1984.png,0.5546278795811463,0.6446107224368803,0.6454432940996083,0.9999992514443864,-0.0811496450294847
1986.png,0.11027651445275281,0.9873451126802104,0.9873451126802104,1.0,0.11199785328672787
1988.png,0.7122392309009293,0.9993129160622665,0.9337779231961463,0.920597699940764,0.41409699923338505
2002.png,0.8411112013491381,0.8504422709231366,0.49623767610237457,0.8722421621913999,0.8743588313780357
2003.png,0.5941074345706718,0.9940889488930571,0.8409064539425105,0.8849406141714884,0.5111088188155477
2006.png,0.9045561387749244,0.9877015182259461,0.6310140679119021,0.6327912788448217,0.28358797548695996
2007.png,0.3521547631377033,0.9944419358477841,0.976110994339956,0.9691225003645626,0.5105709573908326
2008.png,0.7629928389832331,0.8565525873051699,0.827917577377912,0.9978894341575134,0.9063432640885163
2009.png,0.49116972930986896,0.9656690949061644,0.9656690949061644,0.9999999999999999,0.6095087428839465
2014.png,0.2697928615556874,0.9788458584488714,0.9793670706959747,0.9996020951566503,0.07376931703764682
2026.png,0.955021831949331,0.9296884549523705,0.9738429819096552,0.9882790853320798,0.9959918050213791
2029.png,0.953813589226968,0.9620929382182147,0.8738098887738914,0.8800043641166955,0.8889957628950151
2031.png,0.6486553523106786,-0.9896953239101608,-0.9814555311906223,0.9985191489358721,-0.6433056943289697
2039.png,0.902711495094363,0.9333840016150262,0.9819410663850885,0.9769849317121303,0.913396658153487
2055.png,0.7481972176565441,0.9509572008949925,0.8045843095778584,0.9345882810795226,0.4464815886847114
2062.png,0.8870972974402501,-0.8390299169378971,0.947162563463847,-0.6798754591313317,0.9868631115623062
2064.png,0.9342747375629538,0.8157076696291433,0.8921372773109598,0.5564475922046165,0.9852671843761827
2065.png,0.5935405791835742,0.7305267708216465,0.4802555150434535,0.949418331928058,0.9900150139324125
2066.png,0.7529127968733299,0.9866439591451999,0.8826646046568462,0.938574336414306,0.4301381408335711
2075.png,0.6093471708664591,0.9970359302682512,0.9719325126263236,0.9870682763246283,0.7766453105297416
2076.png,0.3271298697711905,0.8877534832596489,0.8510248449887308,0.9952243499016147,-0.1969322451823699
2082.png,0.9977022219286226,0.2994711014416521,0.2603320267552635,0.9991664612593789,0.3227373330753779
2108.png,-0.07609986107236778,0.8849650690831941,0.8511385375644323,0.9976406179647601,0.15959223563938107
211.png,0.16381123810113565,0.9689023149195886,0.9712595539608889,0.998367841622659,0.05265049455272461
2110.png,0.8640386060697871,0.9112444361771225,0.9110877874686693,0.9999999229008255,0.9947244836182239
2118.png,0.99959560442857,0.2528999673467459,0.12587729592688138,-0.9278990937042102,0.09761974209835177
2127.png,0.23351817867993413,0.8945426963034343,0.4776136754256043,0.7936373875154715,-0.5019785957494807
2136.png,0.6983867488562943,0.8659522840834066,0.7566388948467428,0.9177182610803686,0.8147882241866755
2137.png,0.4588145697488037,0.9260945518505221,0.7894380118063247,0.8733985492268007,0.8362959696682499
2148.png,0.9002677839685549,0.9296034228004262,0.9078328500956765,0.9484011784677393,0.9975121751226029
217.png,0.6098737089753288,0.5452476706702977,0.5183288673255532,0.999209076436125,0.993134354194355
2170.png,0.6930301006203116,0.9239724807142058,0.35248332760762463,0.6468769235682001,-0.1331085323236407
2176.png,0.8188492973079488,0.9704534632644806,0.9830412297042203,0.99806710380806,0.7673048886451862
2178.png,0.3253022506770437,0.9999876329656778,0.9881193031888946,0.988210726617036,0.4584889598673602
2182.png,0.9955523157678771,0.9904800540781703,0.990453021331502,0.999991604003273,0.9970210581283461
2188.png,0.9025934337562002,0.998083626900288,0.7768612624944485,0.8137824199821695,0.7995248312860214
2208.png,0.5899758784863729,0.9851328809729458,0.9821119086191542,0.9987011803975266,0.6347723958203518
2211.png,0.4014709350635298,0.4206805796937639,0.8658375678782605,-0.054882615386678546,0.416192295489093
2213.png,-0.2378707402104368,0.9762621452905427,-0.41859785036150826,-0.6053325449999045,0.5461150245796799
2214.png,0.9879125976818798,0.2707463389383479,-0.011021061641119734,0.8678619571203213,-0.1439566892038274
2221.png,0.32771432382131277,0.9137858991534115,0.40843950858619277,0.5819135165765636,0.9914893557280229
2226.png,0.8752806676247503,0.6818379266875056,0.7471677881077932,0.9903235414435734,0.9470757583016985
2227.png,-0.19786936176566866,0.9094367170374383,0.11856057308239515,0.22888828061714403,-0.5183614001207106
223.png,0.8156623636627642,0.8530886646661264,0.8522053665930961,0.9998227442607818,0.3978910752778677
2237.png,0.8774055803950948,0.9738012473986208,0.9973068494083552,0.987612766409614,0.9086411067402722
2241.png,0.5836364668699985,0.9665489703046126,0.9150544268397683,0.9740868901830708,0.5197525628361938
2244.png,0.9080813863417995,-0.24854126631260842,-0.23148802464165835,0.9994848152950905,-0.44346819508008656
2245.png,0.9221462682561041,0.9469290435315083,0.9421527586094158,0.9998825533841573,0.8533897249295522
2246.png,0.9634311181347094,0.855600947983718,0.8556009479837179,1.0,0.9617459130087361
2248.png,0.8348095391420143,0.9142396210049472,0.0708113585241831,0.13586676185420943,0.1350286993651175
2259.png,0.3762628114466606,0.9771334353460246,0.9772191175194367,0.9999984651867658,0.17694362483441475
2272.png,0.8333874382882807,0.5514940424898401,0.4616606715730605,0.9149884392401422,0.3457718497682465
2277.png,0.909739145923085,0.952701815924303,0.9589245699742377,0.998639905758868,0.9779735140677365
2278.png,0.9084557662677544,0.998226500044411,0.9982265000444106,1.0,0.8843984254306135
228.png,0.3570963073765547,0.8457967930297366,0.5583087584370621,0.9097663043228997,0.9089362239592739
2293.png,0.956316504819688,0.978188143104945,0.9638227440092481,0.9970776952889925,0.900634159321251
2326.png,0.5201167411122704,0.9669996391021275,0.9783676839592804,0.9167252930229863,0.4790977872686955
233.png,0.872396697810993,0.5537357404171924,0.04435536818703193,0.2628672509499924,-0.07034238489658902
234.png,0.30782221621533595,0.1931862134726472,0.13591525354489187,0.9967468867121781,-0.7464028879282768
2344.png,0.9651301142402439,0.995837579357549,0.9357772806332442,0.9457442269858448,0.8138625965577788
2353.png,0.49231253667551134,0.9557811729493092,0.9463426900942555,0.9992536036075216,0.2577065131759678
2364.png,0.5988872385407905,0.8892965269750025,0.45014631191994753,0.7912869174389481,0.34836300280257637
238.png,0.9538609336498935,0.40250481474698196,0.10691579605570878,0.8504378462854126,0.002697196236140097
2384.png,0.965741226505475,0.9381821056966636,0.937213042258789,0.9989145038698958,0.9436193300915503
2386.png,0.7639849538179387,0.8342165908271113,0.8195683579754434,0.9991686729367748,0.9675286257668122
2388.png,0.6608711485603838,0.8352887629934501,0.8293412722650828,0.9997721665504012,0.9182559865407933
2389.png,-0.38290735199954556,0.8429784352170971,0.9139867158990886,0.9587508613688542,-0.7221036176350216
2392.png,0.04079468415794698,0.9994410274073663,0.9974881372600023,0.9988639109642683,-0.025129268251509136
2395.png,0.9612575080189542,0.8199446392542187,0.5778280616712946,0.9285524135512242,0.6320044731683995
2399.png,0.962000914807117,0.991291419051636,0.9992449539011939,0.9883209604347257,0.9506877660396437
2400.png,0.7194408780917403,0.9568629129161523,0.5932854323653879,0.47286543571467116,-0.10080010788021385
2401.png,0.9813931981308235,0.9954341537596969,0.9913870937331658,0.9762237241753616,0.9491357881961053
2406.png,-0.02584629917981527,-0.07496825339048466,-0.8403980546509316,-0.008211478265775394,0.20361646129528263
2423.png,0.645970859927203,0.9068078010862222,0.8577737368090267,0.980124376253199,0.4938108047329277
2424.png,0.9366320706392971,0.9984558694070593,0.7951841415266481,0.7603552068607402,0.9571446778602777
2430.png,0.3260582910857981,0.736733573018338,0.7736707984567051,0.9978828160834202,-0.3359121730543867
2442.png,0.9813117997259047,0.49267941769423135,0.6369760789699044,0.947992761736015,0.6819461366453508
2459.png,0.9883889443742658,0.48177495119283525,0.35903404911523695,0.9825558412516668,0.2978742147919886
246.png,0.9777536731153476,,,,
2472.png,0.6213815285695997,0.7583838113589335,0.7068160007756822,0.9823557819902359,0.7832264197942747
2474.png,0.31449642010804807,0.9455051285561639,0.9260949494847587,0.9958014887598109,0.6155401767344602
2486.png,0.8741215057644065,0.5342642875144956,0.5112835242291359,0.9992650179333427,0.30814712241495773
2489.png,0.11133084444713956,0.23337563482574197,0.45980571401705733,0.9612896489820758,0.2816721909632542
25.png,0.9071970757671578,0.9612943706956522,0.961294370695652,0.9999999999999998,0.8089987441768403
2503.png,0.862091966853322,0.9618699766682455,0.8720899462437495,0.9702566374961031,0.9987797749801172
2504.png,0.3649164160285147,0.9871468006460343,0.9758637088777574,0.9829746191566776,0.39501551197420803
2511.png,0.881671186172681,0.09977956450307465,0.07707828883176815,0.9911204990590698,-0.2846321315131492
2520.png,0.8044165189299902,0.2848950311024079,0.29729726843893317,0.9997455947645179,-0.25312404202914046
2522.png,0.9731510972204522,0.9427101556831745,0.9718141000025502,0.8696666055696783,0.8976286075662984
2523.png,0.9255035347172273,0.9675144291782501,0.9277668211065329,0.8055049332900824,0.9932541156684235
2532.png,0.2908992759093503,0.8702170524374502,0.2775349360831391,0.47680384457589603,-0.6338089953492864
2533.png,0.9683706906393074,0.9517361922316595,-0.42917686466874416,-0.5224964689306132,-0.2890342556517089
2537.png,0.947617189957415,0.8901468933136867,0.03377171059947561,0.4203385591265005,-0.12261819678196414
2542.png,0.8897834828934233,0.7623242149484053,0.7543831426476876,0.9999257101980783,0.9705804578423669
2545.png,0.9257189752690924,0.8837334068302762,0.9592758199268974,0.9741171908448227,0.7850649010288234
2555.png,0.8308080114406807,0.9781613892028252,0.9765531880058879,0.9165249764844875,0.7885732068983574
2556.png,0.7333892859689205,0.9514389303923858,0.9500597547328681,0.9999188763247796,0.723447357984561
2557.png,0.9286012529685693,0.4987170818630031,0.7806928657860369,0.6240348947833287,0.5628302313809148
256.png,0.948573418278989,-0.6126055667068604,-0.7493798609054626,0.9788393729797707,-0.8030358585621334
2565.png,0.9952704305002549,0.919924923580072,0.9912483448103296,0.8607246184073578,0.9754852609723773
2575.png,0.364483758343343,-0.03335532936374362,-0.12693959455514697,0.9924757352597988,0.8739783917913294
2577.png,0.5259617623442818,0.9623979840157993,0.44524107179178857,0.567780269797172,-0.030534025770942667
2581.png,0.9631697895687702,0.8988596595421381,0.8892056036757385,0.9995320036025453,0.9519143735355021
2582.png,0.9961926231093224,0.9478815675920881,0.9225578708017689,0.9892124208613988,0.8854479955064589
2589.png,0.7112256961909823,0.700014384846795,0.5517452464412859,0.9781004361742781,0.7204512041897638
2590.png,0.9136341088494796,0.9985724940191064,0.9985724940191066,1.0,0.9034000192535901
2591.png,0.9896259870866752,0.8800859508976898,0.8966816326438922,0.9993131508247224,0.8417523548760929
2592.png,0.7140681909903496,0.7460614948177078,0.7387092279313832,0.9999360475378611,0.29925474034437305
2593.png,0.9261927647224553,0.8805292558025495,0.6529209301381846,0.9335339271662264,0.8243478199902208
2594.png,0.03172199231696097,0.9270899645957382,0.92667372222431,0.9999993033071397,-0.2279485021456646
2602.png,0.9280498975082423,0.9585956755490677,0.9297713390330056,0.9957703926558009,0.9999102689289339
2605.png,0.6608462651284929,0.9847440552140727,0.9942098298729348,0.9957188699690529,0.6859002436444869
2608.png,0.9990866565215603,0.9781485103910794,0.9191739436060414,0.9803423008479449,0.9145898294175955
2609.png,0.8843018934382261,0.9211314083927447,0.9266183089395267,0.99554091005086,0.7721723375836076
262.png,0.9285026215436738,0.7193591954961048,0.8573894271720727,0.9553267393513035,0.7067308934693064
2623.png,0.6801443319280287,0.9933417918415324,0.996308960660468,0.9891252212519772,0.6976385427091439
263.png,0.9346515552992436,0.775006922423591,0.5479396377034791,0.6582634972265279,0.7869386563080673
2656.png,0.9867664195426894,0.9320146274114538,0.8514014767203442,0.9829991728511742,0.7746849906156182
2660.png,0.7792514870102334,0.9365791669568789,0.6448822067842355,0.8697847291164996,0.9805620935530016
2680.png,0.973219386044403,0.9909337465388484,0.9911074360185949,0.9999980385101269,0.9941994997500511
2685.png,0.9568497973323857,0.9733719091463332,0.973576806737763,0.9999994352987184,0.8990930549161193
2701.png,0.7643376344633531,0.4647281233109073,0.46480851431720244,0.9999999302822457,-0.2154622238373072
2703.png,-0.21539568664225953,0.012756488805522125,0.005898317975984629,0.9931261096074232,-0.9073367171231608
2705.png,0.9503931148664697,0.4813730116607911,0.46877054475655644,0.9998826914608078,0.4558460244237458
2706.png,0.9992475354932829,0.959801161664469,0.9563409008749038,0.9999261070052894,0.9511372647186921
2716.png,0.7060175983842669,0.9886623927786015,0.9964775874150155,0.997681703966275,0.7602386779058031
2720.png,0.42211860931707934,0.696356390893515,0.6112976296115056,0.9790607647256128,-0.43404994799249325
2721.png,0.7302026638249464,0.6921720459250013,0.2896035462520914,0.8903454076402936,0.8364054342943654
2723.png,0.8619401619227813,0.35374583414310956,0.9898931367783587,0.3341605475389917,0.8531957676675306
2740.png,0.7002694592540315,0.9830115214889513,0.9827220692029863,0.999788916741856,0.5560427372582095
2752.png,0.8656462642727769,0.9812243078878915,0.9770014228896355,0.9949853122033342,0.7448019336773479
2754.png,0.14908965675299404,0.6796875372000695,0.6572228567201692,0.9981109645664649,0.6896411080907446
2766.png,0.9852010723567091,-0.08334511045612529,-0.10906862696407818,0.9996606331956206,0.0473509382795062
2768.png,0.7806394259059527,0.5264886402422582,0.1533978113798612,0.7984826024560943,0.3353751302692296
2771.png,0.7551099667919964,0.970095776640431,0.9631935104598022,0.9989725909665745,0.8942922861137621
2781.png,0.46251868981554045,0.7401407736375667,0.21659512231117534,0.5005173939835709,-0.1807193758954274
2782.png,0.8695525876319151,0.9408093648718369,0.7928247977113173,0.8328438615014131,0.558767786974382
2784.png,0.9465742090454718,0.9671737131917906,0.28535525038236875,0.5144775987267622,0.5572835630077718
2787.png,0.9508807466543975,0.9983758424001324,0.9858634318690458,0.9937988076943891,0.9783033101554064
2794.png,0.7742784874736549,0.844355980350765,0.9106885398942558,0.9768662573037459,0.5956846867978858
28.png,0.19580789700162768,0.9813695977416664,0.9800187014427296,0.9999433249263259,0.24632018726381938
2801.png,0.9890091697976728,0.6013663880389563,0.6207081625698868,0.99322198468962,0.5183979971094396
2807.png,0.8697945914553467,0.989412206574425,0.9787883877062693,0.9981158095523303,0.9480413622468704
2810.png,0.9559568954424298,0.9834455708536858,0.9853772673130549,0.999934647471446,0.894785598594755
2816.png,-0.08733626501469037,0.9831968372617651,0.9798546681593034,0.9998268693888875,0.11199785328672783
2825.png,0.7846427782163722,0.9158290927129666,0.9643355235510602,0.9893150824113174,0.9207050393286991
2827.png,0.5395029885666334,0.995062199850908,0.9834283770075943,0.9943405023324307,0.3796721868097551
2835.png,0.7590592683352746,0.9960200235731352,0.9948936559751757,0.9936929730848073,0.7105961738555001
284.png,0.45305195995462505,0.9032480624802416,0.8384604881881301,0.8488136034145076,0.7799521225528767
2846.png,0.9833955614684232,0.9866812995938858,0.9700648119542662,0.9964447951113695,0.9115707125283107
2866.png,0.976659085458874,0.994707849289424,0.6906485014426105,0.6972376449981746,0.5473604699409219
2871.png,0.4924194545744278,0.9562927102743903,0.9570679104951039,0.9877389165063664,0.21902548959064508
2875.png,0.9218337624623846,0.9633579127477433,0.6361165854536557,0.8097174539295807,0.6954771252908114
2877.png,0.4703999671103218,0.9097601451886506,0.8360019506000974,0.9869913904522609,0.6623689744503872
2878.png,0.9655995850823547,0.9734138354054362,0.9630470792298049,0.9929683947578042,0.9991820640475306
2882.png,0.35689292171252146,0.9962834568805182,0.8343357318045926,0.8656141533099329,0.7621452085582667
2883.png,0.5831843258394919,0.9153880468618686,0.9489356044232238,0.9935211578473695,0.38310108586539415
2884.png,0.7375776462336496,0.9649771443041593,-0.38229305123379775,-0.1820556572431892,-0.8943051421514697
2885.png,0.9309324308597781,0.50678104225351,-0.07443219389346525,0.8117322225446066,-0.4310926537391196
2886.png,0.6644829052625886,0.9201977611815647,0.9211289077479377,0.9268526643167964,0.501329958402474
2891.png,0.8952580148434746,0.9816960187296134,0.8881475444400511,0.8442761063510237,0.7106545720811609
2895.png,0.6338612100098504,0.9955997009454731,0.9842454240898918,0.9843415797067744,0.48795430237758436
2897.png,0.8397542302064865,0.9704675428046096,0.02892254283660764,0.08340210612141492,-0.0806137257554905
2898.png,0.9763298323323478,0.98504598912649,0.8076714788164364,0.8243834622819491,0.6968355658580108
2910.png,0.9758590938411896,0.8120297323290102,0.741782009220844,0.2814153576181421,0.8168441679583914
2912.png,0.4005242245301108,0.06180422775610149,-0.2626130284116186,0.9295073174734474,0.10020972772352144
2916.png,0.7056332360866169,,,,
2920.png,0.6254757608014254,-0.06456945879505634,-0.2247283361300506,0.9827393707806621,-0.0622167708472936
2924.png,0.8663487196984984,0.9846515299173414,0.6061952394896906,0.6426973304745159,0.8888420764218136
2927.png,0.9469022393171659,0.9451832640900282,0.8251458121794601,0.9592776663081873,0.6433743145175352
2933.png,0.9874798102440716,0.9886223004496795,0.940116097467426,0.9802288642813949,0.9370931290986495
2940.png,0.7884870561825004,0.9737374664061327,0.9232790705520875,0.9864866526766797,0.964225609360169
2941.png,0.7794004614894512,0.7911126144730152,0.7828328559198289,0.9999093555123063,0.23400702512429175
2943.png,0.8796550435710249,0.9795643412083117,0.9802600964744986,0.9996082032545512,0.8950368031295644
2947.png,0.9647195441958597,0.9400269664055996,0.8158834104514235,0.9638488210106132,0.8516846105047158
2951.png,0.49730954122719245,0.34140126824042166,0.3229459691147368,0.9998083623254436,0.9760437433303375
2955.png,0.8702382679167494,-0.27378561518065,-0.5209136474692807,0.9634241089841389,-0.8659727254939066
2957.png,0.9973517645279055,0.9993915130459342,0.9982752872169582,0.9973578048043229,0.9925454015269457
2958.png,0.6284840580664709,0.8583908126717004,0.6373689244682476,0.880365254392238,0.95526855863855
2959.png,0.8631644432111124,-0.6499174416934037,-0.6354749596918082,0.9998202495254614,-0.16293187766296346
296.png,0.9381706697892481,0.9640099468739641,0.9395606104011073,0.9965267873803932,0.9727200726255845
2961.png,-0.11000566668996153,0.8163704083849519,0.7197382963846473,0.9829484833651113,-0.45155027755369326
2968.png,0.9541231997087393,0.8983742288919057,0.9642222375654544,0.9776434699141803,0.9988657323460627
2969.png,-0.17685605416863898,0.8572170363870684,0.930111907053851,0.9592217053152332,-0.5189513481166178
2977.png,0.9871636843378504,1.0,0.9999999999999999,0.9999999999999999,0.9871636843378507
2978.png,0.7800229847081346,0.591326202447883,0.6780714364606537,0.9778790534807238,0.7837409707066593
2979.png,0.7792870858948667,0.5062275889852721,0.4826324984948742,0.9911769945229986,-0.168512996636555
2980.png,0.9612046582114182,0.8952932840391974,0.8792797615356893,0.998005270558374,0.8694619091783219
2981.png,0.6858585988201319,-0.22481326567486365,-0.3024615516746794,0.9962898662098938,-0.7970100946242057
2982.png,0.44991522760899383,0.879819521074583,0.8798195210745833,1.0,0.3084422580782634
2984.png,0.8869817127644184,0.9873425610609299,0.743799464860746,0.7285239208501765,0.6940559490217283
2990.png,0.9967714193626911,0.9278044733592824,0.9261617609625452,0.9999832569002456,0.953110034280885
2991.png,0.792562660149177,0.6655748314742764,0.3453908248912944,0.8985269197674755,0.5776205612455813
3001.png,0.1128521450521784,0.9011792363619461,0.2884000954629029,0.040544320547021985,-0.18900177837531615
3008.png,0.9743942087618503,0.7010462465462058,0.20059310770498412,0.4190193942293496,0.013267916168045514
3015.png,0.00355123991466659,0.943219559240891,0.7931958412660022,0.8879415503173982,-0.4143870238857898
3016.png,0.9819116439262163,0.9335050456486418,0.9346629657426784,0.9999870423569249,0.981574064253563
3018.png,0.7573224988616818,0.9398976442729948,-0.07416753615285977,-0.01948850900791445,-0.4033472758296706
3021.png,0.9957774423331017,0.9907227642350207,0.9907227642350209,1.0,0.9975958444415648
3031.png,0.6857247761259203,0.6163486447673184,0.4662653322063219,0.8829662175943424,0.9502672242652829
3039.png,-0.36255984267210634,0.6423047308137063,0.6943396931907985,0.9974429222310055,0.15055286038394358
304.png,0.8933427210655298,0.8607114473703179,0.8453832003013032,0.9948652309041371,0.8060316404850365
3045.png,0.9382698501646108,0.9963595411978976,0.996720246140924,0.9995194400567597,0.9116277003241879
3046.png,-0.4011128647456419,0.8633302230191422,-0.6870439979331638,-0.23298414777707463,0.30121652890709855
3047.png,0.7719644053727694,0.8902071625079947,0.7965277872509836,0.9641877854916411,0.8610538763093992
3051.png,0.3073775889319339,0.7713332559333814,0.7824520428885046,0.9317648342149565,-0.34889127036436596
3056.png,0.42120751877179907,0.9584499662147641,0.695356194531415,0.8204958654331418,0.589805520513395
3063.png,0.16122586623677568,0.9577657180432613,0.9926729132367216,0.916675368861549,0.24754849214649619
311.png,0.9967208922110143,0.9755815031439005,0.9580081244285809,0.9967238834259976,0.9759628329462158
32.png,0.9608431217355398,0.8234948495129545,0.8383147228750181,0.9994950292755599,0.8127464683043099
321.png,-0.9076738348650145,0.9998428378356837,0.9991458844903952,0.9994382526358017,-0.9218811661635712
323.png,0.9117064224203717,-0.23144562094349044,-0.16967914692302924,0.9522410087164972,-0.1902152691861694
324.png,0.9229746279084995,0.2660807590717348,0.33808213392118674,0.9965769731679135,0.6336139955454659
332.png,-0.5648605795508232,0.18330665506329943,-0.40128118080415964,0.7724349615170962,-0.24008017068007098
333.png,0.10724823071278289,0.987103670869005,0.9861257857315051,0.9999498952539344,0.012316992608935108
350.png,0.5914133815212009,0.808817848684256,0.7714672794027879,0.9969144603593649,0.06050634694829051
351.png,0.8278597670705239,0.9656161567251306,0.9520366439428105,0.9710739061578971,0.6989430681468832
354.png,0.9922113706449777,0.8231425349582144,0.6681061510045908,0.972146663002728,0.590236926364769
404.png,0.94891509146555,0.8228214155353096,0.6626228594871207,0.966813421387589,0.8494346624138267
41.png,0.9059546862760273,0.09463502165458654,0.0766553260696533,0.9782517009026059,0.18447724930467946
415.png,0.6624189344624517,0.8325694136371029,0.8136513049682971,0.9989114946435667,0.3753858316342373
429.png,0.9810584890905459,0.9768171573105897,0.9815748739284795,0.9995259583424043,0.9735259906163782
442.png,0.7898848047091849,0.7534069235567603,0.8356394049586335,0.9406216478780595,0.926553923019083
443.png,0.7834122375225078,0.79743818252905,0.7874869731569027,0.9998577087847423,0.23390228646867453
445.png,0.9053032923713553,0.9920167761390373,0.9932346948033228,0.9987219926566981,0.8558987667894042
452.png,-0.08905347444983917,0.8958781929623663,0.8958781929623664,1.0,-0.3929981820477008
457.png,0.8614929554504304,0.813973704143612,0.24426831283054398,0.734665351045091,0.5055923741384986
472.png,0.258637593921951,0.981269648508044,0.981853295623646,0.9941172938718418,0.3555692108688638
473.png,0.8415801293568475,0.826295042092826,0.8260902974843826,0.9999999256182202,0.4856975395426978
475.png,0.8097108760027826,0.25039806447608803,0.25039806447608803,0.9999999999999999,-0.3398621750549712
482.png,0.9935618688499518,0.9916360991175314,0.9916045426355535,0.9999999700332942,0.9711526046000304
483.png,0.9740375909822984,0.9940938316118628,0.9898557844046143,0.9994078486043464,0.9343825779070293
484.png,-0.04017321682169572,0.998530592691887,0.9985305926918872,1.0,0.013766589285685424
486.png,0.794546953870235,0.9717962928984781,-0.28274359455942194,-0.08095093110424187,0.1885372453603496
494.png,0.6555604215007993,,,,
500.png,0.14266843963032505,0.34021965368551804,-0.27322281286984107,0.8102234595382661,-0.9909539706496132
506.png,0.5858729450090638,-0.22993104877462361,-0.3088279495974651,0.9935810311431795,-0.2674703822165773
507.png,0.11802145306328092,-0.38728628777879825,-0.8899732108546998,0.27205290135379606,-0.508722825467013
518.png,0.8145631520150011,0.8138306602418643,0.828392162072178,0.9990879429968507,0.9041811559022563
519.png,0.18128118921830624,,,,
543.png,0.1786581312057225,0.5911394535149512,0.25619274702561406,0.915563682132592,-0.3649624951149677
55.png,0.6856731406635752,0.8972314213366451,0.9055298585025304,0.9998015891550351,0.5430250906969094
550.png,-0.30189937778663206,0.8130850629397468,0.8129202629749073,0.9999999560114814,-0.5011449719537651
551.png,0.7554762274066734,0.5221692061432572,0.4997992073106477,0.999586317905579,0.34767199101648655
558.png,0.8964160160451135,0.3750272316972745,0.3449769904735146,0.9950619572264879,-0.018219448669140773
56.png,0.920877345991984,0.9868025439854665,0.9931056423000632,0.9989547874007846,0.9590827217764114
561.png,0.4404994142852313,0.9119465005195757,0.8730830868111332,0.9953539180348605,-0.05217282824519404
562.png,0.5076574896890108,-0.6674355229496113,-0.6733775657489885,0.997280784703262,-0.4404097602469759
563.png,0.8518710771197064,0.973643594504499,-0.6541417851625261,-0.5100670512917663,-0.47482148078793895
579.png,0.9574558353043549,0.4497641916790425,0.15921607558213238,0.9249379518442651,0.008935782248807938
581.png,0.8891745874564931,0.5936971997648383,0.579931005673303,0.9998450014294056,0.15027129635853814
589.png,0.16926418899889845,0.9928441093370765,0.9974271726715871,0.9969878789675901,0.09821450171312499
590.png,0.1401594787184504,0.1054175305194992,0.10211938630001226,0.999993074789324,-0.5592764322068994
592.png,0.07054365013688338,0.917479752951073,0.0067984706591724614,0.3841187599938234,-0.6103635577289157
593.png,0.323823609210217,0.9362538008691458,0.29725652125297247,0.5772217613978949,-0.1898411836436324
601.png,0.18693673118015566,0.5196662321610226,-0.2514621485204516,-0.4148937133662307,-0.6303170017595382
604.png,0.967323314700557,-0.45407142473858486,-0.4540443297162648,0.9999999963229251,-0.637958965932532
614.png,0.9957134738882538,0.9603398481824877,-0.1763854308416658,0.06585667871198697,-0.2638810247012572
616.png,0.875758580306877,-0.9262200473806037,-0.9183354578658367,0.9996070329305349,-0.765774442135273
621.png,0.8345229856351126,0.7851564952864999,0.619017587459743,0.9681311563914318,0.09479580985894645
623.png,0.784458347391673,0.5636533387957537,0.4348979902844212,0.9837441353790037,0.11732948323483655
630.png,0.8151775168022162,0.9628896074209827,0.9551575990407264,0.9983087019811819,0.7045152098969528
633.png,0.4769655100030668,0.3131709881457868,0.7758376966951529,0.8421531621038354,-0.11199018578677748
66.png,0.863463567103445,0.719949842406608,0.7123851191842685,0.9920890451308719,0.6131854106156844
67.png,0.4491819243414937,0.9332023783686408,0.6795036674546608,0.5494004924914343,0.929569488913189
670.png,0.9161402235051438,0.8317366308073771,0.8317366308073771,1.0,0.9844485759954182
675.png,0.9949048171331869,0.9902432526191074,0.9885853359767145,0.9999322249410526,0.9712015431521454
681.png,0.9018721488945712,-0.3866576167620541,-0.4568621703398835,0.9967157777845844,-0.775288828872779
687.png,0.9206408944220041,0.9477442260032896,-0.9631771536136751,-0.9981441388062247,-0.820433995162051
694.png,0.36708412018281616,0.8125426965244208,0.7726772225739267,0.9978423914521413,0.5056136906974747
695.png,0.9840450828705046,,,,
7.png,0.9527638596364802,0.9961903922836631,0.9989413166869896,0.9989274904033599,0.9603973061572201
70.png,0.9778109040469564,0.9514674071391661,0.949957397513338,0.9999392943967597,0.9389552273220764
712.png,0.4873499603144659,0.8987439370905095,0.8855305729995288,0.9615266469910974,0.09483956047763545
713.png,0.7922572869895455,-0.06925496919063454,-0.06925496919063451,1.0,-0.17210273184697705
714.png,0.7322158555440372,0.9595202370057985,0.7416794959463081,0.885958958943799,0.09051660871591612
723.png,0.9674593303410299,0.9343737461127104,0.8168243813618359,0.5971397294762627,0.652904917548459
727.png,0.8901819793373581,0.9536887823138364,0.8766860148950655,0.9712038169191367,0.7881644910382937
729.png,-0.13412139717616947,0.9839422184101697,0.9878472056435867,0.9997265128350018,-0.22562632942153446
761.png,0.7159785847416852,0.9895499736032933,0.9819438816364972,0.9989085923742371,0.5731061542221049
762.png,0.9807709779867906,0.9997971631743636,0.9997233650217858,0.9999939199822043,0.9847023808800378
764.png,0.8760023733823069,0.8772786681343515,0.848377318054347,0.9983160252089212,0.9967792066134658
769.png,-0.8487020100509267,0.9961604735007273,0.983914217983202,0.9957285895200115,-0.8377754247102163
776.png,0.94487908613567,0.9223126068446845,0.9025285509084369,0.9795782823339237,0.817409846266172
780.png,0.9694277639191878,0.9795804421835606,0.9786890411969676,0.997037726704641,0.9017981383652794
781.png,0.6867159674408787,0.9505392279903012,0.9481733015677322,0.9999432612488234,0.43579297504185716
782.png,0.7092394797122878,0.8670987472863059,0.6316323275191112,0.9290327583706007,0.7556253779009051
794.png,-0.2440187392227384,0.5943276723764676,-0.4498583406149299,-0.9847616324832424,0.8913025575832312
828.png,0.8011512384409144,0.886081808291252,0.9058711524039575,0.998988227811618,0.978036430870555
837.png,0.4479070939735925,0.9976901221951484,0.9993892096160778,0.9969407974645723,0.4712957203900762
847.png,0.612484216115267,0.9145500597185754,0.9937049407880877,0.8656120353901977,0.5273973444536137
856.png,0.5083330636768351,0.9560863027504928,0.8403180491007476,0.6771593306030466,0.66998761002919
86.png,0.8807817518401445,0.9894789448008424,0.9273984356787278,0.8714468877537551,0.9928850864563867
865.png,0.9299727204493693,0.6908994520173459,0.4153542901351297,0.852435135086963,0.30208767701823386
867.png,0.9713030805296375,0.6197429489240375,0.5025413348679377,0.989856019854334,0.2881693089781536
868.png,0.6772905322427735,0.99434347833806,0.9481167837528915,0.9577693499152923,0.8260541869136537
900.png,0.772291801016146,0.45141483918332603,0.23418950100830713,0.9729804808184999,0.7982290866032036
915.png,-0.7751236229693352,0.921738749546646,0.931567953147501,0.9996412525865549,-0.6235502784211259
921.png,0.9443737304898465,0.8436225786387354,0.8695881059558587,0.9981652746546346,0.7664033621660036
922.png,0.5197984026322301,0.9464448987710318,0.8647357288101333,0.979959644556635,0.8750298338463813
929.png,-0.35395933524231266,0.19159768434320723,-0.17914379183567922,0.9284315810442516,-0.7233097976645619
93.png,0.5567526460583277,-0.8218149413871741,-0.8248197928791727,0.999925720056919,-0.6826602111803944
933.png,-0.23880609786914528,0.9547975111428533,0.9547975111428534,0.9999999999999999,-0.30358090643682334
935.png,0.8481187827293654,0.5680467565987206,0.5549596826080178,0.9994503445835407,0.9101620995728327
939.png,0.5125641962077748,0.9970090513395038,0.9971046468277991,0.9999986978334529,0.4831920146045222
942.png,0.9191075446321346,0.4296441567199758,-0.72961940563899,-0.7988327849505439,-0.5706735773336797
943.png,0.43364489525489125,0.7723959426925253,0.8000256693801175,0.9779140349292564,-0.04869727683977162
944.png,0.21420821383749222,0.5286403656169708,0.23902154373848586,0.8602078799167651,-0.24627953256381846
945.png,,,,,
954.png,0.9663124270830514,0.9720430929165405,0.9528326936415146,0.9940093221399426,0.980881423010725
956.png,0.6150742299642026,0.627923499467636,0.627923499467636,1.0,0.07358612997801968
958.png,0.13624197426531354,0.9957064869424673,0.9957064869424676,1.0,0.0455296183400506
960.png,0.7784360800571033,0.683674583324784,0.6836745833247839,1.0,0.9895494263015657
963.png,0.15800545455691875,0.9941554838681187,0.989627037556198,0.9933533281761645,0.028356084895664095
982.png,0.5064927116228457,0.9394591978930006,0.8810633693813867,0.9694949109205289,0.220881803520253
99.png,0.9064606782405943,0.26273855790724726,0.3849456751722879,0.9425341814134515,0.07285388963797457
992.png,0.8696911593798031,0.6946956268991443,0.6941003383519861,0.9999993328760727,0.25294564971565114
994.png,0.6618538013432348,0.9337219270346494,-0.4838373009757773,-0.14295723109706188,-0.6587272499839493
