filename,B0,B1,B2,B3,B4,B5,B1_minus_B0,B2_minus_B0,B3_minus_B0,B4_minus_B0,B5_minus_B0,within_case_range,best_condition,worst_condition
000001.png,0.868,0.868,0.8677,0.8723,0.8723,0.8723,0.0,-0.00029999999999996696,0.0042999999999999705,0.0042999999999999705,0.0042999999999999705,0.0045999999999999375,B3,B2
000002.png,0.9544,0.9543,0.9544,0.9544,0.9544,0.9544,-9.999999999998899e-05,0.0,0.0,0.0,0.0,9.999999999998899e-05,B0,B1
000003.png,0.8663,0.8906,0.0,0.3948,0.4254,0.9497,0.02429999999999999,-0.8663,-0.4715,-0.44089999999999996,0.08340000000000003,0.9497,B5,B2
000004.png,0.8974,0.8974,0.8964,0.8988,0.897,0.898,0.0,-0.0010000000000000009,0.0014000000000000679,-0.00039999999999995595,0.0006000000000000449,0.0024000000000000687,B3,B2
000005.png,0.9472,0.9474,0.9471,0.9474,0.9471,0.9471,0.00019999999999997797,-9.999999999998899e-05,0.00019999999999997797,-9.999999999998899e-05,-9.999999999998899e-05,0.00029999999999996696,B1,B2
000006.png,0.9278,0.9278,0.9282,0.9284,0.9279,0.9284,0.0,0.00040000000000006697,0.0006000000000000449,9.999999999998899e-05,0.0006000000000000449,0.0006000000000000449,B3,B0
000007.png,0.6859,0.6288,0.7073,0.6475,0.6855,0.6859,-0.05709999999999993,0.021400000000000086,-0.03839999999999999,-0.00039999999999995595,0.0,0.07850000000000001,B2,B1
000008.png,0.9344,0.9338,0.9338,0.9346,0.9363,0.9362,-0.0006000000000000449,-0.0006000000000000449,0.00019999999999997797,0.0019000000000000128,0.0018000000000000238,0.0025000000000000577,B4,B1
000009.png,0.9329,0.9329,0.0,0.0,0.0,0.0,0.0,-0.9329,-0.9329,-0.9329,-0.9329,0.9329,B0,B2
000010.png,0.8276,0.8291,0.8445,0.8371,0.838,0.813,0.0014999999999999458,0.016900000000000026,0.009499999999999953,0.010399999999999965,-0.014600000000000057,0.031500000000000083,B2,B5
000011.png,0.6134,0.6134,0.6134,0.6134,0.6137,0.6137,0.0,0.0,0.0,0.000300000000000078,0.000300000000000078,0.000300000000000078,B4,B0
000012.png,0.7461,0.7574,0.7461,0.7461,0.751,0.7461,0.011299999999999977,0.0,0.0,0.0049000000000000155,0.0,0.011299999999999977,B1,B0
000013.png,0.9101,0.9101,0.9109,0.9167,0.9173,0.9164,0.0,0.0008000000000000229,0.006599999999999939,0.007199999999999984,0.006299999999999972,0.007199999999999984,B4,B0
000015.png,0.8495,0.8495,0.8481,0.8423,0.8437,0.8444,0.0,-0.0014000000000000679,-0.007199999999999984,-0.005800000000000027,-0.005099999999999993,0.007199999999999984,B0,B3
000016.png,0.9348,0.9348,0.9345,0.9358,0.9356,0.9352,0.0,-0.00029999999999996696,0.0010000000000000009,0.0008000000000000229,0.00040000000000006697,0.0012999999999999678,B3,B2
000020.png,0.9192,0.9203,0.9182,0.9278,0.9278,0.9278,0.0010999999999999899,-0.0010000000000000009,0.008599999999999941,0.008599999999999941,0.008599999999999941,0.009599999999999942,B3,B2
000021.png,0.8704,0.8723,0.8724,0.8719,0.8719,0.8719,0.0019000000000000128,0.0020000000000000018,0.0015000000000000568,0.0015000000000000568,0.0015000000000000568,0.0020000000000000018,B2,B0
000022.png,0.8649,0.8925,0.8725,0.8951,0.8925,0.8925,0.027599999999999958,0.007600000000000051,0.030200000000000005,0.027599999999999958,0.027599999999999958,0.030200000000000005,B3,B0
000023.png,0.9164,0.9164,0.9174,0.9204,0.9172,0.9154,0.0,0.0010000000000000009,0.0040000000000000036,0.0008000000000000229,-0.0010000000000000009,0.0050000000000000044,B3,B5
000024.png,0.9505,0.951,0.9512,0.0,0.0,0.0,0.0004999999999999449,0.0007000000000000339,-0.9505,-0.9505,-0.9505,0.9512,B2,B3
000025.png,0.8743,0.8743,0.8784,0.8734,0.8745,0.877,0.0,0.0040999999999999925,-0.0009000000000000119,0.000200000000000089,0.0027000000000000357,0.0050000000000000044,B2,B3
000027.png,0.8344,0.8466,0.834,0.8027,0.8179,0.8176,0.012199999999999989,-0.00040000000000006697,-0.03170000000000006,-0.01650000000000007,-0.016800000000000037,0.04390000000000005,B1,B3
000028.png,0.9605,0.9605,0.9605,0.9609,0.9611,0.9611,0.0,0.0,0.00039999999999995595,0.0005999999999999339,0.0005999999999999339,0.0005999999999999339,B4,B0
000030.png,0.6526,0.6526,0.6526,0.6526,0.6506,0.6303,0.0,0.0,0.0,-0.0020000000000000018,-0.022299999999999986,0.022299999999999986,B0,B5
000031.png,0.8478,0.8478,0.8477,0.8477,0.8477,0.8478,0.0,-9.999999999998899e-05,-9.999999999998899e-05,-9.999999999998899e-05,0.0,9.999999999998899e-05,B0,B2
000032.png,0.939,0.9387,0.9392,0.9405,0.9412,0.9387,-0.00029999999999996696,0.000200000000000089,0.0015000000000000568,0.0022000000000000908,-0.00029999999999996696,0.0025000000000000577,B4,B1
000034.png,0.6887,0.6887,0.0,0.0,0.0,0.0,0.0,-0.6887,-0.6887,-0.6887,-0.6887,0.6887,B0,B2
000039.png,0.7682,0.7556,0.772,0.7689,0.7948,0.7662,-0.012599999999999945,0.0038000000000000256,0.0007000000000000339,0.026599999999999957,-0.0020000000000000018,0.0391999999999999,B4,B1
000040.png,0.9318,0.9318,0.9325,0.9325,0.9332,0.9319,0.0,0.0007000000000000339,0.0007000000000000339,0.0014000000000000679,9.999999999998899e-05,0.0014000000000000679,B4,B0
000041.png,0.7504,0.751,0.7533,0.7376,0.7354,0.7283,0.0006000000000000449,0.0029000000000000137,-0.012799999999999923,-0.014999999999999902,-0.02210000000000001,0.025000000000000022,B2,B5
000043.png,0.8287,0.8287,0.466,0.4661,0.466,0.4658,0.0,-0.36269999999999997,-0.3626,-0.36269999999999997,-0.3629,0.3629,B0,B5
000044.png,0.9261,0.9253,0.9251,0.9271,0.9282,0.9286,-0.0008000000000000229,-0.0010000000000000009,0.0010000000000000009,0.0020999999999999908,0.0024999999999999467,0.0034999999999999476,B5,B2
000045.png,0.934,0.934,0.9338,0.9291,0.9291,0.5728,0.0,-0.000200000000000089,-0.0049000000000000155,-0.0049000000000000155,-0.3612000000000001,0.3612000000000001,B0,B5
000047.png,0.9374,0.9369,0.9371,0.9287,0.9393,0.9276,-0.000500000000000056,-0.00029999999999996696,-0.008700000000000041,0.0019000000000000128,-0.009800000000000031,0.011700000000000044,B4,B5
000051.png,0.972,0.9722,0.9557,0.5096,0.4863,0.3464,0.00019999999999997797,-0.01629999999999998,-0.4623999999999999,-0.48569999999999997,-0.6255999999999999,0.6257999999999999,B1,B5
000052.png,0.9483,0.9484,0.9483,0.3889,0.4393,0.422,9.999999999998899e-05,0.0,-0.5594,-0.509,-0.5263,0.5595,B1,B3
000053.png,0.6853,0.6832,0.6904,0.6793,0.6782,0.6728,-0.0020999999999999908,0.005099999999999993,-0.006000000000000005,-0.007099999999999995,-0.012500000000000067,0.01760000000000006,B2,B5
000054.png,0.8726,0.905,0.8726,0.913,0.9113,0.9072,0.032399999999999984,0.0,0.04039999999999999,0.03869999999999996,0.034599999999999964,0.04039999999999999,B3,B0
000055.png,0.6796,0.6656,0.6575,0.6859,0.6895,0.6895,-0.014000000000000012,-0.02210000000000001,0.006299999999999972,0.00990000000000002,0.00990000000000002,0.03200000000000003,B4,B2
000056.png,0.8938,0.8938,0.8934,0.8935,0.8931,0.8931,0.0,-0.00040000000000006697,-0.000300000000000078,-0.0007000000000000339,-0.0007000000000000339,0.0007000000000000339,B0,B4
000057.png,0.6938,0.692,0.7013,0.6495,0.6039,0.6143,-0.0018000000000000238,0.007500000000000062,-0.044300000000000006,-0.08989999999999998,-0.07950000000000002,0.09740000000000004,B2,B4
000058.png,0.786,0.787,0.0,0.7582,0.7593,0.0232,0.0010000000000000009,-0.786,-0.027800000000000047,-0.026700000000000057,-0.7628,0.787,B1,B2
000059.png,0.8753,0.8811,0.8811,0.8843,0.8842,0.8831,0.005800000000000027,0.005800000000000027,0.009000000000000008,0.008900000000000019,0.007800000000000029,0.009000000000000008,B3,B0
000061.png,0.9585,0.9603,0.9604,0.9551,0.9556,0.956,0.0018000000000000238,0.0019000000000000128,-0.0034000000000000696,-0.0029000000000000137,-0.0025000000000000577,0.005300000000000082,B2,B3
000062.png,0.8649,0.8647,0.865,0.8646,0.8645,0.8646,-0.00019999999999997797,9.999999999998899e-05,-0.00029999999999996696,-0.00039999999999995595,-0.00029999999999996696,0.0004999999999999449,B2,B4
000063.png,0.8913,0.87,0.5521,0.9037,0.9061,0.9059,-0.021299999999999986,-0.33919999999999995,0.012399999999999967,0.014800000000000035,0.014600000000000057,0.354,B4,B2
000064.png,0.9538,0.9538,0.9537,0.9547,0.9547,0.9528,0.0,-9.999999999998899e-05,0.0009000000000000119,0.0009000000000000119,-0.0010000000000000009,0.0019000000000000128,B3,B5
000066.png,0.935,0.9351,0.9341,0.9537,0.9525,0.9338,9.999999999998899e-05,-0.0009000000000000119,0.01869999999999994,0.01749999999999996,-0.0012000000000000899,0.01990000000000003,B3,B5
000068.png,0.9676,0.9676,0.9674,0.9677,0.9677,0.9676,0.0,-0.00019999999999997797,9.999999999998899e-05,9.999999999998899e-05,0.0,0.00029999999999996696,B3,B2
000069.png,0.7891,0.8077,0.8102,0.8101,0.8063,0.8269,0.01859999999999995,0.021100000000000008,0.02100000000000002,0.017199999999999993,0.037799999999999945,0.037799999999999945,B5,B0
000070.png,0.9674,0.9674,0.9673,0.9664,0.9665,0.9674,0.0,-9.999999999998899e-05,-0.0010000000000000009,-0.0009000000000000119,0.0,0.0010000000000000009,B0,B3
000071.png,0.9317,0.9321,0.9346,0.9357,0.9358,0.9352,0.00040000000000006697,0.0029000000000000137,0.0040000000000000036,0.0040999999999999925,0.0035000000000000586,0.0040999999999999925,B4,B0
000072.png,0.0002,0.219,0.0004,0.0006,0.0004,0.0004,0.2188,0.0002,0.00039999999999999996,0.0002,0.0002,0.2188,B1,B0
000073.png,0.7868,0.8014,0.075,0.5932,0.5422,0.5422,0.014599999999999946,-0.7118000000000001,-0.1936000000000001,-0.24460000000000004,-0.24460000000000004,0.7264,B1,B2
000074.png,0.5359,0.5322,0.0,0.9082,0.9127,0.6122,-0.0037000000000000366,-0.5359,0.37229999999999996,0.3767999999999999,0.07629999999999992,0.9127,B4,B2
000077.png,0.8903,0.8901,0.8903,0.8904,0.8906,0.8903,-0.00019999999999997797,0.0,9.999999999998899e-05,0.00029999999999996696,0.0,0.0004999999999999449,B4,B1
000078.png,0.9541,0.9541,0.9538,0.9452,0.954,0.9545,0.0,-0.00029999999999996696,-0.008899999999999908,-9.999999999998899e-05,0.00040000000000006697,0.009299999999999975,B5,B3
000082.png,0.7267,0.6209,0.1598,0.1364,0.1904,0.163,-0.1058,-0.5669,-0.5903,-0.5363,-0.5637,0.5903,B0,B3
000083.png,0.91,0.91,0.9096,0.9086,0.9108,0.911,0.0,-0.00040000000000006697,-0.0014000000000000679,0.0008000000000000229,0.0010000000000000009,0.0024000000000000687,B5,B3
000086.png,0.8976,0.8897,0.711,0.7088,0.7916,0.8448,-0.007899999999999907,-0.1866,-0.18879999999999997,-0.10599999999999998,-0.05279999999999996,0.18879999999999997,B0,B3
000091.png,0.9462,0.95,0.9221,0.9504,0.9462,0.9221,0.0037999999999999146,-0.02410000000000001,0.0041999999999999815,0.0,-0.02410000000000001,0.028299999999999992,B3,B2
000093.png,0.907,0.907,0.9241,0.9102,0.9067,0.9107,0.0,0.017100000000000004,0.0031999999999999806,-0.000300000000000078,0.0036999999999999256,0.017400000000000082,B2,B4
000096.png,0.9157,0.913,0.9134,0.9188,0.9188,0.9188,-0.0026999999999999247,-0.0022999999999999687,0.0030999999999999917,0.0030999999999999917,0.0030999999999999917,0.005799999999999916,B3,B1
000097.png,0.9612,0.9612,0.9616,0.9623,0.9623,0.9623,0.0,0.00039999999999995595,0.0010999999999999899,0.0010999999999999899,0.0010999999999999899,0.0010999999999999899,B3,B0
000098.png,0.5727,0.5732,0.5728,0.5738,0.5757,0.5739,0.000500000000000056,9.999999999998899e-05,0.0010999999999999899,0.0030000000000000027,0.0011999999999999789,0.0030000000000000027,B4,B0
000102.png,0.9221,0.9221,0.922,0.9231,0.9221,0.922,0.0,-9.999999999998899e-05,0.0010000000000000009,0.0,-9.999999999998899e-05,0.0010999999999999899,B3,B2
000103.png,0.8709,0.8712,0.8657,0.8712,0.872,0.8712,0.00029999999999996696,-0.005199999999999982,0.00029999999999996696,0.0010999999999999899,0.00029999999999996696,0.006299999999999972,B4,B2
000104.png,0.9316,0.9321,0.9425,0.9409,0.9434,0.9395,0.000500000000000056,0.01090000000000002,0.009299999999999975,0.011800000000000033,0.007900000000000018,0.011800000000000033,B4,B0
000105.png,0.9304,0.9329,0.9285,0.0,0.4418,0.0,0.0024999999999999467,-0.0019000000000000128,-0.9304,-0.4886,-0.9304,0.9329,B1,B3
000106.png,0.8507,0.8506,0.8506,0.8505,0.8505,0.8504,-9.999999999998899e-05,-9.999999999998899e-05,-0.00019999999999997797,-0.00019999999999997797,-0.00029999999999996696,0.00029999999999996696,B0,B5
000107.png,0.7173,0.7173,0.6527,0.6496,0.5918,0.7178,0.0,-0.0646000000000001,-0.0677000000000001,-0.12550000000000006,0.0004999999999999449,0.126,B5,B4
000108.png,0.8936,0.8928,0.8932,0.3881,0.4205,0.8945,-0.0007999999999999119,-0.00039999999999995595,-0.5055,-0.47309999999999997,0.0009000000000000119,0.5064,B5,B3
000109.png,0.8904,0.8909,0.2869,0.2831,0.2806,0.2813,0.000500000000000056,-0.6034999999999999,-0.6073,-0.6097999999999999,-0.6091,0.6103000000000001,B1,B4
000111.png,0.6975,0.6954,0.6907,0.6838,0.6922,0.6947,-0.0020999999999999908,-0.006800000000000028,-0.013700000000000045,-0.005299999999999971,-0.0028000000000000247,0.013700000000000045,B0,B3
000113.png,0.9232,0.919,0.9161,0.9158,0.9184,0.9169,-0.0041999999999999815,-0.007099999999999995,-0.007400000000000073,-0.0048000000000000265,-0.006299999999999972,0.007400000000000073,B0,B3
000115.png,0.9309,0.9309,0.0,0.0,0.9359,0.0,0.0,-0.9309,-0.9309,0.0050000000000000044,-0.9309,0.9359,B4,B2
000117.png,0.9256,0.9256,0.9256,0.9256,0.9262,0.926,0.0,0.0,0.0,0.0006000000000000449,0.00040000000000006697,0.0006000000000000449,B4,B0
000118.png,0.9469,0.9472,0.9468,0.9457,0.9423,0.946,0.000300000000000078,-9.999999999998899e-05,-0.0011999999999999789,-0.0045999999999999375,-0.0009000000000000119,0.0049000000000000155,B1,B4
000119.png,0.9345,0.9353,0.936,0.9349,0.9348,0.9354,0.0008000000000000229,0.0015000000000000568,0.00039999999999995595,0.00029999999999996696,0.0009000000000000119,0.0015000000000000568,B2,B0
000120.png,0.0344,0.05,0.9316,0.9335,0.9337,0.9349,0.015600000000000003,0.8972,0.8991,0.8993,0.9005,0.9005,B5,B0
000121.png,0.9201,0.9203,0.9202,0.9201,0.8619,0.9179,0.00019999999999997797,9.999999999998899e-05,0.0,-0.05820000000000003,-0.0021999999999999797,0.05840000000000001,B1,B4
000122.png,0.9704,0.9706,0.9705,0.9712,0.971,0.9711,0.00019999999999997797,9.999999999998899e-05,0.0007999999999999119,0.0005999999999999339,0.0006999999999999229,0.0007999999999999119,B3,B0
000123.png,0.6682,0.6682,0.0,0.0,0.0,0.0,0.0,-0.6682,-0.6682,-0.6682,-0.6682,0.6682,B0,B2
000124.png,0.8995,0.9003,0.9085,0.9079,0.9079,0.908,0.0008000000000000229,0.009000000000000008,0.008400000000000074,0.008400000000000074,0.008500000000000063,0.009000000000000008,B2,B0
000125.png,0.9422,0.9415,0.9428,0.9419,0.9414,0.9422,-0.0007000000000000339,0.0005999999999999339,-0.000300000000000078,-0.0008000000000000229,0.0,0.0013999999999999568,B2,B4
000126.png,0.9222,0.9249,0.95,0.9523,0.952,0.9488,0.0027000000000000357,0.027799999999999936,0.030100000000000016,0.029799999999999938,0.026599999999999957,0.030100000000000016,B3,B0
000128.png,0.9305,0.9314,0.9431,0.9477,0.9473,0.9425,0.0009000000000000119,0.012600000000000056,0.017199999999999993,0.016800000000000037,0.01200000000000001,0.017199999999999993,B3,B0
000129.png,0.9716,0.9716,0.9716,0.9717,0.9717,0.9717,0.0,0.0,9.999999999998899e-05,9.999999999998899e-05,9.999999999998899e-05,9.999999999998899e-05,B3,B0
000131.png,0.937,0.937,0.937,0.9369,0.9366,0.9388,0.0,0.0,-0.00010000000000010001,-0.00040000000000006697,0.0017999999999999128,0.0021999999999999797,B5,B4
000132.png,0.84,0.84,0.8314,0.84,0.7783,0.7783,0.0,-0.008599999999999941,0.0,-0.06169999999999998,-0.06169999999999998,0.06169999999999998,B0,B4
000133.png,0.799,0.7999,0.7977,0.7934,0.7907,0.7879,0.0009000000000000119,-0.0013000000000000789,-0.005600000000000049,-0.008300000000000085,-0.011099999999999999,0.01200000000000001,B1,B5
000134.png,0.9273,0.9273,0.9273,0.9268,0.9224,0.9181,0.0,0.0,-0.000500000000000056,-0.0049000000000000155,-0.009199999999999986,0.009199999999999986,B0,B5
000135.png,0.8513,0.8256,0.834,0.4408,0.5151,0.4415,-0.025699999999999945,-0.017299999999999982,-0.4104999999999999,-0.33619999999999994,-0.40979999999999994,0.4104999999999999,B0,B3
000136.png,0.5786,0.532,0.4588,0.49,0.8821,0.5099,-0.046599999999999975,-0.11980000000000002,-0.08860000000000001,0.3035,-0.06869999999999998,0.4233,B4,B2
000138.png,0.8149,0.7887,0.7895,0.85,0.8437,0.8345,-0.0262,-0.025399999999999978,0.03510000000000002,0.028800000000000048,0.019600000000000062,0.06130000000000002,B3,B1
000139.png,0.6379,0.6379,0.347,0.1618,0.1417,0.2277,0.0,-0.29090000000000005,-0.4761,-0.49620000000000003,-0.4102,0.49620000000000003,B0,B4
000140.png,0.7208,0.8088,0.4535,0.0561,0.2493,0.0323,0.08799999999999997,-0.2673,-0.6647,-0.47150000000000003,-0.6885,0.7765,B1,B5
000141.png,0.6757,0.6757,0.6757,0.895,0.8945,0.8902,0.0,0.0,0.21930000000000005,0.2188,0.21450000000000002,0.21930000000000005,B3,B0
000142.png,0.8356,0.8462,0.8462,0.8092,0.8128,0.8098,0.010599999999999943,0.010599999999999943,-0.02639999999999998,-0.022800000000000042,-0.025800000000000045,0.03699999999999992,B1,B3
000143.png,0.8844,0.8844,0.8747,0.6522,0.8267,0.6615,0.0,-0.009699999999999931,-0.23219999999999996,-0.057699999999999974,-0.2229,0.23219999999999996,B0,B3
000144.png,0.8256,0.7834,0.8267,0.7807,0.7807,0.7811,-0.042200000000000015,0.0010999999999999899,-0.04490000000000005,-0.04490000000000005,-0.044499999999999984,0.04600000000000004,B2,B3
000145.png,0.8146,0.8251,0.8313,0.8379,0.8366,0.8309,0.010499999999999954,0.016700000000000048,0.023299999999999987,0.02200000000000002,0.01629999999999998,0.023299999999999987,B3,B0
000147.png,0.8856,0.8872,0.8798,0.8962,0.893,0.8899,0.0015999999999999348,-0.005800000000000027,0.010599999999999943,0.007399999999999962,0.0042999999999999705,0.01639999999999997,B3,B2
000298.png,0.8635,0.6049,0.47,0.8654,0.8656,0.6666,-0.25860000000000005,-0.39350000000000007,0.0018999999999999018,0.0020999999999999908,-0.19690000000000007,0.39560000000000006,B4,B2
000299.png,0.7638,0.7631,0.7588,0.7953,0.7788,0.7869,-0.0007000000000000339,-0.0050000000000000044,0.03149999999999997,0.015000000000000013,0.02310000000000001,0.03649999999999998,B3,B2
000300.png,0.9273,0.9273,0.9279,0.929,0.9289,0.9296,0.0,0.0005999999999999339,0.0017000000000000348,0.0015999999999999348,0.0022999999999999687,0.0022999999999999687,B5,B0
000301.png,0.7654,0.7654,0.7654,0.7712,0.7712,0.7654,0.0,0.0,0.005800000000000027,0.005800000000000027,0.0,0.005800000000000027,B3,B0
000303.png,0.6338,0.6338,0.6583,0.5862,0.6583,0.6583,0.0,0.024499999999999966,-0.047599999999999976,0.024499999999999966,0.024499999999999966,0.07209999999999994,B2,B3
000304.png,0.7253,0.7253,0.7253,0.8113,0.7888,0.7874,0.0,0.0,0.08600000000000008,0.0635,0.062100000000000044,0.08600000000000008,B3,B0
000307.png,0.7849,0.7849,0.7749,0.837,0.8178,0.8178,0.0,-0.010000000000000009,0.052099999999999924,0.03289999999999993,0.03289999999999993,0.06209999999999993,B3,B2
000308.png,0.5486,0.5486,0.5473,0.5412,0.5408,0.5396,0.0,-0.0012999999999999678,-0.007399999999999962,-0.007800000000000029,-0.009000000000000008,0.009000000000000008,B0,B5
000309.png,0.6811,0.6857,0.6853,0.6801,0.6789,0.6637,0.0045999999999999375,0.0041999999999999815,-0.0010000000000000009,-0.0022000000000000908,-0.017400000000000082,0.02200000000000002,B1,B5
000310.png,0.896,0.9144,0.8739,0.9111,0.9072,0.906,0.018399999999999972,-0.02210000000000001,0.015100000000000002,0.011199999999999988,0.010000000000000009,0.04049999999999998,B1,B2
