filename,dice,iou,gt_pixels,pred_pixels
100.png,0.8378088077336198,0.7208872458410351,2443,3143
1004.png,0.7432183302607321,0.5913663034367141,1457,2340
1007.png,0.6557842441447835,0.48785638859556496,1399,2828
1008.png,0.7329725695092368,0.5784977908689249,2065,3294
1011.png,0.5112868994790661,0.34344219803006737,1337,3846
1015.png,0.8505621058404168,0.7399809160305344,1878,1769
1016.png,0.5797453001819285,0.408198121263877,1619,3328
102.png,0.8760962446593209,0.7795118047218887,4753,4141
1023.png,0.9470722229666354,0.8994655128531432,3635,3828
1027.png,0.7182587666263603,0.560377358490566,2091,3698
1029.png,0.4676258992805755,0.3051643192488263,455,1491
1031.png,0.8929537140130428,0.8066091954022988,2834,3453
1035.png,0.8906018381262971,0.8027792624265099,3632,3114
1037.png,0.7256165296600755,0.5693863319386332,5707,3295
1039.png,0.7779960707269156,0.6366559485530546,4626,3009
1040.png,0.706026683024076,0.5456269258118037,4153,2368
1041.png,0.9296274393849793,0.8685082872928177,1718,1664
1047.png,0.7210327455919395,0.5637616937469226,4005,5523
1053.png,0.8501133052767886,0.7393018018018018,3494,2684
1054.png,0.7921168229846848,0.6557892667584038,3366,5057
1057.png,0.58298755186722,0.41142020497803805,3567,4145
1060.png,0.858248220365212,0.7516942260775278,3619,2843
1061.png,0.7391304347826086,0.5862068965517241,1709,2799
1069.png,0.6019019205668469,0.4305148039477194,1614,3749
1072.png,0.4184884447220487,0.2646129541864139,341,1260
1073.png,0.6603235014272122,0.4928977272727273,362,689
1074.png,0.8664969079665333,0.7644415917843389,1496,1253
1078.png,0.6664430655710213,0.49974849094567403,3952,2011
108.png,0.9386987589319293,0.884479092841956,8352,7602
1084.png,0.11862990810359231,0.0630550621669627,1331,1063
1085.png,0.8062709966405375,0.6754221388367729,1851,2614
1089.png,0.7897495631916133,0.6525505293551492,4128,2740
1092.png,0.9084222140492828,0.8322102425876011,2820,2618
1093.png,0.8342022940563086,0.7155635062611807,2022,1814
1096.png,0.7353426919900908,0.5814560888018283,1954,2890
1103.png,0.6225552915371961,0.45196390658174096,3576,1895
1107.png,0.48866964698628024,0.3233374133006936,1653,4834
1111.png,0.8713924050632912,0.7720951099147599,2171,1779
1113.png,0.5285123966942149,0.35916877281662457,1724,3116
1114.png,0.7465602641717116,0.595609220636663,2713,4555
1118.png,0.8529054218332117,0.7435353963543875,1794,2319
1120.png,0.7329310892346776,0.5784461152882205,2324,3974
1123.png,0.8800515907136716,0.7857965451055662,2131,2521
1124.png,0.0,0.0,2360,5246
1125.png,0.898538961038961,0.8157700810611643,2641,2287
1126.png,0.9085619285120532,0.8324447829398325,2264,2548
1130.png,0.9064641048555258,0.8289294470171615,3540,3174
1134.png,0.8401611820013432,0.7243775332947308,1421,1557
1137.png,0.6516958339786278,0.48334481966459913,2220,4237
1138.png,0.5587898235159294,0.3877226463104326,1241,3122
114.png,0.9360481789503872,0.8797843665768194,1726,1761
1140.png,0.8306172839506173,0.7103040540540541,1791,2259
1144.png,0.7252136752136752,0.5688903788132752,1759,2921
1146.png,0.8907521578298397,0.8030235660293463,2170,1885
1148.png,0.8122676579925651,0.6838810641627543,1554,1674
1149.png,0.6668224299065421,0.5001752541184717,1511,2769
1150.png,0.6224198158145443,0.45182111572153066,1052,2097
1156.png,0.4751911790858972,0.31163984138091905,1880,3743
1160.png,0.8372331340734415,0.7200352526439483,2548,3307
1163.png,0.8573981871569003,0.750391061452514,4380,3453
1165.png,0.8964664674976821,0.8123599701269604,5292,4415
1169.png,0.939295316258667,0.8855389541088581,3637,3430
117.png,0.5441316469468245,0.3737505838393274,10381,4325
1170.png,0.7140745121230041,0.5553000689813751,4301,2463
1177.png,0.9409465914025185,0.8884788847888478,2285,2321
1178.png,0.25752592967366555,0.1477932636469222,2688,1265
1179.png,0.0,0.0,2504,3829
1189.png,0.7454718779790277,0.5942249240121581,1222,1925
1192.png,0.862618663800824,0.7584251968503937,2420,3163
121.png,0.9700202317454478,0.9417857142857143,5424,5450
1211.png,0.9439627280962858,0.8938725490196079,3735,3992
122.png,0.96699604743083,0.936101013965946,5034,5086
1223.png,0.9456762749445676,0.8969505783385909,1789,1819
1225.png,0.6845934830749763,0.5204425204425205,1226,1935
1239.png,0.855039637599094,0.7467853610286844,1517,2015
124.png,0.9315783232538836,0.8719200887902331,4341,4092
1241.png,0.4894989250868199,0.32406393693890956,1480,4567
1243.png,0.8716623600344531,0.7725190839694657,1889,1594
1246.png,0.7739183424741012,0.6312127236580517,1615,1667
1247.png,0.9667673716012085,0.935672514619883,2731,2896
1248.png,0.9803611023123219,0.9614787200994097,3118,3196
1249.png,0.9088921282798834,0.832999331997328,2841,2647
1250.png,0.908289241622575,0.8319870759289176,2077,2459
1251.png,0.9319650323071076,0.8725978647686833,1252,1379
1252.png,0.9524745984922977,0.909261576971214,1462,1589
1253.png,0.9252772913018097,0.8609451385116784,1592,1834
1254.png,0.9481481481481482,0.9014084507042254,1418,1552
1267.png,0.0,0.0,490,2775
1273.png,0.8656814449917898,0.7631731325998842,1365,1680
1279.png,0.8756175211329454,0.7787541495801601,5118,3991
128.png,0.8399430908767562,0.7240533496857274,6392,4854
1280.png,0.8217479854777295,0.6974297309484443,6210,5083
1281.png,0.8287003042064408,0.707504925667204,5583,3950
1282.png,0.8966889299417365,0.8127253992787223,3881,3156
1283.png,0.9609929078014184,0.9249146757679181,1630,1754
1293.png,0.6298990847218963,0.45974648852346695,1355,2906
13.png,0.9686120952203369,0.939134626973605,8000,8089
1309.png,0.8894508670520231,0.8009108653220559,1244,1524
131.png,0.9487344487344488,0.9024688839012447,4760,4564
1326.png,0.8081363386476086,0.6780442804428044,1589,2049
1331.png,0.4909182643794147,0.3253092611166834,973,2991
1333.png,0.9222952779438135,0.85579589572934,1626,1720
1334.png,0.9287145720011452,0.8669160876536611,1717,1776
1341.png,0.8014159292035399,0.6686355581807443,2282,3368
1345.png,0.9064124783362218,0.8288431061806656,1626,1836
1346.png,0.652086137281292,0.4837743384922616,1027,1945
1353.png,0.9209814930338948,0.8535363268452496,4492,5126
1355.png,0.8105507039743362,0.6814504045549895,5318,5904
1361.png,0.7562120375483159,0.6079911209766926,3021,4223
1364.png,0.728563820344399,0.5730242948896956,3346,2287
1365.png,0.8998045602605863,0.8178588346755092,3520,4155
1367.png,0.9277028520893212,0.8651546391752577,2098,2425
1368.png,0.8309085030714517,0.7107300884955752,1316,1777
1370.png,0.767661310890079,0.6229304635761589,2349,1572
1371.png,0.883396336144228,0.7911458333333333,1901,1538
1372.png,0.8649155722326454,0.7619834710743801,1383,1815
1373.png,0.853005980484734,0.743688254665203,1355,1822
1378.png,0.4772793902081501,0.313438582980362,821,2590
138.png,0.8671570748593682,0.7654698242933538,3122,3811
1380.png,0.8405508544881367,0.7249570692615913,2729,3298
1381.png,0.5550692924872356,0.38414941948510856,829,1913
1384.png,0.5661192739844425,0.3948161543098252,1310,3318
1387.png,0.6496062992125984,0.48104956268221577,1339,2725
1388.png,0.7661434532088218,0.6209339774557165,2065,2968
1397.png,0.8968264165488886,0.8129513160959702,4146,3637
1398.png,0.8237061313669262,0.7002553981889946,4058,3265
1399.png,0.8527191298784389,0.7432522864153469,3737,4078
1401.png,0.8444546709618039,0.7307845479888491,2133,2213
1402.png,0.29857186889961984,0.17548309178743962,1511,8222
1406.png,0.5579617834394904,0.3869257950530035,1181,2744
1407.png,0.545045045045045,0.3746130030959752,1045,2507
1410.png,0.7229336437718277,0.5660893345487694,1242,2194
1411.png,0.6850728155339806,0.5209967697277342,1130,2166
1425.png,0.5857164704083193,0.41414359861591693,1919,4620
1426.png,0.8701364325416877,0.7701252236135957,1731,2227
1435.png,0.6765807446574136,0.5112368902946562,3071,6007
1436.png,0.8689762380635132,0.7683094443353623,3940,5066
1437.png,0.7633158768680547,0.6172278454864697,3192,4637
1442.png,0.7382528127068166,0.5851035929714136,2231,3813
1457.png,0.9469762109486959,0.899292324442025,1684,1805
1458.png,0.6510426277911053,0.4826265389876881,1801,3618
1459.png,0.8904262441419326,0.8024939662107804,2066,2415
1461.png,0.5617261248007847,0.3905557449710194,2414,5743
1464.png,0.7854010468241618,0.6466340554390869,3584,3485
1465.png,0.9350045225481328,0.8779422470274205,3638,4101
1466.png,0.7072243346007605,0.5470588235294118,2975,4652
1472.png,0.5470343785417454,0.3764950598023921,728,1919
1477.png,0.5202639019792649,0.35159235668789807,832,2351
1480.png,0.7056451612903226,0.5451713395638629,1408,2560
1481.png,0.67960721625942,0.5147007955724663,1522,2857
1482.png,0.611023067441451,0.43990872210953347,1800,3879
1483.png,0.8054206085400153,0.6742294520547946,2059,1852
1484.png,0.9045685279187817,0.8257645968489342,1947,1993
1485.png,0.9523565573770492,0.9090464547677262,1936,1968
1488.png,0.5319314641744548,0.3623342175066313,773,1795
1490.png,0.5775683317624882,0.40604293665518154,1532,3773
1491.png,0.4872032069071847,0.3220546269873624,790,2453
1492.png,0.46372138019993553,0.30184718723761544,719,2382
1493.png,0.87044356609574,0.7706065318818041,2033,2521
1495.png,0.9144542772861357,0.842391304347826,3364,3416
1496.png,0.8741359071344724,0.7764133456904542,3480,4187
1497.png,0.6100719424460431,0.4389233954451346,3332,7093
1498.png,0.42031312725812925,0.26607369758576876,1916,3066
150.png,0.9419439868204283,0.8902590931738914,7829,7346
1509.png,0.6895910780669146,0.526241134751773,2990,5618
1519.png,0.8368298368298368,0.7194388777555111,1806,2484
152.png,0.9697135809236672,0.9412077680234104,3616,3681
1529.png,0.8577467765800042,0.7509252405625463,2032,2699
1533.png,0.5293546821931101,0.3599472121412075,1123,2999
1534.png,0.8443093549476528,0.7305669199298656,1262,1699
1535.png,0.8714837286265857,0.772238514173998,1604,2022
1536.png,0.8286624203821656,0.7074497009244154,1307,1833
1545.png,0.4648068168553753,0.3027676399026764,1991,6576
1546.png,0.9386225610543998,0.8843438032627222,3814,3925
1547.png,0.602091020910209,0.43070831500219975,4348,2156
1548.png,0.7000849617672048,0.538562091503268,4195,2867
1551.png,0.8254016832440704,0.7027097446586764,2701,3834
1552.png,0.5252401389740445,0.3561529933481153,1345,3548
1555.png,0.6789566581682683,0.5139548693586699,1731,3368
1559.png,0.8203052008720025,0.6953537486800423,1326,1885
156.png,0.9623976468717704,0.9275206864848299,12665,12493
1560.png,0.9044276457883369,0.8255298176441597,1733,1971
1563.png,0.6777623670827554,0.5125874125874126,777,1386
1564.png,0.6417736289381564,0.4725085910652921,850,1721
1574.png,0.8191089640365002,0.6936363636363636,2069,1657
1575.png,0.745574310415809,0.5943551033803741,3029,1829
1577.png,0.8895146595991387,0.8010143198090692,2707,3330
1579.png,0.8943713450292398,0.8089256198347108,2458,3014
1583.png,0.749110115971983,0.5988617587662933,5245,3464
1585.png,0.926000734484025,0.8621986664387075,5116,5776
1587.png,0.767244251916028,0.6223814028922827,6712,5292
1588.png,0.8825581395348837,0.7898022892819979,8240,7240
1590.png,0.6792452830188679,0.5142857142857142,1427,2548
1591.png,0.5409356725146199,0.37074148296593185,1687,4469
1596.png,0.7172512526843235,0.5591517857142857,1006,1788
16.png,0.718562874251497,0.5607476635514018,684,1153
1600.png,0.8473026516306005,0.7350608143839239,1615,1666
1601.png,0.7268275620846449,0.5708791208791208,2078,3640
1619.png,0.8498060225383336,0.738837134596852,2407,3006
1628.png,0.6542713567839196,0.48618371919342795,996,994
1629.png,0.8899150350942002,0.8016638935108154,2460,2954
1630.png,0.9196296793237623,0.851217088922007,3457,3996
1644.png,0.9088669950738916,0.8329571106094809,1906,2154
1645.png,0.8911968348170128,0.8037466547725245,1802,2242
1646.png,0.9032536091359621,0.8235756385068762,2212,2429
1647.png,0.0,0.0,2380,2542
1648.png,0.9502601456815817,0.9052339413164155,2300,2505
1656.png,0.8294153104279687,0.7085478887744593,737,922
1657.png,0.7492103600758054,0.598989898989899,610,973
1665.png,0.831858407079646,0.7121212121212122,769,926
1666.png,0.845404489623041,0.7322083639031548,1007,1354
167.png,0.9539396315170522,0.9119355443132846,5178,5026
1678.png,0.9335295560461123,0.875344986200552,1996,2081
1684.png,0.4897400820793434,0.3242753623188406,1254,3863
1685.png,0.7910739191073919,0.6543608675588372,2852,4318
1686.png,0.9306470360325455,0.8702898550724638,3894,3849
1689.png,0.0,0.0,2678,6239
169.png,0.9460021632415342,0.8975371013577518,6109,5910
1696.png,0.8876854250058865,0.7980524978831499,2267,1980
1706.png,0.5860326894502229,0.4144598570828079,2188,1177
1715.png,0.8936049801924165,0.8076726342710997,1599,1935
1716.png,0.8647628038706632,0.7617463617463618,1833,2404
1718.png,0.7469276285844333,0.596077006901562,2599,1795
1727.png,0.6863124773084835,0.522432058959005,10496,6030
1728.png,0.748988492459671,0.5987063172043011,11550,7481
1729.png,0.839273640490679,0.7230589997503537,11684,9022
1730.png,0.959417273673257,0.922,10912,11191
1734.png,0.9084385763490241,0.8322377070733631,3209,3759
1735.png,0.9324144601620118,0.8733861834654587,3952,4319
1736.png,0.9302725263933219,0.8696350700022951,3791,4355
174.png,0.9290728129910948,0.8675405987086676,5037,4508
1740.png,0.8651631477927063,0.7623678646934461,1831,2337
1744.png,0.7715231788079471,0.628032345013477,1165,1855
1746.png,0.8178856973645248,0.6918837675350702,1393,1984
1752.png,0.856637168141593,0.7492260061919505,1050,1210
1769.png,0.9407601572739187,0.8881464983914873,3805,3825
1771.png,0.940599173553719,0.8878595806923452,1870,2002
1773.png,0.9113695090439277,0.8371706622359364,4138,3602
1774.png,0.8423065607531627,0.7275730622617534,2900,3898
1776.png,0.0006419858763107211,0.00032109600770630417,4789,4557
1789.png,0.7620660457239627,0.615595075239398,482,699
1796.png,0.7714766984839978,0.6279707495429616,2006,1556
1798.png,0.8825286212045794,0.7897550111358574,1783,2235
1807.png,0.667563025210084,0.5010090817356205,1836,1139
1816.png,0.9067688378033205,0.8294392523364486,1825,2090
1824.png,0.8806846452383321,0.7868065433854907,4495,5554
1825.png,0.7160098259104988,0.5576443187489603,5851,3512
1826.png,0.9407205870228378,0.8880759651307597,5971,6158
1827.png,0.9648983481575604,0.9321773822310879,6397,6195
1829.png,0.7000970559689421,0.538576406172225,3866,2316
183.png,0.9485949280328992,0.9022164276401564,2997,2839
1834.png,0.9270833333333334,0.8640776699029126,2772,3180
1835.png,0.31101272827891535,0.18414154652686762,2216,1398
1843.png,0.8,0.6666666666666666,1677,1133
1847.png,0.7135434707308624,0.5546580506192784,3714,2060
1852.png,0.8662674650698603,0.7640845070422535,810,693
1853.png,0.0,0.0,4631,3538
1858.png,0.7440420088864952,0.592409948542024,13874,8407
1863.png,0.673617780216765,0.5078609846917667,4765,2524
1869.png,0.49197230814552956,0.3262355928892362,1987,4802
1879.png,0.7271528998242531,0.5712806351397998,2843,1709
1880.png,0.8836973082783138,0.7916287534121929,1073,896
1882.png,0.6475998850244323,0.47885228480340064,2366,4592
1886.png,0.55546875,0.38453217955651703,765,1795
1890.png,0.46668042087889416,0.3043595263724435,9115,29661
1894.png,0.0,0.0,2931,516
1900.png,0.5982591639082996,0.4267972712961343,4144,4013
1901.png,0.9160662487133902,0.8451312154696132,5676,5011
1902.png,0.6979189809671925,0.536002730064839,8790,4713
1910.png,0.9100709219858156,0.8349817803227486,1901,1624
1911.png,0.8967813540510544,0.8128772635814889,942,860
1917.png,0.820066889632107,0.6950113378684807,6827,5133
1933.png,0.5503399868392191,0.37963383265244366,5731,12505
1941.png,0.7234913058302079,0.5667735042735043,9349,5316
1949.png,0.9169553096223705,0.8466458658346334,5589,6248
1950.png,0.82,0.6949152542372882,1084,1316
1951.png,0.9541899441340782,0.9123931623931624,2723,2647
1955.png,0.8514851485148515,0.7413793103448276,3061,2696
1957.png,0.8832915732559673,0.7909777987718469,4038,3545
1978.png,0.5297626938883734,0.36032461677186656,6302,8784
198.png,0.8829536527886881,0.790436005625879,2398,2694
1981.png,0.8936908517350157,0.8078129455374964,3149,3191
1984.png,0.8700343305541932,0.7699652777777778,1001,1038
1986.png,0.7044124624387158,0.543701171875,3061,3262
1988.png,0.8725617685305592,0.7739331026528259,1729,1347
2002.png,0.8880981365296376,0.7987198922014486,5931,4748
2003.png,0.9211505308048271,0.8538267451640034,5244,5777
2006.png,0.7678667383127351,0.6232010466637593,5863,5303
2007.png,0.6646825396825397,0.49777117384843983,7956,5148
2008.png,0.9084830756372754,0.832312404287902,9033,7718
2009.png,0.7637421093694589,0.6177854274239817,8715,5384
2014.png,0.7458170983268393,0.5946637426900585,7847,9605
2026.png,0.8977212506624271,0.8144230769230769,1771,2003
2029.png,0.8825706594885598,0.7898223426678711,3253,2691
2031.png,0.926309645410769,0.8627344387061702,7269,6437
2039.png,0.9145288753799392,0.8425179211469535,4421,3804
2055.png,0.7300747198007472,0.5748958077960284,3439,2985
2062.png,0.9564684242795831,0.9165687426556992,3278,3246
2064.png,0.747668327584004,0.5970210161191594,3652,4175
2065.png,0.8954496208017335,0.8106915154487494,2027,1665
2066.png,0.9067760034527406,0.8294512435846821,2529,2105
2075.png,0.4209632740595121,0.2665949861354762,17472,4910
2076.png,0.0,0.0,14542,4806
2082.png,0.7644163150492265,0.6186681844052362,1757,1087
2108.png,0.6667799779043087,0.5001274859765426,6562,5205
211.png,0.6699473952146615,0.5036999234498597,4638,7148
2110.png,0.8932478310071671,0.8070892978868439,1444,1207
2118.png,0.8652706440142236,0.7625348189415042,1289,1242
2127.png,0.25384267631103075,0.14537216828478963,7725,1123
2136.png,0.49364763508342263,0.32771059851641093,3960,9106
2137.png,0.6539737487379201,0.48585512216030863,4582,2351
2148.png,0.9348807221147647,0.8777239709443099,1644,1458
217.png,0.9263482280431433,0.8628013777267508,3115,3375
2170.png,0.8026243849097867,0.6703196347031963,1870,1788
2176.png,0.5569886812319031,0.38599051441079896,5014,2584
2178.png,0.6958578368703656,0.5335751396921871,10161,5483
2182.png,0.745520501264153,0.5942867157378199,5706,3391
2188.png,0.9274942489562921,0.8647918652685097,6002,5735
2208.png,0.6720218491445096,0.5060488749092669,8015,4434
2211.png,0.7106415094339623,0.5511589791617888,7088,6162
2213.png,0.0020531964535697622,0.0010276532137518685,6285,4430
2214.png,0.7758402029169309,0.6337736337736338,3461,2847
2221.png,0.6060991105463787,0.43482224247948953,6582,2862
2226.png,0.5404296403572291,0.3702662477261452,5834,2452
2227.png,0.7454151055018734,0.5941527821439799,4593,5549
223.png,0.9811117832896418,0.962923868584246,7402,7475
2237.png,0.6571428571428571,0.48936170212765956,1584,1356
2241.png,0.7936328044508552,0.6578700145187463,7945,11467
2244.png,0.7460719716168271,0.5949878738884398,1235,738
2245.png,0.9118266626542281,0.8379424778761062,1684,1639
2246.png,0.8458820331611852,0.7329251059821008,1781,1898
2248.png,0.9245283018867925,0.8596491228070176,3501,3283
2259.png,0.719642030550841,0.562063147746445,4149,2332
2272.png,0.7539092151206923,0.6050194931773879,3898,2689
2277.png,0.5926530612244898,0.4211136890951276,2706,4644
2278.png,0.5643620011242271,0.39310884886452624,1051,2507
228.png,0.7326062429484769,0.5780415430267062,2148,3170
2293.png,0.5761666023910529,0.40465872156013,4649,8316
2326.png,0.6335955341283938,0.4636954503249768,2634,5248
233.png,0.9367886804060289,0.8810935917835961,6224,6780
234.png,0.9272183449651047,0.8643122676579925,6202,6837
2344.png,0.9028283162421435,0.8228687721414035,10966,13218
2353.png,0.7669156169880726,0.6219490146447297,4193,4778
2364.png,0.8851107676455435,0.7939001848428835,998,943
238.png,0.9074626865671642,0.8306010928961749,1794,1891
2384.png,0.6600421559771154,0.49258426966292135,4382,2260
2386.png,0.5668320793981111,0.39550988495476375,8953,3541
2388.png,0.5670921327454166,0.39576315107540816,15436,6109
2389.png,0.8117936886560044,0.6832093727374449,11510,14063
2392.png,0.5022466300549177,0.3353333333333333,9000,3018
2395.png,0.6413223140495867,0.4720194647201946,6652,6053
2399.png,0.3149965445749827,0.18694118612090888,12191,2279
2400.png,0.8261827017996811,0.7038426704618967,5542,7627
2401.png,0.4271954674220963,0.2716138328530259,6680,2145
2406.png,0.9106273274133486,0.835919011306863,3740,3242
2423.png,0.6920204674318905,0.5290759145696765,7558,6904
2424.png,0.7905480984340044,0.6536416184971098,12233,9223
2430.png,0.8236997008588247,0.7002461033634126,5748,4615
2442.png,0.8479700547077454,0.736065983504124,3741,3205
2459.png,0.6812064471514442,0.5165375927718618,12348,6451
246.png,0.8558172733761599,0.7479725514660013,1292,1510
2472.png,0.6170123903661423,0.4461445540567747,4863,2320
2474.png,0.5431182181610509,0.37279498235985886,4922,2082
2486.png,0.8586806859431718,0.7523579732397455,4543,3446
2489.png,0.6896588429400181,0.5263200649878148,12310,6479
25.png,0.6613816534541337,0.494077834179357,3400,1898
2503.png,0.5130339539978094,0.345020624631703,5596,8099
2504.png,0.7171004264078812,0.5589684813753582,8714,4888
2511.png,0.4054080922556914,0.25423940149625934,2046,8013
2520.png,0.8973266588561082,0.8137737853762195,10222,8556
2522.png,0.9124532756246311,0.8390014471780028,2570,2513
2523.png,0.9119094488188977,0.838082315694256,2057,2007
2532.png,0.7178082191780822,0.5598290598290598,8242,10738
2533.png,0.7437208024182468,0.5920027998950039,8970,9225
2537.png,0.5234463276836158,0.35450545245838916,5626,8534
2542.png,0.9120709602776707,0.8383551931939028,2605,2581
2545.png,0.8882691302074255,0.7989965506428347,2772,2965
2555.png,0.0,0.0,2279,5448
2556.png,0.8908801849978321,0.8032316914255929,7560,6278
2557.png,0.9489240763296792,0.9028121137206427,6447,5868
256.png,0.9456384323640961,0.8968824940047961,3545,3574
2565.png,0.39679756895745677,0.2475030983451192,13705,3407
2575.png,0.887793427230047,0.7982271000422119,7055,5725
2577.png,0.8448673587081892,0.7314028956565152,6008,4396
2581.png,0.5683101816516563,0.39695063439599104,3760,9342
2582.png,0.8705673758865248,0.7708006279434851,4104,4920
2589.png,0.42526071842410196,0.27005150846210446,2249,1203
2590.png,0.7187742435996897,0.5610051468362095,3303,1853
2591.png,0.463267429760666,0.3014626218851571,3678,1127
2592.png,0.7885840953172624,0.6509606587374199,4304,2914
2593.png,0.8732922582373426,0.7750832144555397,3843,3623
2594.png,0.6710613052076466,0.5049603174603174,3024,1527
2602.png,0.6809441925902767,0.5162360748992653,8429,4365
2605.png,0.3906105457909343,0.2427072855295301,6959,1689
2608.png,0.773198977289818,0.6302562216501164,7693,5605
2609.png,0.25838926174496646,0.14836223506743737,4132,636
262.png,0.9050729673384295,0.8266057374968266,3468,3727
2623.png,0.20194090066514012,0.112310491206792,7370,1801
263.png,0.8863049095607235,0.7958236658932715,2253,2391
2656.png,0.7102952913008779,0.5507425742574258,4186,7091
2660.png,0.7010719225449515,0.5397311327033143,7511,4057
2680.png,0.8211413251627729,0.6965562053281351,1539,1072
2685.png,0.7751347922613384,0.6328327291558777,1931,1222
2701.png,0.887272040064254,0.7973845108695652,5888,4695
2703.png,0.6178531073446327,0.44702419882275995,1715,2710
2705.png,0.8018391835819222,0.6692250093597903,5315,3602
2706.png,0.7017297145267894,0.5405112651646448,4581,2530
2716.png,0.7860989997435239,0.6475808155503908,4220,3578
2720.png,0.8058222359863735,0.674792531120332,6523,6393
2721.png,0.7692751949177015,0.6250586579070859,6316,4073
2723.png,0.6177020569291503,0.4468660754546821,6493,3133
2740.png,0.745035027958095,0.5936699784902182,9301,6258
2752.png,0.7997169143665959,0.6662735849056604,595,818
2754.png,0.6568399275924489,0.4890257989988448,1411,2456
2766.png,0.6939857288481142,0.5313768342179207,9449,5266
2768.png,0.6403380031131866,0.4709538139474029,15094,7391
2771.png,0.7554524943594886,0.6070097693624735,6592,9364
2781.png,0.6553702468312208,0.4873982933121651,2479,5016
2782.png,0.9496766938431263,0.9041755888650964,3698,3416
2784.png,0.0,0.0,5054,1144
2787.png,0.8040140086206896,0.672260389683523,6309,8539
2794.png,0.6418503794723527,0.4725918041511442,1825,942
28.png,0.6610348468848997,0.49369085173501576,2117,3565
2801.png,0.4734144778987828,0.3101133025597986,5817,16037
2807.png,0.9312429165092557,0.871332626369742,2547,2747
2810.png,0.7936079225748368,0.6578358208955224,2675,1768
2816.png,0.0,0.0,3396,882
2825.png,0.8667072428484479,0.7647690655209453,1523,1763
2827.png,0.863458310016788,0.7597242737567701,1577,1997
2835.png,0.8753056234718827,0.7782608695652173,789,847
284.png,0.9054054054054054,0.8271604938271605,980,1092
2846.png,0.8165281832472491,0.6899430740037951,2058,2395
2866.png,0.5060887051726064,0.3387675740352976,2265,6686
2871.png,0.9035281998454803,0.8240323186771891,10413,9002
2875.png,0.9028091701646755,0.8228369629193644,1614,1483
2877.png,0.5846679749319491,0.41309598354056715,4729,11068
2878.png,0.894760147601476,0.8095619658119658,7461,6089
2882.png,0.6410256410256411,0.4716981132075472,11020,5750
2883.png,0.7193753050268423,0.5617378048780488,1222,827
2884.png,0.8967359050445104,0.8128025820333513,1638,1732
2885.png,0.2847884788478848,0.1660369437447523,1112,4443
2886.png,0.583001157258583,0.4114337568058076,2992,4785
2891.png,0.9067140090380891,0.8293475051668143,3051,3145
2895.png,0.7938371239911959,0.6581508515815085,1168,1558
2897.png,0.9107798165137615,0.8361760370604338,4275,4445
2898.png,0.8696777905638665,0.769406973784678,3320,3632
2910.png,0.0,0.0,3972,5087
2912.png,0.8494768815389807,0.7383396890583749,2695,3231
2916.png,0.8198636806231743,0.6947194719471947,1605,1476
2920.png,0.8431408493736633,0.7288189309106275,9257,7108
2924.png,0.8711907005969212,0.7717784581129975,2814,3552
2927.png,0.8930051182061906,0.8066930867459269,2084,2019
2933.png,0.8160610139075819,0.689276241000379,2080,2378
2940.png,0.022743259085580305,0.011502430926123563,15771,1289
2941.png,0.9321683504310176,0.8729544126241964,13371,12266
2943.png,0.9077255950108184,0.8310417152178979,4203,3654
2947.png,0.8121918422232183,0.6837735849056604,3592,3101
2951.png,0.8493167701863354,0.7380978084853719,9121,6979
2955.png,0.7193937958797064,0.5617603550295858,2564,1659
2957.png,0.8123594406961964,0.6840111971019266,5387,4840
2958.png,0.7773963069499861,0.6358530661809351,6010,4767
2959.png,0.9067982456140351,0.8294884653961886,5845,5099
296.png,0.587012987012987,0.41544117647058826,3633,7917
2961.png,0.7747330960854093,0.6322974150450189,3163,2457
2968.png,0.918784255107125,0.8497695852534562,4251,3777
2969.png,0.60625,0.4349775784753363,5243,2437
2977.png,0.914538822303283,0.842534805568891,1862,1976
2978.png,0.9344005568122499,0.8768778576094056,2759,2988
2979.png,0.9471386246686418,0.8995853080568721,3185,3228
2980.png,0.9336269267065115,0.8755162241887906,3163,3195
2981.png,0.784785748675975,0.6458003169572107,2486,1668
2982.png,0.9040152963671129,0.8248429867411026,1194,1421
2984.png,0.820433135864815,0.6955376255557385,6041,4256
2990.png,0.8284029842959253,0.7070716066975419,11110,8057
2991.png,0.7591792656587473,0.6118363794604004,12492,7880
3001.png,0.008298755186721992,0.004166666666666667,8209,2154
3008.png,0.7707808564231738,0.6270491803278688,4220,3720
3015.png,0.9570009184269851,0.9175472302273455,6083,5894
3016.png,0.9223027068242471,0.8558086882694212,6973,6142
3018.png,0.5457567949463885,0.37528577960676723,8686,3345
3021.png,0.7274081429990069,0.5715957861880608,2475,1553
3031.png,0.3755504499329887,0.23118628086510695,16899,3993
3039.png,0.7478684531059683,0.5972762645914397,308,513
304.png,0.6996555844520981,0.538054054054054,9124,5103
3045.png,0.8043641835966893,0.6727501573316551,7876,5414
3046.png,0.6948478003657094,0.5323883303115213,4376,4921
3047.png,0.9251700680272109,0.8607594936708861,801,816
3051.png,0.6663367736462604,0.4996289621541397,9404,4742
3056.png,0.4817178645988667,0.3172782273905869,4052,12713
3063.png,0.8738494856524093,0.7759615384615385,1690,2004
311.png,0.7822911912368782,0.6424287856071964,6108,9229
32.png,0.6263782866836302,0.4560049397962334,2885,1831
321.png,0.8389307745030843,0.7225501770956316,1920,2457
323.png,0.912258338644572,0.838671875,2274,2433
324.png,0.906468124709167,0.828936170212766,2100,2198
332.png,0.0,0.0,2871,2688
333.png,0.8530844155844156,0.7438075017692852,1137,1327
350.png,0.9485294117647058,0.9020979020979021,2000,2080
351.png,0.9408787669657235,0.8883579496090356,2172,2175
354.png,0.8292055323255066,0.7082417582417583,3992,5335
404.png,0.9534792036270452,0.9110943680542475,5102,5044
41.png,0.9443762781186094,0.8946144905075553,2422,2468
415.png,0.5947605403192796,0.42324497524031457,1505,3381
429.png,0.9176079734219269,0.8477593615715162,4410,4620
442.png,0.9067400275103163,0.8293910417715148,5744,5161
443.png,0.9571466881201395,0.9178152643488994,9450,9195
445.png,0.8191588165052408,0.6937078651685393,8790,6284
452.png,0.9412653446647781,0.8890474491616126,2700,2595
457.png,0.007420249653259362,0.0037239411130059515,8936,19904
472.png,0.9318131988598991,0.8723316912972086,2185,2376
473.png,0.9289392378990731,0.8673076923076923,1884,2000
475.png,0.9313998884551031,0.8716075156576201,1811,1775
482.png,0.8608240504630251,0.7556550424128181,4162,3289
483.png,0.7473612529792305,0.596629518891003,3635,2239
484.png,0.8098720292504571,0.6804915514592934,1039,1149
486.png,0.9511800840607824,0.906905055487053,3138,3048
494.png,0.9232379623168179,0.8574206092028516,1394,1472
500.png,0.8751136157062352,0.7779573367808662,3050,2451
506.png,0.9609731373542828,0.9248780487804878,5955,5883
507.png,0.9719021629270265,0.9453401494298073,7447,7394
518.png,0.9113670505758638,0.8371665133394665,1000,997
519.png,0.8435045317220544,0.7293625914315569,728,927
543.png,0.9538918267000649,0.9118481731110323,5591,5188
55.png,0.6176327325864588,0.44679351656095845,1294,2812
550.png,0.8468468468468469,0.734375,764,901
551.png,0.9356027373223372,0.8789976920540719,2961,2738
558.png,0.9400506614128905,0.88688263409453,1753,1800
56.png,0.9016018306636155,0.8208333333333333,1044,1141
561.png,0.6735029750601342,0.5077304829165872,10454,5344
562.png,0.8414052334827237,0.7262290990766159,7906,5928
563.png,0.638233383849318,0.4686804451510334,5543,3695
579.png,0.0,0.0,480,740
581.png,0.9611904283128896,0.9252806813782424,5019,4927
589.png,0.9412328329607155,0.8889894419306184,3142,3120
590.png,0.7666718970657461,0.6216284987277354,3891,2482
592.png,0.9313943541488452,0.8715978226064681,2853,2992
593.png,0.9636930754834685,0.9299301709607513,4103,3912
601.png,0.9635966162912271,0.9297505502567865,5266,5255
604.png,0.9606229797237732,0.9242295730845349,3429,3377
614.png,0.8798120840401932,0.7854147250698975,3956,3707
616.png,0.9594345421020283,0.9220318960425281,3285,3223
621.png,0.9294787560227771,0.8682487725040916,5448,5967
623.png,0.8702922331614314,0.7703693456909669,7168,5630
630.png,0.8623835951462704,0.7580618488506697,5911,4720
633.png,0.9498313659359191,0.904456041750301,2283,2461
66.png,0.9232619677652153,0.8574620196604111,3852,4462
67.png,0.9323567427832831,0.8732849071832123,2326,2316
670.png,0.9766691753574884,0.9544021853330532,4599,4702
675.png,0.9078864353312303,0.8313113807047949,3130,3210
681.png,0.9655207434113644,0.9333398782642843,9987,9706
687.png,0.9621280432822362,0.9270199826238054,2198,2238
694.png,0.9573516254100806,0.9181922196796338,3462,3244
695.png,0.8249496981891348,0.702054794520548,1990,1489
7.png,0.7928440739987802,0.6567867969013136,2360,2559
70.png,0.5433436532507739,0.37300743889479276,1404,3764
712.png,0.8427843803056028,0.7282863849765259,2671,3219
713.png,0.918341307814992,0.8490120908286641,2935,3335
714.png,0.9022556390977443,0.821917808219178,2701,3284
723.png,0.9661569315617949,0.934529582929195,1990,1999
727.png,0.6520773344302756,0.4837646484375,4159,7996
729.png,0.9005107252298263,0.8190263842437755,2684,2211
761.png,0.9338871581862236,0.875974025974026,1505,1384
762.png,0.9526157217200767,0.9095188284518828,1874,1777
764.png,0.8096876290078436,0.6802312138728324,3682,3585
769.png,0.5478211658177702,0.37724084177708495,4873,11030
776.png,0.5331031681559708,0.36342240066454384,7223,2625
780.png,0.7060869565217391,0.5456989247311828,812,1488
781.png,0.47237657864523536,0.30922318422318423,5146,16629
782.png,0.8560651181258686,0.7483512669212079,6608,8503
794.png,0.7087147215865751,0.5488444214723474,13184,7792
828.png,0.8693356797184338,0.7688715953307393,1161,1112
837.png,0.6626506024096386,0.4954954954954955,1701,2781
847.png,0.939110824742268,0.8852110537503796,3163,3045
856.png,0.8971127771574414,0.8134220422331502,6096,6442
86.png,0.898826730147934,0.8162445954292773,5454,6308
865.png,0.6063231729331064,0.4350529198430908,6588,12801
867.png,0.7248449164125749,0.5684366754617414,13907,14626
868.png,0.6153370439084724,0.44439481911567663,17868,8004
900.png,0.5902015204537227,0.4186424719678165,11541,5033
915.png,0.7788420300214439,0.6377897447904473,8397,5593
921.png,0.40942724033981914,0.25740868366643693,825,2824
922.png,0.9588068181818182,0.9208731241473397,3409,3631
929.png,0.7417040358744394,0.5894511760513186,1654,2806
93.png,0.7368884971353019,0.5833914863921842,2541,1997
933.png,0.7480664801711371,0.5975289169295478,3763,2314
935.png,0.9618300653594771,0.9264668849156383,3874,3776
939.png,0.0,0.0,1844,1953
942.png,0.5765407554671969,0.40502793296089384,2193,5352
943.png,0.9473023839397742,0.899880810488677,1596,1592
944.png,0.9292452830188679,0.8678414096916299,1263,1281
945.png,0.9188911704312115,0.8499525166191833,941,1007
954.png,0.48558758314855877,0.3206442166910688,660,2046
956.png,0.6470588235294118,0.4782608695652174,492,528
958.png,0.6325301204819277,0.46255506607929514,1793,3851
960.png,0.8350253807106599,0.7167755991285403,2069,1871
963.png,0.5352212389380531,0.3653939101014983,1533,4117
982.png,0.9469759734879868,0.8992918961447679,3601,3641
99.png,0.8855640921957137,0.7946298984034833,2400,2546
992.png,0.9099065420560748,0.8347050754458162,1238,1437
994.png,0.9117334278624601,0.8377850162866449,2585,3057
