case,numeric_id,n_original_candidates,candidate_names,candidate_classes,candidate_parents
000001.png,1,5,benign (1).png|benign_000001.png|malignant (1).png|normal (1).png,benign|malignant|normal,MedCLIP-SAM/data/busi/Dataset_BUSI_with_GT/benign|MedCLIP-SAM/data/busi/Dataset_BUSI_with_GT/malignant|MedCLIP-SAM/data/busi/Dataset_BUSI_with_GT/normal|MedCLIP-SAM/data/prepared/breast/test/images|MedCLIP-SAM/data/prepared/breast/test/masks
000002.png,2,7,benign (2).png|benign_000002.png|malignant (2).png|normal (2).png,benign|malignant|normal,MedCLIP-SAM/data/busi/Dataset_BUSI_with_GT/benign|MedCLIP-SAM/data/busi/Dataset_BUSI_with_GT/malignant|MedCLIP-SAM/data/busi/Dataset_BUSI_with_GT/normal|MedCLIP-SAM/data/prepared/breast/val/images|MedCLIP-SAM/data/prepared/breast/val/masks|MedCLIP-SAM/reproduction/scorecheck_one/images|MedCLIP-SAM/reproduction/scorecheck_one/out
000003.png,3,5,benign (3).png|benign_000003.png|malignant (3).png|normal (3).png,benign|malignant|normal,MedCLIP-SAM/data/busi/Dataset_BUSI_with_GT/benign|MedCLIP-SAM/data/busi/Dataset_BUSI_with_GT/malignant|MedCLIP-SAM/data/busi/Dataset_BUSI_with_GT/normal|MedCLIP-SAM/data/prepared/breast/test/images|MedCLIP-SAM/data/prepared/breast/test/masks
000004.png,4,5,benign (4).png|benign_000004.png|malignant (4).png|normal (4).png,benign|malignant|normal,MedCLIP-SAM/data/busi/Dataset_BUSI_with_GT/benign|MedCLIP-SAM/data/busi/Dataset_BUSI_with_GT/malignant|MedCLIP-SAM/data/busi/Dataset_BUSI_with_GT/normal|MedCLIP-SAM/data/prepared/breast/val/images|MedCLIP-SAM/data/prepared/breast/val/masks
000005.png,5,5,benign (5).png|benign_000005.png|malignant (5).png|normal (5).png,benign|malignant|normal,MedCLIP-SAM/data/busi/Dataset_BUSI_with_GT/benign|MedCLIP-SAM/data/busi/Dataset_BUSI_with_GT/malignant|MedCLIP-SAM/data/busi/Dataset_BUSI_with_GT/normal|MedCLIP-SAM/data/prepared/breast/val/images|MedCLIP-SAM/data/prepared/breast/val/masks
000006.png,6,5,benign (6).png|benign_000006.png|malignant (6).png|normal (6).png,benign|malignant|normal,MedCLIP-SAM/data/busi/Dataset_BUSI_with_GT/benign|MedCLIP-SAM/data/busi/Dataset_BUSI_with_GT/malignant|MedCLIP-SAM/data/busi/Dataset_BUSI_with_GT/normal|MedCLIP-SAM/data/prepared/breast/test/images|MedCLIP-SAM/data/prepared/breast/test/masks
000007.png,7,5,benign (7).png|benign_000007.png|malignant (7).png|normal (7).png,benign|malignant|normal,MedCLIP-SAM/data/busi/Dataset_BUSI_with_GT/benign|MedCLIP-SAM/data/busi/Dataset_BUSI_with_GT/malignant|MedCLIP-SAM/data/busi/Dataset_BUSI_with_GT/normal|MedCLIP-SAM/data/prepared/breast/val/images|MedCLIP-SAM/data/prepared/breast/val/masks
000008.png,8,5,benign (8).png|benign_000008.png|malignant (8).png|normal (8).png,benign|malignant|normal,MedCLIP-SAM/data/busi/Dataset_BUSI_with_GT/benign|MedCLIP-SAM/data/busi/Dataset_BUSI_with_GT/malignant|MedCLIP-SAM/data/busi/Dataset_BUSI_with_GT/normal|MedCLIP-SAM/data/prepared/breast/test/images|MedCLIP-SAM/data/prepared/breast/test/masks
000009.png,9,5,benign (9).png|benign_000009.png|malignant (9).png|normal (9).png,benign|malignant|normal,MedCLIP-SAM/data/busi/Dataset_BUSI_with_GT/benign|MedCLIP-SAM/data/busi/Dataset_BUSI_with_GT/malignant|MedCLIP-SAM/data/busi/Dataset_BUSI_with_GT/normal|MedCLIP-SAM/data/prepared/breast/test/images|MedCLIP-SAM/data/prepared/breast/test/masks
000010.png,10,5,benign (10).png|benign_000010.png|malignant (10).png|normal (10).png,benign|malignant|normal,MedCLIP-SAM/data/busi/Dataset_BUSI_with_GT/benign|MedCLIP-SAM/data/busi/Dataset_BUSI_with_GT/malignant|MedCLIP-SAM/data/busi/Dataset_BUSI_with_GT/normal|MedCLIP-SAM/data/prepared/breast/test/images|MedCLIP-SAM/data/prepared/breast/test/masks
000011.png,11,5,benign (11).png|benign_000011.png|malignant (11).png|normal (11).png,benign|malignant|normal,MedCLIP-SAM/data/busi/Dataset_BUSI_with_GT/benign|MedCLIP-SAM/data/busi/Dataset_BUSI_with_GT/malignant|MedCLIP-SAM/data/busi/Dataset_BUSI_with_GT/normal|MedCLIP-SAM/data/prepared/breast/test/images|MedCLIP-SAM/data/prepared/breast/test/masks
000012.png,12,5,benign (12).png|benign_000012.png|malignant (12).png|normal (12).png,benign|malignant|normal,MedCLIP-SAM/data/busi/Dataset_BUSI_with_GT/benign|MedCLIP-SAM/data/busi/Dataset_BUSI_with_GT/malignant|MedCLIP-SAM/data/busi/Dataset_BUSI_with_GT/normal|MedCLIP-SAM/data/prepared/breast/val/images|MedCLIP-SAM/data/prepared/breast/val/masks
000013.png,13,5,benign (13).png|benign_000013.png|malignant (13).png|normal (13).png,benign|malignant|normal,MedCLIP-SAM/data/busi/Dataset_BUSI_with_GT/benign|MedCLIP-SAM/data/busi/Dataset_BUSI_with_GT/malignant|MedCLIP-SAM/data/busi/Dataset_BUSI_with_GT/normal|MedCLIP-SAM/data/prepared/breast/test/images|MedCLIP-SAM/data/prepared/breast/test/masks
000015.png,15,5,benign (15).png|benign_000015.png|malignant (15).png|normal (15).png,benign|malignant|normal,MedCLIP-SAM/data/busi/Dataset_BUSI_with_GT/benign|MedCLIP-SAM/data/busi/Dataset_BUSI_with_GT/malignant|MedCLIP-SAM/data/busi/Dataset_BUSI_with_GT/normal|MedCLIP-SAM/data/prepared/breast/val/images|MedCLIP-SAM/data/prepared/breast/val/masks
000016.png,16,5,benign (16).png|benign_000016.png|malignant (16).png|normal (16).png,benign|malignant|normal,MedCLIP-SAM/data/busi/Dataset_BUSI_with_GT/benign|MedCLIP-SAM/data/busi/Dataset_BUSI_with_GT/malignant|MedCLIP-SAM/data/busi/Dataset_BUSI_with_GT/normal|MedCLIP-SAM/data/prepared/breast/test/images|MedCLIP-SAM/data/prepared/breast/test/masks
000020.png,20,5,benign (20).png|benign_000020.png|malignant (20).png|normal (20).png,benign|malignant|normal,MedCLIP-SAM/data/busi/Dataset_BUSI_with_GT/benign|MedCLIP-SAM/data/busi/Dataset_BUSI_with_GT/malignant|MedCLIP-SAM/data/busi/Dataset_BUSI_with_GT/normal|MedCLIP-SAM/data/prepared/breast/test/images|MedCLIP-SAM/data/prepared/breast/test/masks
000021.png,21,5,benign (21).png|benign_000021.png|malignant (21).png|normal (21).png,benign|malignant|normal,MedCLIP-SAM/data/busi/Dataset_BUSI_with_GT/benign|MedCLIP-SAM/data/busi/Dataset_BUSI_with_GT/malignant|MedCLIP-SAM/data/busi/Dataset_BUSI_with_GT/normal|MedCLIP-SAM/data/prepared/breast/test/images|MedCLIP-SAM/data/prepared/breast/test/masks
000022.png,22,5,benign (22).png|benign_000022.png|malignant (22).png|normal (22).png,benign|malignant|normal,MedCLIP-SAM/data/busi/Dataset_BUSI_with_GT/benign|MedCLIP-SAM/data/busi/Dataset_BUSI_with_GT/malignant|MedCLIP-SAM/data/busi/Dataset_BUSI_with_GT/normal|MedCLIP-SAM/data/prepared/breast/test/images|MedCLIP-SAM/data/prepared/breast/test/masks
000023.png,23,5,benign (23).png|malignant (23).png|malignant_000023.png|normal (23).png,benign|malignant|normal,MedCLIP-SAM/data/busi/Dataset_BUSI_with_GT/benign|MedCLIP-SAM/data/busi/Dataset_BUSI_with_GT/malignant|MedCLIP-SAM/data/busi/Dataset_BUSI_with_GT/normal|MedCLIP-SAM/data/prepared/breast/test/images|MedCLIP-SAM/data/prepared/breast/test/masks
000024.png,24,5,benign (24).png|malignant (24).png|malignant_000024.png|normal (24).png,benign|malignant|normal,MedCLIP-SAM/data/busi/Dataset_BUSI_with_GT/benign|MedCLIP-SAM/data/busi/Dataset_BUSI_with_GT/malignant|MedCLIP-SAM/data/busi/Dataset_BUSI_with_GT/normal|MedCLIP-SAM/data/prepared/breast/test/images|MedCLIP-SAM/data/prepared/breast/test/masks
000025.png,25,5,benign (25).png|malignant (25).png|malignant_000025.png|normal (25).png,benign|malignant|normal,MedCLIP-SAM/data/busi/Dataset_BUSI_with_GT/benign|MedCLIP-SAM/data/busi/Dataset_BUSI_with_GT/malignant|MedCLIP-SAM/data/busi/Dataset_BUSI_with_GT/normal|MedCLIP-SAM/data/prepared/breast/val/images|MedCLIP-SAM/data/prepared/breast/val/masks
000027.png,27,5,benign (27).png|malignant (27).png|malignant_000027.png|normal (27).png,benign|malignant|normal,MedCLIP-SAM/data/busi/Dataset_BUSI_with_GT/benign|MedCLIP-SAM/data/busi/Dataset_BUSI_with_GT/malignant|MedCLIP-SAM/data/busi/Dataset_BUSI_with_GT/normal|MedCLIP-SAM/data/prepared/breast/val/images|MedCLIP-SAM/data/prepared/breast/val/masks
000028.png,28,5,benign (28).png|malignant (28).png|malignant_000028.png|normal (28).png,benign|malignant|normal,MedCLIP-SAM/data/busi/Dataset_BUSI_with_GT/benign|MedCLIP-SAM/data/busi/Dataset_BUSI_with_GT/malignant|MedCLIP-SAM/data/busi/Dataset_BUSI_with_GT/normal|MedCLIP-SAM/data/prepared/breast/test/images|MedCLIP-SAM/data/prepared/breast/test/masks
000030.png,30,5,benign (30).png|malignant (30).png|malignant_000030.png|normal (30).png,benign|malignant|normal,MedCLIP-SAM/data/busi/Dataset_BUSI_with_GT/benign|MedCLIP-SAM/data/busi/Dataset_BUSI_with_GT/malignant|MedCLIP-SAM/data/busi/Dataset_BUSI_with_GT/normal|MedCLIP-SAM/data/prepared/breast/val/images|MedCLIP-SAM/data/prepared/breast/val/masks
000031.png,31,5,benign (31).png|malignant (31).png|malignant_000031.png|normal (31).png,benign|malignant|normal,MedCLIP-SAM/data/busi/Dataset_BUSI_with_GT/benign|MedCLIP-SAM/data/busi/Dataset_BUSI_with_GT/malignant|MedCLIP-SAM/data/busi/Dataset_BUSI_with_GT/normal|MedCLIP-SAM/data/prepared/breast/val/images|MedCLIP-SAM/data/prepared/breast/val/masks
000032.png,32,5,benign (32).png|benign_000032.png|malignant (32).png|normal (32).png,benign|malignant|normal,MedCLIP-SAM/data/busi/Dataset_BUSI_with_GT/benign|MedCLIP-SAM/data/busi/Dataset_BUSI_with_GT/malignant|MedCLIP-SAM/data/busi/Dataset_BUSI_with_GT/normal|MedCLIP-SAM/data/prepared/breast/test/images|MedCLIP-SAM/data/prepared/breast/test/masks
000034.png,34,5,benign (34).png|benign_000034.png|malignant (34).png|normal (34).png,benign|malignant|normal,MedCLIP-SAM/data/busi/Dataset_BUSI_with_GT/benign|MedCLIP-SAM/data/busi/Dataset_BUSI_with_GT/malignant|MedCLIP-SAM/data/busi/Dataset_BUSI_with_GT/normal|MedCLIP-SAM/data/prepared/breast/val/images|MedCLIP-SAM/data/prepared/breast/val/masks
000039.png,39,5,benign (39).png|benign_000039.png|malignant (39).png|normal (39).png,benign|malignant|normal,MedCLIP-SAM/data/busi/Dataset_BUSI_with_GT/benign|MedCLIP-SAM/data/busi/Dataset_BUSI_with_GT/malignant|MedCLIP-SAM/data/busi/Dataset_BUSI_with_GT/normal|MedCLIP-SAM/data/prepared/breast/test/images|MedCLIP-SAM/data/prepared/breast/test/masks
000040.png,40,5,benign (40).png|benign_000040.png|malignant (40).png|normal (40).png,benign|malignant|normal,MedCLIP-SAM/data/busi/Dataset_BUSI_with_GT/benign|MedCLIP-SAM/data/busi/Dataset_BUSI_with_GT/malignant|MedCLIP-SAM/data/busi/Dataset_BUSI_with_GT/normal|MedCLIP-SAM/data/prepared/breast/test/images|MedCLIP-SAM/data/prepared/breast/test/masks
000041.png,41,5,benign (41).png|malignant (41).png|malignant_000041.png|normal (41).png,benign|malignant|normal,MedCLIP-SAM/data/busi/Dataset_BUSI_with_GT/benign|MedCLIP-SAM/data/busi/Dataset_BUSI_with_GT/malignant|MedCLIP-SAM/data/busi/Dataset_BUSI_with_GT/normal|MedCLIP-SAM/data/prepared/breast/test/images|MedCLIP-SAM/data/prepared/breast/test/masks
000043.png,43,5,benign (43).png|malignant (43).png|malignant_000043.png|normal (43).png,benign|malignant|normal,MedCLIP-SAM/data/busi/Dataset_BUSI_with_GT/benign|MedCLIP-SAM/data/busi/Dataset_BUSI_with_GT/malignant|MedCLIP-SAM/data/busi/Dataset_BUSI_with_GT/normal|MedCLIP-SAM/data/prepared/breast/val/images|MedCLIP-SAM/data/prepared/breast/val/masks
000044.png,44,5,benign (44).png|malignant (44).png|malignant_000044.png|normal (44).png,benign|malignant|normal,MedCLIP-SAM/data/busi/Dataset_BUSI_with_GT/benign|MedCLIP-SAM/data/busi/Dataset_BUSI_with_GT/malignant|MedCLIP-SAM/data/busi/Dataset_BUSI_with_GT/normal|MedCLIP-SAM/data/prepared/breast/val/images|MedCLIP-SAM/data/prepared/breast/val/masks
000045.png,45,5,benign (45).png|malignant (45).png|malignant_000045.png|normal (45).png,benign|malignant|normal,MedCLIP-SAM/data/busi/Dataset_BUSI_with_GT/benign|MedCLIP-SAM/data/busi/Dataset_BUSI_with_GT/malignant|MedCLIP-SAM/data/busi/Dataset_BUSI_with_GT/normal|MedCLIP-SAM/data/prepared/breast/test/images|MedCLIP-SAM/data/prepared/breast/test/masks
000047.png,47,5,benign (47).png|malignant (47).png|malignant_000047.png|normal (47).png,benign|malignant|normal,MedCLIP-SAM/data/busi/Dataset_BUSI_with_GT/benign|MedCLIP-SAM/data/busi/Dataset_BUSI_with_GT/malignant|MedCLIP-SAM/data/busi/Dataset_BUSI_with_GT/normal|MedCLIP-SAM/data/prepared/breast/val/images|MedCLIP-SAM/data/prepared/breast/val/masks
000051.png,51,5,benign (51).png|benign_000051.png|malignant (51).png|normal (51).png,benign|malignant|normal,MedCLIP-SAM/data/busi/Dataset_BUSI_with_GT/benign|MedCLIP-SAM/data/busi/Dataset_BUSI_with_GT/malignant|MedCLIP-SAM/data/busi/Dataset_BUSI_with_GT/normal|MedCLIP-SAM/data/prepared/breast/val/images|MedCLIP-SAM/data/prepared/breast/val/masks
000052.png,52,5,benign (52).png|benign_000052.png|malignant (52).png|normal (52).png,benign|malignant|normal,MedCLIP-SAM/data/busi/Dataset_BUSI_with_GT/benign|MedCLIP-SAM/data/busi/Dataset_BUSI_with_GT/malignant|MedCLIP-SAM/data/busi/Dataset_BUSI_with_GT/normal|MedCLIP-SAM/data/prepared/breast/test/images|MedCLIP-SAM/data/prepared/breast/test/masks
000053.png,53,5,benign (53).png|malignant (53).png|malignant_000053.png|normal (53).png,benign|malignant|normal,MedCLIP-SAM/data/busi/Dataset_BUSI_with_GT/benign|MedCLIP-SAM/data/busi/Dataset_BUSI_with_GT/malignant|MedCLIP-SAM/data/busi/Dataset_BUSI_with_GT/normal|MedCLIP-SAM/data/prepared/breast/test/images|MedCLIP-SAM/data/prepared/breast/test/masks
000054.png,54,5,benign (54).png|malignant (54).png|malignant_000054.png|normal (54).png,benign|malignant|normal,MedCLIP-SAM/data/busi/Dataset_BUSI_with_GT/benign|MedCLIP-SAM/data/busi/Dataset_BUSI_with_GT/malignant|MedCLIP-SAM/data/busi/Dataset_BUSI_with_GT/normal|MedCLIP-SAM/data/prepared/breast/test/images|MedCLIP-SAM/data/prepared/breast/test/masks
000055.png,55,9,benign (55).png|malignant (55).png|malignant_000055.png|normal (55).png,benign|malignant|normal,MedCLIP-SAM/data/busi/Dataset_BUSI_with_GT/benign|MedCLIP-SAM/data/busi/Dataset_BUSI_with_GT/malignant|MedCLIP-SAM/data/busi/Dataset_BUSI_with_GT/normal|MedCLIP-SAM/data/prepared/breast/test/images|MedCLIP-SAM/data/prepared/breast/test/masks|MedCLIP-SAM/reproduction/rawcam_current_ckpt|MedCLIP-SAM/reproduction/rawcam_old_ckpt|MedCLIP-SAM/reproduction/rawcam_timm0912|MedCLIP-SAM/reproduction/rawcam_timm1029
000056.png,56,5,benign (56).png|benign_000056.png|malignant (56).png|normal (56).png,benign|malignant|normal,MedCLIP-SAM/data/busi/Dataset_BUSI_with_GT/benign|MedCLIP-SAM/data/busi/Dataset_BUSI_with_GT/malignant|MedCLIP-SAM/data/busi/Dataset_BUSI_with_GT/normal|MedCLIP-SAM/data/prepared/breast/test/images|MedCLIP-SAM/data/prepared/breast/test/masks
000057.png,57,5,benign (57).png|malignant (57).png|malignant_000057.png|normal (57).png,benign|malignant|normal,MedCLIP-SAM/data/busi/Dataset_BUSI_with_GT/benign|MedCLIP-SAM/data/busi/Dataset_BUSI_with_GT/malignant|MedCLIP-SAM/data/busi/Dataset_BUSI_with_GT/normal|MedCLIP-SAM/data/prepared/breast/test/images|MedCLIP-SAM/data/prepared/breast/test/masks
000058.png,58,5,benign (58).png|benign_000058.png|malignant (58).png|normal (58).png,benign|malignant|normal,MedCLIP-SAM/data/busi/Dataset_BUSI_with_GT/benign|MedCLIP-SAM/data/busi/Dataset_BUSI_with_GT/malignant|MedCLIP-SAM/data/busi/Dataset_BUSI_with_GT/normal|MedCLIP-SAM/data/prepared/breast/test/images|MedCLIP-SAM/data/prepared/breast/test/masks
000059.png,59,5,benign (59).png|benign_000059.png|malignant (59).png|normal (59).png,benign|malignant|normal,MedCLIP-SAM/data/busi/Dataset_BUSI_with_GT/benign|MedCLIP-SAM/data/busi/Dataset_BUSI_with_GT/malignant|MedCLIP-SAM/data/busi/Dataset_BUSI_with_GT/normal|MedCLIP-SAM/data/prepared/breast/val/images|MedCLIP-SAM/data/prepared/breast/val/masks
000061.png,61,5,benign (61).png|benign_000061.png|malignant (61).png|normal (61).png,benign|malignant|normal,MedCLIP-SAM/data/busi/Dataset_BUSI_with_GT/benign|MedCLIP-SAM/data/busi/Dataset_BUSI_with_GT/malignant|MedCLIP-SAM/data/busi/Dataset_BUSI_with_GT/normal|MedCLIP-SAM/data/prepared/breast/val/images|MedCLIP-SAM/data/prepared/breast/val/masks
000062.png,62,5,benign (62).png|benign_000062.png|malignant (62).png|normal (62).png,benign|malignant|normal,MedCLIP-SAM/data/busi/Dataset_BUSI_with_GT/benign|MedCLIP-SAM/data/busi/Dataset_BUSI_with_GT/malignant|MedCLIP-SAM/data/busi/Dataset_BUSI_with_GT/normal|MedCLIP-SAM/data/prepared/breast/test/images|MedCLIP-SAM/data/prepared/breast/test/masks
000063.png,63,5,benign (63).png|benign_000063.png|malignant (63).png|normal (63).png,benign|malignant|normal,MedCLIP-SAM/data/busi/Dataset_BUSI_with_GT/benign|MedCLIP-SAM/data/busi/Dataset_BUSI_with_GT/malignant|MedCLIP-SAM/data/busi/Dataset_BUSI_with_GT/normal|MedCLIP-SAM/data/prepared/breast/test/images|MedCLIP-SAM/data/prepared/breast/test/masks
000064.png,64,5,benign (64).png|benign_000064.png|malignant (64).png|normal (64).png,benign|malignant|normal,MedCLIP-SAM/data/busi/Dataset_BUSI_with_GT/benign|MedCLIP-SAM/data/busi/Dataset_BUSI_with_GT/malignant|MedCLIP-SAM/data/busi/Dataset_BUSI_with_GT/normal|MedCLIP-SAM/data/prepared/breast/val/images|MedCLIP-SAM/data/prepared/breast/val/masks
000066.png,66,5,benign (66).png|benign_000066.png|malignant (66).png|normal (66).png,benign|malignant|normal,MedCLIP-SAM/data/busi/Dataset_BUSI_with_GT/benign|MedCLIP-SAM/data/busi/Dataset_BUSI_with_GT/malignant|MedCLIP-SAM/data/busi/Dataset_BUSI_with_GT/normal|MedCLIP-SAM/data/prepared/breast/val/images|MedCLIP-SAM/data/prepared/breast/val/masks
000068.png,68,5,benign (68).png|benign_000068.png|malignant (68).png|normal (68).png,benign|malignant|normal,MedCLIP-SAM/data/busi/Dataset_BUSI_with_GT/benign|MedCLIP-SAM/data/busi/Dataset_BUSI_with_GT/malignant|MedCLIP-SAM/data/busi/Dataset_BUSI_with_GT/normal|MedCLIP-SAM/data/prepared/breast/test/images|MedCLIP-SAM/data/prepared/breast/test/masks
000069.png,69,5,benign (69).png|benign_000069.png|malignant (69).png|normal (69).png,benign|malignant|normal,MedCLIP-SAM/data/busi/Dataset_BUSI_with_GT/benign|MedCLIP-SAM/data/busi/Dataset_BUSI_with_GT/malignant|MedCLIP-SAM/data/busi/Dataset_BUSI_with_GT/normal|MedCLIP-SAM/data/prepared/breast/test/images|MedCLIP-SAM/data/prepared/breast/test/masks
000070.png,70,5,benign (70).png|benign_000070.png|malignant (70).png|normal (70).png,benign|malignant|normal,MedCLIP-SAM/data/busi/Dataset_BUSI_with_GT/benign|MedCLIP-SAM/data/busi/Dataset_BUSI_with_GT/malignant|MedCLIP-SAM/data/busi/Dataset_BUSI_with_GT/normal|MedCLIP-SAM/data/prepared/breast/val/images|MedCLIP-SAM/data/prepared/breast/val/masks
000071.png,71,5,benign (71).png|benign_000071.png|malignant (71).png|normal (71).png,benign|malignant|normal,MedCLIP-SAM/data/busi/Dataset_BUSI_with_GT/benign|MedCLIP-SAM/data/busi/Dataset_BUSI_with_GT/malignant|MedCLIP-SAM/data/busi/Dataset_BUSI_with_GT/normal|MedCLIP-SAM/data/prepared/breast/test/images|MedCLIP-SAM/data/prepared/breast/test/masks
000072.png,72,5,benign (72).png|benign_000072.png|malignant (72).png|normal (72).png,benign|malignant|normal,MedCLIP-SAM/data/busi/Dataset_BUSI_with_GT/benign|MedCLIP-SAM/data/busi/Dataset_BUSI_with_GT/malignant|MedCLIP-SAM/data/busi/Dataset_BUSI_with_GT/normal|MedCLIP-SAM/data/prepared/breast/test/images|MedCLIP-SAM/data/prepared/breast/test/masks
000073.png,73,5,benign (73).png|benign_000073.png|malignant (73).png|normal (73).png,benign|malignant|normal,MedCLIP-SAM/data/busi/Dataset_BUSI_with_GT/benign|MedCLIP-SAM/data/busi/Dataset_BUSI_with_GT/malignant|MedCLIP-SAM/data/busi/Dataset_BUSI_with_GT/normal|MedCLIP-SAM/data/prepared/breast/val/images|MedCLIP-SAM/data/prepared/breast/val/masks
000074.png,74,9,benign (74).png|benign_000074.png|malignant (74).png|normal (74).png,benign|malignant|normal,MedCLIP-SAM/data/busi/Dataset_BUSI_with_GT/benign|MedCLIP-SAM/data/busi/Dataset_BUSI_with_GT/malignant|MedCLIP-SAM/data/busi/Dataset_BUSI_with_GT/normal|MedCLIP-SAM/data/prepared/breast/test/images|MedCLIP-SAM/data/prepared/breast/test/masks|MedCLIP-SAM/reproduction/rawcam_current_ckpt|MedCLIP-SAM/reproduction/rawcam_old_ckpt|MedCLIP-SAM/reproduction/rawcam_timm0912|MedCLIP-SAM/reproduction/rawcam_timm1029
000077.png,77,5,benign (77).png|benign_000077.png|malignant (77).png|normal (77).png,benign|malignant|normal,MedCLIP-SAM/data/busi/Dataset_BUSI_with_GT/benign|MedCLIP-SAM/data/busi/Dataset_BUSI_with_GT/malignant|MedCLIP-SAM/data/busi/Dataset_BUSI_with_GT/normal|MedCLIP-SAM/data/prepared/breast/val/images|MedCLIP-SAM/data/prepared/breast/val/masks
000078.png,78,9,benign (78).png|benign_000078.png|malignant (78).png|normal (78).png,benign|malignant|normal,MedCLIP-SAM/data/busi/Dataset_BUSI_with_GT/benign|MedCLIP-SAM/data/busi/Dataset_BUSI_with_GT/malignant|MedCLIP-SAM/data/busi/Dataset_BUSI_with_GT/normal|MedCLIP-SAM/data/prepared/breast/test/images|MedCLIP-SAM/data/prepared/breast/test/masks|MedCLIP-SAM/reproduction/rawcam_current_ckpt|MedCLIP-SAM/reproduction/rawcam_old_ckpt|MedCLIP-SAM/reproduction/rawcam_timm0912|MedCLIP-SAM/reproduction/rawcam_timm1029
000082.png,82,5,benign (82).png|benign_000082.png|malignant (82).png|normal (82).png,benign|malignant|normal,MedCLIP-SAM/data/busi/Dataset_BUSI_with_GT/benign|MedCLIP-SAM/data/busi/Dataset_BUSI_with_GT/malignant|MedCLIP-SAM/data/busi/Dataset_BUSI_with_GT/normal|MedCLIP-SAM/data/prepared/breast/test/images|MedCLIP-SAM/data/prepared/breast/test/masks
000083.png,83,5,benign (83).png|benign_000083.png|malignant (83).png|normal (83).png,benign|malignant|normal,MedCLIP-SAM/data/busi/Dataset_BUSI_with_GT/benign|MedCLIP-SAM/data/busi/Dataset_BUSI_with_GT/malignant|MedCLIP-SAM/data/busi/Dataset_BUSI_with_GT/normal|MedCLIP-SAM/data/prepared/breast/test/images|MedCLIP-SAM/data/prepared/breast/test/masks
000086.png,86,5,benign (86).png|benign_000086.png|malignant (86).png|normal (86).png,benign|malignant|normal,MedCLIP-SAM/data/busi/Dataset_BUSI_with_GT/benign|MedCLIP-SAM/data/busi/Dataset_BUSI_with_GT/malignant|MedCLIP-SAM/data/busi/Dataset_BUSI_with_GT/normal|MedCLIP-SAM/data/prepared/breast/val/images|MedCLIP-SAM/data/prepared/breast/val/masks
000091.png,91,5,benign (91).png|benign_000091.png|malignant (91).png|normal (91).png,benign|malignant|normal,MedCLIP-SAM/data/busi/Dataset_BUSI_with_GT/benign|MedCLIP-SAM/data/busi/Dataset_BUSI_with_GT/malignant|MedCLIP-SAM/data/busi/Dataset_BUSI_with_GT/normal|MedCLIP-SAM/data/prepared/breast/val/images|MedCLIP-SAM/data/prepared/breast/val/masks
000093.png,93,5,benign (93).png|benign_000093.png|malignant (93).png|normal (93).png,benign|malignant|normal,MedCLIP-SAM/data/busi/Dataset_BUSI_with_GT/benign|MedCLIP-SAM/data/busi/Dataset_BUSI_with_GT/malignant|MedCLIP-SAM/data/busi/Dataset_BUSI_with_GT/normal|MedCLIP-SAM/data/prepared/breast/val/images|MedCLIP-SAM/data/prepared/breast/val/masks
000096.png,96,5,benign (96).png|benign_000096.png|malignant (96).png|normal (96).png,benign|malignant|normal,MedCLIP-SAM/data/busi/Dataset_BUSI_with_GT/benign|MedCLIP-SAM/data/busi/Dataset_BUSI_with_GT/malignant|MedCLIP-SAM/data/busi/Dataset_BUSI_with_GT/normal|MedCLIP-SAM/data/prepared/breast/test/images|MedCLIP-SAM/data/prepared/breast/test/masks
000097.png,97,5,benign (97).png|benign_000097.png|malignant (97).png|normal (97).png,benign|malignant|normal,MedCLIP-SAM/data/busi/Dataset_BUSI_with_GT/benign|MedCLIP-SAM/data/busi/Dataset_BUSI_with_GT/malignant|MedCLIP-SAM/data/busi/Dataset_BUSI_with_GT/normal|MedCLIP-SAM/data/prepared/breast/test/images|MedCLIP-SAM/data/prepared/breast/test/masks
000098.png,98,5,benign (98).png|benign_000098.png|malignant (98).png|normal (98).png,benign|malignant|normal,MedCLIP-SAM/data/busi/Dataset_BUSI_with_GT/benign|MedCLIP-SAM/data/busi/Dataset_BUSI_with_GT/malignant|MedCLIP-SAM/data/busi/Dataset_BUSI_with_GT/normal|MedCLIP-SAM/data/prepared/breast/val/images|MedCLIP-SAM/data/prepared/breast/val/masks
000102.png,102,5,benign (102).png|benign_000102.png|malignant (102).png|normal (102).png,benign|malignant|normal,MedCLIP-SAM/data/busi/Dataset_BUSI_with_GT/benign|MedCLIP-SAM/data/busi/Dataset_BUSI_with_GT/malignant|MedCLIP-SAM/data/busi/Dataset_BUSI_with_GT/normal|MedCLIP-SAM/data/prepared/breast/test/images|MedCLIP-SAM/data/prepared/breast/test/masks
000103.png,103,5,benign (103).png|benign_000103.png|malignant (103).png|normal (103).png,benign|malignant|normal,MedCLIP-SAM/data/busi/Dataset_BUSI_with_GT/benign|MedCLIP-SAM/data/busi/Dataset_BUSI_with_GT/malignant|MedCLIP-SAM/data/busi/Dataset_BUSI_with_GT/normal|MedCLIP-SAM/data/prepared/breast/test/images|MedCLIP-SAM/data/prepared/breast/test/masks
000104.png,104,5,benign (104).png|benign_000104.png|malignant (104).png|normal (104).png,benign|malignant|normal,MedCLIP-SAM/data/busi/Dataset_BUSI_with_GT/benign|MedCLIP-SAM/data/busi/Dataset_BUSI_with_GT/malignant|MedCLIP-SAM/data/busi/Dataset_BUSI_with_GT/normal|MedCLIP-SAM/data/prepared/breast/val/images|MedCLIP-SAM/data/prepared/breast/val/masks
000105.png,105,5,benign (105).png|benign_000105.png|malignant (105).png|normal (105).png,benign|malignant|normal,MedCLIP-SAM/data/busi/Dataset_BUSI_with_GT/benign|MedCLIP-SAM/data/busi/Dataset_BUSI_with_GT/malignant|MedCLIP-SAM/data/busi/Dataset_BUSI_with_GT/normal|MedCLIP-SAM/data/prepared/breast/test/images|MedCLIP-SAM/data/prepared/breast/test/masks
000106.png,106,5,benign (106).png|benign_000106.png|malignant (106).png|normal (106).png,benign|malignant|normal,MedCLIP-SAM/data/busi/Dataset_BUSI_with_GT/benign|MedCLIP-SAM/data/busi/Dataset_BUSI_with_GT/malignant|MedCLIP-SAM/data/busi/Dataset_BUSI_with_GT/normal|MedCLIP-SAM/data/prepared/breast/test/images|MedCLIP-SAM/data/prepared/breast/test/masks
000107.png,107,5,benign (107).png|benign_000107.png|malignant (107).png|normal (107).png,benign|malignant|normal,MedCLIP-SAM/data/busi/Dataset_BUSI_with_GT/benign|MedCLIP-SAM/data/busi/Dataset_BUSI_with_GT/malignant|MedCLIP-SAM/data/busi/Dataset_BUSI_with_GT/normal|MedCLIP-SAM/data/prepared/breast/test/images|MedCLIP-SAM/data/prepared/breast/test/masks
000108.png,108,5,benign (108).png|benign_000108.png|malignant (108).png|normal (108).png,benign|malignant|normal,MedCLIP-SAM/data/busi/Dataset_BUSI_with_GT/benign|MedCLIP-SAM/data/busi/Dataset_BUSI_with_GT/malignant|MedCLIP-SAM/data/busi/Dataset_BUSI_with_GT/normal|MedCLIP-SAM/data/prepared/breast/test/images|MedCLIP-SAM/data/prepared/breast/test/masks
000109.png,109,5,benign (109).png|benign_000109.png|malignant (109).png|normal (109).png,benign|malignant|normal,MedCLIP-SAM/data/busi/Dataset_BUSI_with_GT/benign|MedCLIP-SAM/data/busi/Dataset_BUSI_with_GT/malignant|MedCLIP-SAM/data/busi/Dataset_BUSI_with_GT/normal|MedCLIP-SAM/data/prepared/breast/val/images|MedCLIP-SAM/data/prepared/breast/val/masks
000111.png,111,5,benign (111).png|benign_000111.png|malignant (111).png|normal (111).png,benign|malignant|normal,MedCLIP-SAM/data/busi/Dataset_BUSI_with_GT/benign|MedCLIP-SAM/data/busi/Dataset_BUSI_with_GT/malignant|MedCLIP-SAM/data/busi/Dataset_BUSI_with_GT/normal|MedCLIP-SAM/data/prepared/breast/val/images|MedCLIP-SAM/data/prepared/breast/val/masks
000113.png,113,5,benign (113).png|benign_000113.png|malignant (113).png|normal (113).png,benign|malignant|normal,MedCLIP-SAM/data/busi/Dataset_BUSI_with_GT/benign|MedCLIP-SAM/data/busi/Dataset_BUSI_with_GT/malignant|MedCLIP-SAM/data/busi/Dataset_BUSI_with_GT/normal|MedCLIP-SAM/data/prepared/breast/test/images|MedCLIP-SAM/data/prepared/breast/test/masks
000115.png,115,5,benign (115).png|benign_000115.png|malignant (115).png|normal (115).png,benign|malignant|normal,MedCLIP-SAM/data/busi/Dataset_BUSI_with_GT/benign|MedCLIP-SAM/data/busi/Dataset_BUSI_with_GT/malignant|MedCLIP-SAM/data/busi/Dataset_BUSI_with_GT/normal|MedCLIP-SAM/data/prepared/breast/test/images|MedCLIP-SAM/data/prepared/breast/test/masks
000117.png,117,5,benign (117).png|benign_000117.png|malignant (117).png|normal (117).png,benign|malignant|normal,MedCLIP-SAM/data/busi/Dataset_BUSI_with_GT/benign|MedCLIP-SAM/data/busi/Dataset_BUSI_with_GT/malignant|MedCLIP-SAM/data/busi/Dataset_BUSI_with_GT/normal|MedCLIP-SAM/data/prepared/breast/test/images|MedCLIP-SAM/data/prepared/breast/test/masks
000118.png,118,5,benign (118).png|benign_000118.png|malignant (118).png|normal (118).png,benign|malignant|normal,MedCLIP-SAM/data/busi/Dataset_BUSI_with_GT/benign|MedCLIP-SAM/data/busi/Dataset_BUSI_with_GT/malignant|MedCLIP-SAM/data/busi/Dataset_BUSI_with_GT/normal|MedCLIP-SAM/data/prepared/breast/val/images|MedCLIP-SAM/data/prepared/breast/val/masks
000119.png,119,5,benign (119).png|benign_000119.png|malignant (119).png|normal (119).png,benign|malignant|normal,MedCLIP-SAM/data/busi/Dataset_BUSI_with_GT/benign|MedCLIP-SAM/data/busi/Dataset_BUSI_with_GT/malignant|MedCLIP-SAM/data/busi/Dataset_BUSI_with_GT/normal|MedCLIP-SAM/data/prepared/breast/test/images|MedCLIP-SAM/data/prepared/breast/test/masks
000120.png,120,5,benign (120).png|benign_000120.png|malignant (120).png|normal (120).png,benign|malignant|normal,MedCLIP-SAM/data/busi/Dataset_BUSI_with_GT/benign|MedCLIP-SAM/data/busi/Dataset_BUSI_with_GT/malignant|MedCLIP-SAM/data/busi/Dataset_BUSI_with_GT/normal|MedCLIP-SAM/data/prepared/breast/val/images|MedCLIP-SAM/data/prepared/breast/val/masks
000121.png,121,5,benign (121).png|benign_000121.png|malignant (121).png|normal (121).png,benign|malignant|normal,MedCLIP-SAM/data/busi/Dataset_BUSI_with_GT/benign|MedCLIP-SAM/data/busi/Dataset_BUSI_with_GT/malignant|MedCLIP-SAM/data/busi/Dataset_BUSI_with_GT/normal|MedCLIP-SAM/data/prepared/breast/test/images|MedCLIP-SAM/data/prepared/breast/test/masks
000122.png,122,5,benign (122).png|benign_000122.png|malignant (122).png|normal (122).png,benign|malignant|normal,MedCLIP-SAM/data/busi/Dataset_BUSI_with_GT/benign|MedCLIP-SAM/data/busi/Dataset_BUSI_with_GT/malignant|MedCLIP-SAM/data/busi/Dataset_BUSI_with_GT/normal|MedCLIP-SAM/data/prepared/breast/test/images|MedCLIP-SAM/data/prepared/breast/test/masks
000123.png,123,5,benign (123).png|benign_000123.png|malignant (123).png|normal (123).png,benign|malignant|normal,MedCLIP-SAM/data/busi/Dataset_BUSI_with_GT/benign|MedCLIP-SAM/data/busi/Dataset_BUSI_with_GT/malignant|MedCLIP-SAM/data/busi/Dataset_BUSI_with_GT/normal|MedCLIP-SAM/data/prepared/breast/test/images|MedCLIP-SAM/data/prepared/breast/test/masks
000124.png,124,5,benign (124).png|benign_000124.png|malignant (124).png|normal (124).png,benign|malignant|normal,MedCLIP-SAM/data/busi/Dataset_BUSI_with_GT/benign|MedCLIP-SAM/data/busi/Dataset_BUSI_with_GT/malignant|MedCLIP-SAM/data/busi/Dataset_BUSI_with_GT/normal|MedCLIP-SAM/data/prepared/breast/val/images|MedCLIP-SAM/data/prepared/breast/val/masks
000125.png,125,5,benign (125).png|benign_000125.png|malignant (125).png|normal (125).png,benign|malignant|normal,MedCLIP-SAM/data/busi/Dataset_BUSI_with_GT/benign|MedCLIP-SAM/data/busi/Dataset_BUSI_with_GT/malignant|MedCLIP-SAM/data/busi/Dataset_BUSI_with_GT/normal|MedCLIP-SAM/data/prepared/breast/val/images|MedCLIP-SAM/data/prepared/breast/val/masks
000126.png,126,5,benign (126).png|benign_000126.png|malignant (126).png|normal (126).png,benign|malignant|normal,MedCLIP-SAM/data/busi/Dataset_BUSI_with_GT/benign|MedCLIP-SAM/data/busi/Dataset_BUSI_with_GT/malignant|MedCLIP-SAM/data/busi/Dataset_BUSI_with_GT/normal|MedCLIP-SAM/data/prepared/breast/test/images|MedCLIP-SAM/data/prepared/breast/test/masks
000128.png,128,5,benign (128).png|benign_000128.png|malignant (128).png|normal (128).png,benign|malignant|normal,MedCLIP-SAM/data/busi/Dataset_BUSI_with_GT/benign|MedCLIP-SAM/data/busi/Dataset_BUSI_with_GT/malignant|MedCLIP-SAM/data/busi/Dataset_BUSI_with_GT/normal|MedCLIP-SAM/data/prepared/breast/val/images|MedCLIP-SAM/data/prepared/breast/val/masks
000129.png,129,5,benign (129).png|benign_000129.png|malignant (129).png|normal (129).png,benign|malignant|normal,MedCLIP-SAM/data/busi/Dataset_BUSI_with_GT/benign|MedCLIP-SAM/data/busi/Dataset_BUSI_with_GT/malignant|MedCLIP-SAM/data/busi/Dataset_BUSI_with_GT/normal|MedCLIP-SAM/data/prepared/breast/test/images|MedCLIP-SAM/data/prepared/breast/test/masks
000131.png,131,5,benign (131).png|benign_000131.png|malignant (131).png|normal (131).png,benign|malignant|normal,MedCLIP-SAM/data/busi/Dataset_BUSI_with_GT/benign|MedCLIP-SAM/data/busi/Dataset_BUSI_with_GT/malignant|MedCLIP-SAM/data/busi/Dataset_BUSI_with_GT/normal|MedCLIP-SAM/data/prepared/breast/val/images|MedCLIP-SAM/data/prepared/breast/val/masks
000132.png,132,5,benign (132).png|malignant (132).png|malignant_000132.png|normal (132).png,benign|malignant|normal,MedCLIP-SAM/data/busi/Dataset_BUSI_with_GT/benign|MedCLIP-SAM/data/busi/Dataset_BUSI_with_GT/malignant|MedCLIP-SAM/data/busi/Dataset_BUSI_with_GT/normal|MedCLIP-SAM/data/prepared/breast/val/images|MedCLIP-SAM/data/prepared/breast/val/masks
000133.png,133,5,benign (133).png|malignant (133).png|malignant_000133.png|normal (133).png,benign|malignant|normal,MedCLIP-SAM/data/busi/Dataset_BUSI_with_GT/benign|MedCLIP-SAM/data/busi/Dataset_BUSI_with_GT/malignant|MedCLIP-SAM/data/busi/Dataset_BUSI_with_GT/normal|MedCLIP-SAM/data/prepared/breast/val/images|MedCLIP-SAM/data/prepared/breast/val/masks
000134.png,134,4,benign (134).png|malignant (134).png|malignant_000134.png,benign|malignant,MedCLIP-SAM/data/busi/Dataset_BUSI_with_GT/benign|MedCLIP-SAM/data/busi/Dataset_BUSI_with_GT/malignant|MedCLIP-SAM/data/prepared/breast/val/images|MedCLIP-SAM/data/prepared/breast/val/masks
000135.png,135,4,benign (135).png|malignant (135).png|malignant_000135.png,benign|malignant,MedCLIP-SAM/data/busi/Dataset_BUSI_with_GT/benign|MedCLIP-SAM/data/busi/Dataset_BUSI_with_GT/malignant|MedCLIP-SAM/data/prepared/breast/val/images|MedCLIP-SAM/data/prepared/breast/val/masks
000136.png,136,4,benign (136).png|malignant (136).png|malignant_000136.png,benign|malignant,MedCLIP-SAM/data/busi/Dataset_BUSI_with_GT/benign|MedCLIP-SAM/data/busi/Dataset_BUSI_with_GT/malignant|MedCLIP-SAM/data/prepared/breast/test/images|MedCLIP-SAM/data/prepared/breast/test/masks
000138.png,138,4,benign (138).png|malignant (138).png|malignant_000138.png,benign|malignant,MedCLIP-SAM/data/busi/Dataset_BUSI_with_GT/benign|MedCLIP-SAM/data/busi/Dataset_BUSI_with_GT/malignant|MedCLIP-SAM/data/prepared/breast/test/images|MedCLIP-SAM/data/prepared/breast/test/masks
000139.png,139,4,benign (139).png|malignant (139).png|malignant_000139.png,benign|malignant,MedCLIP-SAM/data/busi/Dataset_BUSI_with_GT/benign|MedCLIP-SAM/data/busi/Dataset_BUSI_with_GT/malignant|MedCLIP-SAM/data/prepared/breast/val/images|MedCLIP-SAM/data/prepared/breast/val/masks
000140.png,140,4,benign (140).png|malignant (140).png|malignant_000140.png,benign|malignant,MedCLIP-SAM/data/busi/Dataset_BUSI_with_GT/benign|MedCLIP-SAM/data/busi/Dataset_BUSI_with_GT/malignant|MedCLIP-SAM/data/prepared/breast/test/images|MedCLIP-SAM/data/prepared/breast/test/masks
000141.png,141,4,benign (141).png|malignant (141).png|malignant_000141.png,benign|malignant,MedCLIP-SAM/data/busi/Dataset_BUSI_with_GT/benign|MedCLIP-SAM/data/busi/Dataset_BUSI_with_GT/malignant|MedCLIP-SAM/data/prepared/breast/val/images|MedCLIP-SAM/data/prepared/breast/val/masks
000142.png,142,4,benign (142).png|malignant (142).png|malignant_000142.png,benign|malignant,MedCLIP-SAM/data/busi/Dataset_BUSI_with_GT/benign|MedCLIP-SAM/data/busi/Dataset_BUSI_with_GT/malignant|MedCLIP-SAM/data/prepared/breast/test/images|MedCLIP-SAM/data/prepared/breast/test/masks
000143.png,143,4,benign (143).png|malignant (143).png|malignant_000143.png,benign|malignant,MedCLIP-SAM/data/busi/Dataset_BUSI_with_GT/benign|MedCLIP-SAM/data/busi/Dataset_BUSI_with_GT/malignant|MedCLIP-SAM/data/prepared/breast/test/images|MedCLIP-SAM/data/prepared/breast/test/masks
000144.png,144,4,benign (144).png|malignant (144).png|malignant_000144.png,benign|malignant,MedCLIP-SAM/data/busi/Dataset_BUSI_with_GT/benign|MedCLIP-SAM/data/busi/Dataset_BUSI_with_GT/malignant|MedCLIP-SAM/data/prepared/breast/val/images|MedCLIP-SAM/data/prepared/breast/val/masks
000145.png,145,4,benign (145).png|malignant (145).png|malignant_000145.png,benign|malignant,MedCLIP-SAM/data/busi/Dataset_BUSI_with_GT/benign|MedCLIP-SAM/data/busi/Dataset_BUSI_with_GT/malignant|MedCLIP-SAM/data/prepared/breast/test/images|MedCLIP-SAM/data/prepared/breast/test/masks
000147.png,147,4,benign (147).png|malignant (147).png|malignant_000147.png,benign|malignant,MedCLIP-SAM/data/busi/Dataset_BUSI_with_GT/benign|MedCLIP-SAM/data/busi/Dataset_BUSI_with_GT/malignant|MedCLIP-SAM/data/prepared/breast/val/images|MedCLIP-SAM/data/prepared/breast/val/masks
000298.png,298,3,benign (298).png|malignant_000298.png,benign|malignant,MedCLIP-SAM/data/busi/Dataset_BUSI_with_GT/benign|MedCLIP-SAM/data/prepared/breast/test/images|MedCLIP-SAM/data/prepared/breast/test/masks
000299.png,299,3,benign (299).png|malignant_000299.png,benign|malignant,MedCLIP-SAM/data/busi/Dataset_BUSI_with_GT/benign|MedCLIP-SAM/data/prepared/breast/test/images|MedCLIP-SAM/data/prepared/breast/test/masks
000300.png,300,3,benign (300).png|malignant_000300.png,benign|malignant,MedCLIP-SAM/data/busi/Dataset_BUSI_with_GT/benign|MedCLIP-SAM/data/prepared/breast/val/images|MedCLIP-SAM/data/prepared/breast/val/masks
000301.png,301,3,benign (301).png|malignant_000301.png,benign|malignant,MedCLIP-SAM/data/busi/Dataset_BUSI_with_GT/benign|MedCLIP-SAM/data/prepared/breast/test/images|MedCLIP-SAM/data/prepared/breast/test/masks
000303.png,303,3,benign (303).png|malignant_000303.png,benign|malignant,MedCLIP-SAM/data/busi/Dataset_BUSI_with_GT/benign|MedCLIP-SAM/data/prepared/breast/test/images|MedCLIP-SAM/data/prepared/breast/test/masks
000304.png,304,3,benign (304).png|malignant_000304.png,benign|malignant,MedCLIP-SAM/data/busi/Dataset_BUSI_with_GT/benign|MedCLIP-SAM/data/prepared/breast/test/images|MedCLIP-SAM/data/prepared/breast/test/masks
000307.png,307,3,benign (307).png|malignant_000307.png,benign|malignant,MedCLIP-SAM/data/busi/Dataset_BUSI_with_GT/benign|MedCLIP-SAM/data/prepared/breast/val/images|MedCLIP-SAM/data/prepared/breast/val/masks
000308.png,308,3,benign (308).png|malignant_000308.png,benign|malignant,MedCLIP-SAM/data/busi/Dataset_BUSI_with_GT/benign|MedCLIP-SAM/data/prepared/breast/val/images|MedCLIP-SAM/data/prepared/breast/val/masks
000309.png,309,3,benign (309).png|malignant_000309.png,benign|malignant,MedCLIP-SAM/data/busi/Dataset_BUSI_with_GT/benign|MedCLIP-SAM/data/prepared/breast/test/images|MedCLIP-SAM/data/prepared/breast/test/masks
000310.png,310,3,benign (310).png|malignant_000310.png,benign|malignant,MedCLIP-SAM/data/busi/Dataset_BUSI_with_GT/benign|MedCLIP-SAM/data/prepared/breast/test/images|MedCLIP-SAM/data/prepared/breast/test/masks
