case,corr_best_class,corr_best_source,corr_best,corr_second_class,corr_second_source,corr_second,corr_margin,mse_best_class,mse_best_source,mse_best,mse_second_class,mse_second_source,mse_second,mse_margin,corr_mse_same_source
000001.png,benign,MedCLIP-SAM/data/busi/Dataset_BUSI_with_GT/benign/benign (115).png,0.11932544656844325,benign,MedCLIP-SAM/data/busi/Dataset_BUSI_with_GT/benign/benign (173).png,0.11740504444792879,0.0019204021205144611,normal,MedCLIP-SAM/data/busi/Dataset_BUSI_with_GT/normal/normal (65).png,0.03021351248025894,malignant,MedCLIP-SAM/data/busi/Dataset_BUSI_with_GT/malignant/malignant (76).png,0.031126011162996292,0.0009124986827373505,False
000002.png,normal,MedCLIP-SAM/data/busi/Dataset_BUSI_with_GT/normal/normal (112).png,0.15742320670335502,benign,MedCLIP-SAM/data/busi/Dataset_BUSI_with_GT/benign/benign (388).png,0.13444186571953676,0.022981340983818266,normal,MedCLIP-SAM/data/busi/Dataset_BUSI_with_GT/normal/normal (65).png,0.029472623020410538,malignant,MedCLIP-SAM/data/busi/Dataset_BUSI_with_GT/malignant/malignant (76).png,0.031201571226119995,0.0017289482057094574,False
000003.png,malignant,MedCLIP-SAM/data/busi/Dataset_BUSI_with_GT/malignant/malignant (60).png,0.1593445490028475,benign,MedCLIP-SAM/data/busi/Dataset_BUSI_with_GT/benign/benign (97).png,0.1480662953633216,0.011278253639525893,normal,MedCLIP-SAM/data/busi/Dataset_BUSI_with_GT/normal/normal (65).png,0.028798632323741913,malignant,MedCLIP-SAM/data/busi/Dataset_BUSI_with_GT/malignant/malignant (76).png,0.0302268136292696,0.001428181305527687,False
000004.png,benign,MedCLIP-SAM/data/busi/Dataset_BUSI_with_GT/benign/benign (191).png,0.06676065826937211,benign,MedCLIP-SAM/data/busi/Dataset_BUSI_with_GT/benign/benign (132).png,0.0634137402834157,0.0033469179859564047,normal,MedCLIP-SAM/data/busi/Dataset_BUSI_with_GT/normal/normal (65).png,0.028546787798404694,malignant,MedCLIP-SAM/data/busi/Dataset_BUSI_with_GT/malignant/malignant (76).png,0.02938818372786045,0.0008413959294557571,False
000005.png,benign,MedCLIP-SAM/data/busi/Dataset_BUSI_with_GT/benign/benign (34).png,0.2473427135330314,benign,MedCLIP-SAM/data/busi/Dataset_BUSI_with_GT/benign/benign (437).png,0.23959070558842557,0.0077520079446058154,normal,MedCLIP-SAM/data/busi/Dataset_BUSI_with_GT/normal/normal (65).png,0.0459047369658947,malignant,MedCLIP-SAM/data/busi/Dataset_BUSI_with_GT/malignant/malignant (76).png,0.04814039543271065,0.0022356584668159485,False
000006.png,benign,MedCLIP-SAM/data/busi/Dataset_BUSI_with_GT/benign/benign (347).png,0.3364210290412274,normal,MedCLIP-SAM/data/busi/Dataset_BUSI_with_GT/normal/normal (101).png,0.3071337574357441,0.029287271605483278,normal,MedCLIP-SAM/data/busi/Dataset_BUSI_with_GT/normal/normal (65).png,0.03498924896121025,malignant,MedCLIP-SAM/data/busi/Dataset_BUSI_with_GT/malignant/malignant (76).png,0.04384075850248337,0.008851509541273117,False
000007.png,benign,MedCLIP-SAM/data/busi/Dataset_BUSI_with_GT/benign/benign (188).png,0.28599602255035067,benign,MedCLIP-SAM/data/busi/Dataset_BUSI_with_GT/benign/benign (79).png,0.09996803072839797,0.1860279918219527,normal,MedCLIP-SAM/data/busi/Dataset_BUSI_with_GT/normal/normal (65).png,0.03332330286502838,malignant,MedCLIP-SAM/data/busi/Dataset_BUSI_with_GT/malignant/malignant (76).png,0.034400343894958496,0.0010770410299301147,False
000008.png,benign,MedCLIP-SAM/data/busi/Dataset_BUSI_with_GT/benign/benign (435).png,0.26495750219048897,benign,MedCLIP-SAM/data/busi/Dataset_BUSI_with_GT/benign/benign (433).png,0.2558979539967524,0.009059548193736555,malignant,MedCLIP-SAM/data/busi/Dataset_BUSI_with_GT/malignant/malignant (76).png,0.027529438957571983,normal,MedCLIP-SAM/data/busi/Dataset_BUSI_with_GT/normal/normal (65).png,0.02810553088784218,0.000576091930270195,False
000009.png,malignant,MedCLIP-SAM/data/busi/Dataset_BUSI_with_GT/malignant/malignant (116).png,0.16554023340669136,malignant,MedCLIP-SAM/data/busi/Dataset_BUSI_with_GT/malignant/malignant (18).png,0.16479697601792842,0.0007432573887629357,normal,MedCLIP-SAM/data/busi/Dataset_BUSI_with_GT/normal/normal (65).png,0.02989979088306427,malignant,MedCLIP-SAM/data/busi/Dataset_BUSI_with_GT/malignant/malignant (76).png,0.030729394406080246,0.000829603523015976,False
000010.png,normal,MedCLIP-SAM/data/busi/Dataset_BUSI_with_GT/normal/normal (133).png,0.1741336591084032,benign,MedCLIP-SAM/data/busi/Dataset_BUSI_with_GT/benign/benign (302).png,0.1655775992711655,0.0085560598372377,normal,MedCLIP-SAM/data/busi/Dataset_BUSI_with_GT/normal/normal (65).png,0.033387113362550735,malignant,MedCLIP-SAM/data/busi/Dataset_BUSI_with_GT/malignant/malignant (76).png,0.033546917140483856,0.00015980377793312073,False
000011.png,malignant,MedCLIP-SAM/data/busi/Dataset_BUSI_with_GT/malignant/malignant (165).png,0.12337527472205698,malignant,MedCLIP-SAM/data/busi/Dataset_BUSI_with_GT/malignant/malignant (43).png,0.12045196867486321,0.0029233060471937633,normal,MedCLIP-SAM/data/busi/Dataset_BUSI_with_GT/normal/normal (65).png,0.02898562327027321,malignant,MedCLIP-SAM/data/busi/Dataset_BUSI_with_GT/malignant/malignant (76).png,0.02978060580790043,0.0007949825376272202,False
000012.png,normal,MedCLIP-SAM/data/busi/Dataset_BUSI_with_GT/normal/normal (89).png,0.2062688777240132,normal,MedCLIP-SAM/data/busi/Dataset_BUSI_with_GT/normal/normal (66).png,0.2046416142520634,0.0016272634719498025,normal,MedCLIP-SAM/data/busi/Dataset_BUSI_with_GT/normal/normal (65).png,0.04452474042773247,benign,MedCLIP-SAM/data/busi/Dataset_BUSI_with_GT/benign/benign (77).png,0.0495610386133194,0.005036298185586929,False
000013.png,benign,MedCLIP-SAM/data/busi/Dataset_BUSI_with_GT/benign/benign (368).png,0.395102563252392,malignant,MedCLIP-SAM/data/busi/Dataset_BUSI_with_GT/malignant/malignant (181).png,0.38819615613357045,0.006906407118821567,normal,MedCLIP-SAM/data/busi/Dataset_BUSI_with_GT/normal/normal (65).png,0.05703498423099518,malignant,MedCLIP-SAM/data/busi/Dataset_BUSI_with_GT/malignant/malignant (198).png,0.06075521931052208,0.0037202350795269012,False
000015.png,malignant,MedCLIP-SAM/data/busi/Dataset_BUSI_with_GT/malignant/malignant (31).png,0.45264483969446245,malignant,MedCLIP-SAM/data/busi/Dataset_BUSI_with_GT/malignant/malignant (181).png,0.44534400529622253,0.007300834398239919,malignant,MedCLIP-SAM/data/busi/Dataset_BUSI_with_GT/malignant/malignant (198).png,0.0687108114361763,normal,MedCLIP-SAM/data/busi/Dataset_BUSI_with_GT/normal/normal (65).png,0.06874117255210876,3.03611159324646e-05,False
000016.png,normal,MedCLIP-SAM/data/busi/Dataset_BUSI_with_GT/normal/normal (133).png,0.36446090562993433,normal,MedCLIP-SAM/data/busi/Dataset_BUSI_with_GT/normal/normal (34).png,0.3578682428760337,0.0065926627539006355,benign,MedCLIP-SAM/data/busi/Dataset_BUSI_with_GT/benign/benign (213).png,0.07082994282245636,benign,MedCLIP-SAM/data/busi/Dataset_BUSI_with_GT/benign/benign (253).png,0.07168663293123245,0.0008566901087760925,False
000020.png,benign,MedCLIP-SAM/data/busi/Dataset_BUSI_with_GT/benign/benign (285).png,0.12660409561783798,benign,MedCLIP-SAM/data/busi/Dataset_BUSI_with_GT/benign/benign (284).png,0.12558229378672692,0.0010218018311110577,normal,MedCLIP-SAM/data/busi/Dataset_BUSI_with_GT/normal/normal (65).png,0.028627794235944748,malignant,MedCLIP-SAM/data/busi/Dataset_BUSI_with_GT/malignant/malignant (76).png,0.029766103252768517,0.0011383090168237686,False
000021.png,malignant,MedCLIP-SAM/data/busi/Dataset_BUSI_with_GT/malignant/malignant (16).png,0.3966380007365688,malignant,MedCLIP-SAM/data/busi/Dataset_BUSI_with_GT/malignant/malignant (76).png,0.3317055906608293,0.06493241007573952,malignant,MedCLIP-SAM/data/busi/Dataset_BUSI_with_GT/malignant/malignant (76).png,0.030154211446642876,normal,MedCLIP-SAM/data/busi/Dataset_BUSI_with_GT/normal/normal (65).png,0.03676557540893555,0.006611363962292671,False
000022.png,malignant,MedCLIP-SAM/data/busi/Dataset_BUSI_with_GT/malignant/malignant (189).png,0.3284581741813077,malignant,MedCLIP-SAM/data/busi/Dataset_BUSI_with_GT/malignant/malignant (191).png,0.29157071837010085,0.03688745581120684,malignant,MedCLIP-SAM/data/busi/Dataset_BUSI_with_GT/malignant/malignant (76).png,0.029487648978829384,normal,MedCLIP-SAM/data/busi/Dataset_BUSI_with_GT/normal/normal (65).png,0.032466087490320206,0.002978438511490822,False
000023.png,malignant,MedCLIP-SAM/data/busi/Dataset_BUSI_with_GT/malignant/malignant (83).png,0.08449066118381349,benign,MedCLIP-SAM/data/busi/Dataset_BUSI_with_GT/benign/benign (368).png,0.08409242826733987,0.0003982329164736176,normal,MedCLIP-SAM/data/busi/Dataset_BUSI_with_GT/normal/normal (65).png,0.028775310143828392,malignant,MedCLIP-SAM/data/busi/Dataset_BUSI_with_GT/malignant/malignant (76).png,0.029703330248594284,0.000928020104765892,False
000024.png,benign,MedCLIP-SAM/data/busi/Dataset_BUSI_with_GT/benign/benign (124).png,0.13855223683900697,malignant,MedCLIP-SAM/data/busi/Dataset_BUSI_with_GT/malignant/malignant (30).png,0.12529082304704317,0.0132614137919638,normal,MedCLIP-SAM/data/busi/Dataset_BUSI_with_GT/normal/normal (65).png,0.02863140031695366,malignant,MedCLIP-SAM/data/busi/Dataset_BUSI_with_GT/malignant/malignant (76).png,0.029464423656463623,0.000833023339509964,False
000025.png,normal,MedCLIP-SAM/data/busi/Dataset_BUSI_with_GT/normal/normal (133).png,0.4577276986419052,benign,MedCLIP-SAM/data/busi/Dataset_BUSI_with_GT/benign/benign (107).png,0.4491698299043726,0.008557868737532615,benign,MedCLIP-SAM/data/busi/Dataset_BUSI_with_GT/benign/benign (213).png,0.09164103865623474,benign,MedCLIP-SAM/data/busi/Dataset_BUSI_with_GT/benign/benign (253).png,0.09505069255828857,0.003409653902053833,False
000027.png,benign,MedCLIP-SAM/data/busi/Dataset_BUSI_with_GT/benign/benign (113).png,0.14417845099300508,benign,MedCLIP-SAM/data/busi/Dataset_BUSI_with_GT/benign/benign (147).png,0.14411316474035277,6.528625265231347e-05,normal,MedCLIP-SAM/data/busi/Dataset_BUSI_with_GT/normal/normal (65).png,0.031553223729133606,malignant,MedCLIP-SAM/data/busi/Dataset_BUSI_with_GT/malignant/malignant (76).png,0.032442063093185425,0.0008888393640518188,False
000028.png,malignant,MedCLIP-SAM/data/busi/Dataset_BUSI_with_GT/malignant/malignant (79).png,0.2516939583693104,malignant,MedCLIP-SAM/data/busi/Dataset_BUSI_with_GT/malignant/malignant (161).png,0.24211888171171514,0.009575076657595272,normal,MedCLIP-SAM/data/busi/Dataset_BUSI_with_GT/normal/normal (65).png,0.030309172347187996,malignant,MedCLIP-SAM/data/busi/Dataset_BUSI_with_GT/malignant/malignant (76).png,0.033314842730760574,0.0030056703835725784,False
000030.png,benign,MedCLIP-SAM/data/busi/Dataset_BUSI_with_GT/benign/benign (435).png,0.34542971016060836,malignant,MedCLIP-SAM/data/busi/Dataset_BUSI_with_GT/malignant/malignant (16).png,0.3354020860972257,0.010027624063382645,malignant,MedCLIP-SAM/data/busi/Dataset_BUSI_with_GT/malignant/malignant (76).png,0.027472831308841705,normal,MedCLIP-SAM/data/busi/Dataset_BUSI_with_GT/normal/normal (65).png,0.029377009719610214,0.001904178410768509,False
000031.png,benign,MedCLIP-SAM/data/busi/Dataset_BUSI_with_GT/benign/benign (169).png,0.2558988058175438,benign,MedCLIP-SAM/data/busi/Dataset_BUSI_with_GT/benign/benign (91).png,0.24997505087168087,0.005923754945862947,normal,MedCLIP-SAM/data/busi/Dataset_BUSI_with_GT/normal/normal (65).png,0.037266578525304794,malignant,MedCLIP-SAM/data/busi/Dataset_BUSI_with_GT/malignant/malignant (76).png,0.03910430893301964,0.0018377304077148438,False
000032.png,malignant,MedCLIP-SAM/data/busi/Dataset_BUSI_with_GT/malignant/malignant (179).png,0.05506233017489283,benign,MedCLIP-SAM/data/busi/Dataset_BUSI_with_GT/benign/benign (183).png,0.05320439676764707,0.001857933407245757,normal,MedCLIP-SAM/data/busi/Dataset_BUSI_with_GT/normal/normal (65).png,0.028537586331367493,malignant,MedCLIP-SAM/data/busi/Dataset_BUSI_with_GT/malignant/malignant (76).png,0.029405487701296806,0.0008679013699293137,False
000034.png,malignant,MedCLIP-SAM/data/busi/Dataset_BUSI_with_GT/malignant/malignant (165).png,0.11797573529600829,benign,MedCLIP-SAM/data/busi/Dataset_BUSI_with_GT/benign/benign (20).png,0.11502241495265748,0.0029533203433508015,normal,MedCLIP-SAM/data/busi/Dataset_BUSI_with_GT/normal/normal (65).png,0.028440255671739578,malignant,MedCLIP-SAM/data/busi/Dataset_BUSI_with_GT/malignant/malignant (76).png,0.029390055686235428,0.0009498000144958496,False
000039.png,normal,MedCLIP-SAM/data/busi/Dataset_BUSI_with_GT/normal/normal (73).png,0.37547568055555947,benign,MedCLIP-SAM/data/busi/Dataset_BUSI_with_GT/benign/benign (146).png,0.3734003699731445,0.0020753105824149465,normal,MedCLIP-SAM/data/busi/Dataset_BUSI_with_GT/normal/normal (65).png,0.052429310977458954,malignant,MedCLIP-SAM/data/busi/Dataset_BUSI_with_GT/malignant/malignant (76).png,0.05612361058592796,0.0036942996084690094,False
000040.png,malignant,MedCLIP-SAM/data/busi/Dataset_BUSI_with_GT/malignant/malignant (179).png,0.05506233017489283,benign,MedCLIP-SAM/data/busi/Dataset_BUSI_with_GT/benign/benign (183).png,0.05320439676764707,0.001857933407245757,normal,MedCLIP-SAM/data/busi/Dataset_BUSI_with_GT/normal/normal (65).png,0.028537586331367493,malignant,MedCLIP-SAM/data/busi/Dataset_BUSI_with_GT/malignant/malignant (76).png,0.029405487701296806,0.0008679013699293137,False
000041.png,benign,MedCLIP-SAM/data/busi/Dataset_BUSI_with_GT/benign/benign (287).png,0.3669456302228253,benign,MedCLIP-SAM/data/busi/Dataset_BUSI_with_GT/benign/benign (232).png,0.359599252215295,0.0073463780075302965,benign,MedCLIP-SAM/data/busi/Dataset_BUSI_with_GT/benign/benign (341).png,0.06573595851659775,normal,MedCLIP-SAM/data/busi/Dataset_BUSI_with_GT/normal/normal (29).png,0.07332432270050049,0.0075883641839027405,False
000043.png,benign,MedCLIP-SAM/data/busi/Dataset_BUSI_with_GT/benign/benign (32).png,0.17739760361490614,malignant,MedCLIP-SAM/data/busi/Dataset_BUSI_with_GT/malignant/malignant (32).png,0.16196308450228153,0.015434519112624612,normal,MedCLIP-SAM/data/busi/Dataset_BUSI_with_GT/normal/normal (65).png,0.03123115375638008,malignant,MedCLIP-SAM/data/busi/Dataset_BUSI_with_GT/malignant/malignant (76).png,0.03236649930477142,0.0011353455483913422,False
000044.png,malignant,MedCLIP-SAM/data/busi/Dataset_BUSI_with_GT/malignant/malignant (167).png,0.3767911450720714,normal,MedCLIP-SAM/data/busi/Dataset_BUSI_with_GT/normal/normal (73).png,0.37148884832923057,0.0053022967428408285,normal,MedCLIP-SAM/data/busi/Dataset_BUSI_with_GT/normal/normal (65).png,0.06173013895750046,malignant,MedCLIP-SAM/data/busi/Dataset_BUSI_with_GT/malignant/malignant (76).png,0.065213143825531,0.003483004868030548,False
000045.png,benign,MedCLIP-SAM/data/busi/Dataset_BUSI_with_GT/benign/benign (107).png,0.3857429870069107,benign,MedCLIP-SAM/data/busi/Dataset_BUSI_with_GT/benign/benign (405).png,0.3722746176223302,0.013468369384580459,benign,MedCLIP-SAM/data/busi/Dataset_BUSI_with_GT/benign/benign (213).png,0.08817752450704575,benign,MedCLIP-SAM/data/busi/Dataset_BUSI_with_GT/benign/benign (355).png,0.08828309178352356,0.00010556727647781372,False
000047.png,malignant,MedCLIP-SAM/data/busi/Dataset_BUSI_with_GT/malignant/malignant (73).png,0.38024718431546617,benign,MedCLIP-SAM/data/busi/Dataset_BUSI_with_GT/benign/benign (379).png,0.3582016869541065,0.02204549736135969,benign,MedCLIP-SAM/data/busi/Dataset_BUSI_with_GT/benign/benign (355).png,0.07300083339214325,normal,MedCLIP-SAM/data/busi/Dataset_BUSI_with_GT/normal/normal (29).png,0.07555095851421356,0.0025501251220703125,False
000051.png,benign,MedCLIP-SAM/data/busi/Dataset_BUSI_with_GT/benign/benign (246).png,0.04009205062173336,benign,MedCLIP-SAM/data/busi/Dataset_BUSI_with_GT/benign/benign (221).png,0.03816607340703313,0.0019259772147002321,normal,MedCLIP-SAM/data/busi/Dataset_BUSI_with_GT/normal/normal (65).png,0.028622232377529144,malignant,MedCLIP-SAM/data/busi/Dataset_BUSI_with_GT/malignant/malignant (76).png,0.029599810019135475,0.0009775776416063309,False
000052.png,normal,MedCLIP-SAM/data/busi/Dataset_BUSI_with_GT/normal/normal (133).png,0.5887382941307959,benign,MedCLIP-SAM/data/busi/Dataset_BUSI_with_GT/benign/benign (107).png,0.5700183816374518,0.01871991249334415,malignant,MedCLIP-SAM/data/busi/Dataset_BUSI_with_GT/malignant/malignant (75).png,0.09165234863758087,normal,MedCLIP-SAM/data/busi/Dataset_BUSI_with_GT/normal/normal (55).png,0.09346053749322891,0.0018081888556480408,False
000053.png,malignant,MedCLIP-SAM/data/busi/Dataset_BUSI_with_GT/malignant/malignant (4).png,0.626484310181316,malignant,MedCLIP-SAM/data/busi/Dataset_BUSI_with_GT/malignant/malignant (6).png,0.6235363722363563,0.002947937944959733,malignant,MedCLIP-SAM/data/busi/Dataset_BUSI_with_GT/malignant/malignant (6).png,0.12491341680288315,malignant,MedCLIP-SAM/data/busi/Dataset_BUSI_with_GT/malignant/malignant (4).png,0.12515392899513245,0.0002405121922492981,False
000054.png,normal,MedCLIP-SAM/data/busi/Dataset_BUSI_with_GT/normal/normal (124).png,0.1381474074449567,normal,MedCLIP-SAM/data/busi/Dataset_BUSI_with_GT/normal/normal (27).png,0.1368872866876535,0.0012601207573032236,normal,MedCLIP-SAM/data/busi/Dataset_BUSI_with_GT/normal/normal (65).png,0.02896035648882389,malignant,MedCLIP-SAM/data/busi/Dataset_BUSI_with_GT/malignant/malignant (76).png,0.030034735798835754,0.0010743793100118637,False
000055.png,normal,MedCLIP-SAM/data/busi/Dataset_BUSI_with_GT/normal/normal (20).png,0.07556477857236663,benign,MedCLIP-SAM/data/busi/Dataset_BUSI_with_GT/benign/benign (267).png,0.06784417599755822,0.007720602574808402,normal,MedCLIP-SAM/data/busi/Dataset_BUSI_with_GT/normal/normal (65).png,0.029576541855931282,malignant,MedCLIP-SAM/data/busi/Dataset_BUSI_with_GT/malignant/malignant (76).png,0.03107481263577938,0.0014982707798480988,False
000056.png,benign,MedCLIP-SAM/data/busi/Dataset_BUSI_with_GT/benign/benign (295).png,0.12149297965976669,benign,MedCLIP-SAM/data/busi/Dataset_BUSI_with_GT/benign/benign (231).png,0.11961469145628183,0.0018782882034848597,normal,MedCLIP-SAM/data/busi/Dataset_BUSI_with_GT/normal/normal (65).png,0.02860688790678978,malignant,MedCLIP-SAM/data/busi/Dataset_BUSI_with_GT/malignant/malignant (76).png,0.02936665713787079,0.0007597692310810089,False
000057.png,malignant,MedCLIP-SAM/data/busi/Dataset_BUSI_with_GT/malignant/malignant (165).png,0.10137298026734627,malignant,MedCLIP-SAM/data/busi/Dataset_BUSI_with_GT/malignant/malignant (2).png,0.09647941095208067,0.004893569315265606,normal,MedCLIP-SAM/data/busi/Dataset_BUSI_with_GT/normal/normal (65).png,0.0286729596555233,malignant,MedCLIP-SAM/data/busi/Dataset_BUSI_with_GT/malignant/malignant (76).png,0.029439011588692665,0.0007660519331693649,False
000058.png,benign,MedCLIP-SAM/data/busi/Dataset_BUSI_with_GT/benign/benign (148).png,0.15700134749712433,benign,MedCLIP-SAM/data/busi/Dataset_BUSI_with_GT/benign/benign (110).png,0.15604206260728476,0.0009592848898395678,normal,MedCLIP-SAM/data/busi/Dataset_BUSI_with_GT/normal/normal (65).png,0.028893793001770973,malignant,MedCLIP-SAM/data/busi/Dataset_BUSI_with_GT/malignant/malignant (76).png,0.029853813350200653,0.0009600203484296799,False
000059.png,benign,MedCLIP-SAM/data/busi/Dataset_BUSI_with_GT/benign/benign (214).png,0.21028683373516083,benign,MedCLIP-SAM/data/busi/Dataset_BUSI_with_GT/benign/benign (110).png,0.2049776580639536,0.005309175671207228,normal,MedCLIP-SAM/data/busi/Dataset_BUSI_with_GT/normal/normal (65).png,0.03045957162976265,malignant,MedCLIP-SAM/data/busi/Dataset_BUSI_with_GT/malignant/malignant (76).png,0.032467156648635864,0.0020075850188732147,False
000061.png,malignant,MedCLIP-SAM/data/busi/Dataset_BUSI_with_GT/malignant/malignant (198).png,0.1709000127258888,benign,MedCLIP-SAM/data/busi/Dataset_BUSI_with_GT/benign/benign (360).png,0.14553600441492956,0.025364008310959252,normal,MedCLIP-SAM/data/busi/Dataset_BUSI_with_GT/normal/normal (65).png,0.02922326698899269,malignant,MedCLIP-SAM/data/busi/Dataset_BUSI_with_GT/malignant/malignant (76).png,0.03082941100001335,0.0016061440110206604,False
000062.png,benign,MedCLIP-SAM/data/busi/Dataset_BUSI_with_GT/benign/benign (195).png,0.07698227348828326,benign,MedCLIP-SAM/data/busi/Dataset_BUSI_with_GT/benign/benign (188).png,0.06998521999766119,0.006997053490622074,normal,MedCLIP-SAM/data/busi/Dataset_BUSI_with_GT/normal/normal (65).png,0.029888253659009933,malignant,MedCLIP-SAM/data/busi/Dataset_BUSI_with_GT/malignant/malignant (76).png,0.03117607720196247,0.0012878235429525375,False
000063.png,benign,MedCLIP-SAM/data/busi/Dataset_BUSI_with_GT/benign/benign (188).png,0.30864600258475766,benign,MedCLIP-SAM/data/busi/Dataset_BUSI_with_GT/benign/benign (190).png,0.1136262597804853,0.19501974280427237,normal,MedCLIP-SAM/data/busi/Dataset_BUSI_with_GT/normal/normal (65).png,0.035756997764110565,malignant,MedCLIP-SAM/data/busi/Dataset_BUSI_with_GT/malignant/malignant (76).png,0.03637932240962982,0.0006223246455192566,False
000064.png,benign,MedCLIP-SAM/data/busi/Dataset_BUSI_with_GT/benign/benign (127).png,0.21077117993277528,benign,MedCLIP-SAM/data/busi/Dataset_BUSI_with_GT/benign/benign (37).png,0.21025648228357643,0.000514697649198842,normal,MedCLIP-SAM/data/busi/Dataset_BUSI_with_GT/normal/normal (65).png,0.029808666557073593,malignant,MedCLIP-SAM/data/busi/Dataset_BUSI_with_GT/malignant/malignant (76).png,0.031878985464572906,0.0020703189074993134,False
000066.png,benign,MedCLIP-SAM/data/busi/Dataset_BUSI_with_GT/benign/benign (53).png,0.17406454467890797,benign,MedCLIP-SAM/data/busi/Dataset_BUSI_with_GT/benign/benign (177).png,0.17387975259869176,0.00018479208021621174,normal,MedCLIP-SAM/data/busi/Dataset_BUSI_with_GT/normal/normal (65).png,0.02837066352367401,malignant,MedCLIP-SAM/data/busi/Dataset_BUSI_with_GT/malignant/malignant (76).png,0.028832819312810898,0.0004621557891368866,False
000068.png,malignant,MedCLIP-SAM/data/busi/Dataset_BUSI_with_GT/malignant/malignant (3).png,0.6425287974533426,malignant,MedCLIP-SAM/data/busi/Dataset_BUSI_with_GT/malignant/malignant (75).png,0.6377232771887563,0.004805520264586249,benign,MedCLIP-SAM/data/busi/Dataset_BUSI_with_GT/benign/benign (134).png,0.10860894620418549,normal,MedCLIP-SAM/data/busi/Dataset_BUSI_with_GT/normal/normal (73).png,0.10878392308950424,0.0001749768853187561,False
000069.png,malignant,MedCLIP-SAM/data/busi/Dataset_BUSI_with_GT/malignant/malignant (80).png,0.38899831686492625,malignant,MedCLIP-SAM/data/busi/Dataset_BUSI_with_GT/malignant/malignant (98).png,0.38472695633532017,0.004271360529606083,normal,MedCLIP-SAM/data/busi/Dataset_BUSI_with_GT/normal/normal (65).png,0.07629310339689255,benign,MedCLIP-SAM/data/busi/Dataset_BUSI_with_GT/benign/benign (368).png,0.07753404229879379,0.0012409389019012451,False
000070.png,benign,MedCLIP-SAM/data/busi/Dataset_BUSI_with_GT/benign/benign (368).png,0.3861659412856878,malignant,MedCLIP-SAM/data/busi/Dataset_BUSI_with_GT/malignant/malignant (31).png,0.3742451906702201,0.011920750615467712,benign,MedCLIP-SAM/data/busi/Dataset_BUSI_with_GT/benign/benign (368).png,0.07731065899133682,normal,MedCLIP-SAM/data/busi/Dataset_BUSI_with_GT/normal/normal (65).png,0.07751153409481049,0.00020087510347366333,True
000071.png,malignant,MedCLIP-SAM/data/busi/Dataset_BUSI_with_GT/malignant/malignant (181).png,0.21417694785723115,malignant,MedCLIP-SAM/data/busi/Dataset_BUSI_with_GT/malignant/malignant (116).png,0.20534455187080214,0.008832395986429015,normal,MedCLIP-SAM/data/busi/Dataset_BUSI_with_GT/normal/normal (65).png,0.030975792557001114,malignant,MedCLIP-SAM/data/busi/Dataset_BUSI_with_GT/malignant/malignant (76).png,0.03136666119098663,0.0003908686339855194,False
000072.png,malignant,MedCLIP-SAM/data/busi/Dataset_BUSI_with_GT/malignant/malignant (76).png,0.29584452029062286,malignant,MedCLIP-SAM/data/busi/Dataset_BUSI_with_GT/malignant/malignant (16).png,0.29397038307985,0.0018741372107728416,malignant,MedCLIP-SAM/data/busi/Dataset_BUSI_with_GT/malignant/malignant (76).png,0.038995735347270966,normal,MedCLIP-SAM/data/busi/Dataset_BUSI_with_GT/normal/normal (65).png,0.046422943472862244,0.007427208125591278,True
000073.png,malignant,MedCLIP-SAM/data/busi/Dataset_BUSI_with_GT/malignant/malignant (189).png,0.24664327491773513,malignant,MedCLIP-SAM/data/busi/Dataset_BUSI_with_GT/malignant/malignant (191).png,0.22069302369349936,0.025950251224235776,malignant,MedCLIP-SAM/data/busi/Dataset_BUSI_with_GT/malignant/malignant (76).png,0.029224777594208717,normal,MedCLIP-SAM/data/busi/Dataset_BUSI_with_GT/normal/normal (65).png,0.030859723687171936,0.0016349460929632187,False
000074.png,malignant,MedCLIP-SAM/data/busi/Dataset_BUSI_with_GT/malignant/malignant (2).png,0.4337430717866645,normal,MedCLIP-SAM/data/busi/Dataset_BUSI_with_GT/normal/normal (24).png,0.4237760895750535,0.009966982211610964,benign,MedCLIP-SAM/data/busi/Dataset_BUSI_with_GT/benign/benign (335).png,0.06780409067869186,malignant,MedCLIP-SAM/data/busi/Dataset_BUSI_with_GT/malignant/malignant (165).png,0.06931719928979874,0.0015131086111068726,False
000077.png,benign,MedCLIP-SAM/data/busi/Dataset_BUSI_with_GT/benign/benign (188).png,0.10022166463318705,benign,MedCLIP-SAM/data/busi/Dataset_BUSI_with_GT/benign/benign (246).png,0.06248125627278936,0.03774040836039769,normal,MedCLIP-SAM/data/busi/Dataset_BUSI_with_GT/normal/normal (65).png,0.031630583107471466,malignant,MedCLIP-SAM/data/busi/Dataset_BUSI_with_GT/malignant/malignant (76).png,0.03278496116399765,0.001154378056526184,False
000078.png,malignant,MedCLIP-SAM/data/busi/Dataset_BUSI_with_GT/malignant/malignant (22).png,0.23976933453996535,malignant,MedCLIP-SAM/data/busi/Dataset_BUSI_with_GT/malignant/malignant (166).png,0.23385885199695594,0.00591048254300941,malignant,MedCLIP-SAM/data/busi/Dataset_BUSI_with_GT/malignant/malignant (76).png,0.033887043595314026,normal,MedCLIP-SAM/data/busi/Dataset_BUSI_with_GT/normal/normal (65).png,0.035443052649497986,0.00155600905418396,False
000082.png,benign,MedCLIP-SAM/data/busi/Dataset_BUSI_with_GT/benign/benign (347).png,0.41679043648263003,normal,MedCLIP-SAM/data/busi/Dataset_BUSI_with_GT/normal/normal (73).png,0.39114989799380373,0.025640538488826303,normal,MedCLIP-SAM/data/busi/Dataset_BUSI_with_GT/normal/normal (65).png,0.05617799237370491,benign,MedCLIP-SAM/data/busi/Dataset_BUSI_with_GT/benign/benign (213).png,0.06081106513738632,0.004633072763681412,False
000083.png,malignant,MedCLIP-SAM/data/busi/Dataset_BUSI_with_GT/malignant/malignant (198).png,0.2970425938691146,malignant,MedCLIP-SAM/data/busi/Dataset_BUSI_with_GT/malignant/malignant (116).png,0.27087182578091556,0.026170768088199015,normal,MedCLIP-SAM/data/busi/Dataset_BUSI_with_GT/normal/normal (65).png,0.03525117039680481,malignant,MedCLIP-SAM/data/busi/Dataset_BUSI_with_GT/malignant/malignant (76).png,0.03632204607129097,0.0010708756744861603,False
000086.png,normal,MedCLIP-SAM/data/busi/Dataset_BUSI_with_GT/normal/normal (72).png,0.06965342586423366,benign,MedCLIP-SAM/data/busi/Dataset_BUSI_with_GT/benign/benign (82).png,0.06667573591859847,0.002977689945635187,normal,MedCLIP-SAM/data/busi/Dataset_BUSI_with_GT/normal/normal (65).png,0.028860874474048615,malignant,MedCLIP-SAM/data/busi/Dataset_BUSI_with_GT/malignant/malignant (76).png,0.029843958094716072,0.0009830836206674576,False
000091.png,benign,MedCLIP-SAM/data/busi/Dataset_BUSI_with_GT/benign/benign (347).png,0.10612901360941102,malignant,MedCLIP-SAM/data/busi/Dataset_BUSI_with_GT/malignant/malignant (28).png,0.08840544127274119,0.017723572336669824,normal,MedCLIP-SAM/data/busi/Dataset_BUSI_with_GT/normal/normal (65).png,0.028448577970266342,malignant,MedCLIP-SAM/data/busi/Dataset_BUSI_with_GT/malignant/malignant (76).png,0.029344217851758003,0.0008956398814916611,False
000093.png,benign,MedCLIP-SAM/data/busi/Dataset_BUSI_with_GT/benign/benign (4).png,0.25821760029189234,benign,MedCLIP-SAM/data/busi/Dataset_BUSI_with_GT/benign/benign (416).png,0.2511274856659117,0.007090114625980637,normal,MedCLIP-SAM/data/busi/Dataset_BUSI_with_GT/normal/normal (65).png,0.04550791159272194,malignant,MedCLIP-SAM/data/busi/Dataset_BUSI_with_GT/malignant/malignant (76).png,0.05172225832939148,0.00621434673666954,False
000096.png,benign,MedCLIP-SAM/data/busi/Dataset_BUSI_with_GT/benign/benign (353).png,0.25905659285548077,benign,MedCLIP-SAM/data/busi/Dataset_BUSI_with_GT/benign/benign (402).png,0.23565898693282666,0.023397605922654108,normal,MedCLIP-SAM/data/busi/Dataset_BUSI_with_GT/normal/normal (65).png,0.03230849653482437,malignant,MedCLIP-SAM/data/busi/Dataset_BUSI_with_GT/malignant/malignant (76).png,0.03528495132923126,0.002976454794406891,False
000097.png,malignant,MedCLIP-SAM/data/busi/Dataset_BUSI_with_GT/malignant/malignant (150).png,0.1433917455966978,malignant,MedCLIP-SAM/data/busi/Dataset_BUSI_with_GT/malignant/malignant (124).png,0.1415525882135354,0.0018391573831623986,normal,MedCLIP-SAM/data/busi/Dataset_BUSI_with_GT/normal/normal (65).png,0.028244460001587868,malignant,MedCLIP-SAM/data/busi/Dataset_BUSI_with_GT/malignant/malignant (76).png,0.02896890603005886,0.000724446028470993,False
000098.png,benign,MedCLIP-SAM/data/busi/Dataset_BUSI_with_GT/benign/benign (113).png,0.1619043162740757,benign,MedCLIP-SAM/data/busi/Dataset_BUSI_with_GT/benign/benign (6).png,0.16100863610007277,0.000895680174002933,normal,MedCLIP-SAM/data/busi/Dataset_BUSI_with_GT/normal/normal (65).png,0.030991505831480026,malignant,MedCLIP-SAM/data/busi/Dataset_BUSI_with_GT/malignant/malignant (76).png,0.03139267489314079,0.0004011690616607666,False
000102.png,benign,MedCLIP-SAM/data/busi/Dataset_BUSI_with_GT/benign/benign (424).png,0.1630049594095927,benign,MedCLIP-SAM/data/busi/Dataset_BUSI_with_GT/benign/benign (308).png,0.16239372445403877,0.0006112349555539298,normal,MedCLIP-SAM/data/busi/Dataset_BUSI_with_GT/normal/normal (65).png,0.03097689524292946,malignant,MedCLIP-SAM/data/busi/Dataset_BUSI_with_GT/malignant/malignant (76).png,0.031955428421497345,0.0009785331785678864,False
000103.png,malignant,MedCLIP-SAM/data/busi/Dataset_BUSI_with_GT/malignant/malignant (191).png,0.0881023911120575,malignant,MedCLIP-SAM/data/busi/Dataset_BUSI_with_GT/malignant/malignant (164).png,0.07277871282724951,0.01532367828480799,normal,MedCLIP-SAM/data/busi/Dataset_BUSI_with_GT/normal/normal (65).png,0.030298322439193726,malignant,MedCLIP-SAM/data/busi/Dataset_BUSI_with_GT/malignant/malignant (76).png,0.03184168413281441,0.0015433616936206818,False
000104.png,benign,MedCLIP-SAM/data/busi/Dataset_BUSI_with_GT/benign/benign (150).png,0.25580901376210236,benign,MedCLIP-SAM/data/busi/Dataset_BUSI_with_GT/benign/benign (347).png,0.25434483613712655,0.0014641776249758043,normal,MedCLIP-SAM/data/busi/Dataset_BUSI_with_GT/normal/normal (65).png,0.03748691454529762,malignant,MedCLIP-SAM/data/busi/Dataset_BUSI_with_GT/malignant/malignant (76).png,0.03919906169176102,0.0017121471464633942,False
000105.png,malignant,MedCLIP-SAM/data/busi/Dataset_BUSI_with_GT/malignant/malignant (165).png,0.06339327260183046,malignant,MedCLIP-SAM/data/busi/Dataset_BUSI_with_GT/malignant/malignant (137).png,0.051237025346470455,0.012156247255360006,normal,MedCLIP-SAM/data/busi/Dataset_BUSI_with_GT/normal/normal (65).png,0.028527777642011642,malignant,MedCLIP-SAM/data/busi/Dataset_BUSI_with_GT/malignant/malignant (76).png,0.029410766437649727,0.0008829887956380844,False
000106.png,malignant,MedCLIP-SAM/data/busi/Dataset_BUSI_with_GT/malignant/malignant (3).png,0.502208957057444,malignant,MedCLIP-SAM/data/busi/Dataset_BUSI_with_GT/malignant/malignant (98).png,0.49847902108582526,0.003729935971618692,malignant,MedCLIP-SAM/data/busi/Dataset_BUSI_with_GT/malignant/malignant (43).png,0.09129896014928818,benign,MedCLIP-SAM/data/busi/Dataset_BUSI_with_GT/benign/benign (335).png,0.09316597133874893,0.0018670111894607544,False
000107.png,malignant,MedCLIP-SAM/data/busi/Dataset_BUSI_with_GT/malignant/malignant (189).png,0.43722894752273195,malignant,MedCLIP-SAM/data/busi/Dataset_BUSI_with_GT/malignant/malignant (16).png,0.4358134533757302,0.0014154941470017612,malignant,MedCLIP-SAM/data/busi/Dataset_BUSI_with_GT/malignant/malignant (76).png,0.03377080336213112,benign,MedCLIP-SAM/data/busi/Dataset_BUSI_with_GT/benign/benign (77).png,0.03885119780898094,0.005080394446849823,False
000108.png,benign,MedCLIP-SAM/data/busi/Dataset_BUSI_with_GT/benign/benign (347).png,0.44760203207879556,benign,MedCLIP-SAM/data/busi/Dataset_BUSI_with_GT/benign/benign (368).png,0.4086724832948223,0.038929548783973256,malignant,MedCLIP-SAM/data/busi/Dataset_BUSI_with_GT/malignant/malignant (198).png,0.06918156892061234,benign,MedCLIP-SAM/data/busi/Dataset_BUSI_with_GT/benign/benign (368).png,0.06989070773124695,0.000709138810634613,False
000109.png,malignant,MedCLIP-SAM/data/busi/Dataset_BUSI_with_GT/malignant/malignant (164).png,0.24116082716928527,benign,MedCLIP-SAM/data/busi/Dataset_BUSI_with_GT/benign/benign (268).png,0.17641435949632872,0.06474646767295655,normal,MedCLIP-SAM/data/busi/Dataset_BUSI_with_GT/normal/normal (65).png,0.04033767059445381,malignant,MedCLIP-SAM/data/busi/Dataset_BUSI_with_GT/malignant/malignant (76).png,0.04151120409369469,0.0011735334992408752,False
000111.png,normal,MedCLIP-SAM/data/busi/Dataset_BUSI_with_GT/normal/normal (3).png,0.45854479146415006,benign,MedCLIP-SAM/data/busi/Dataset_BUSI_with_GT/benign/benign (284).png,0.4377825214066067,0.020762270057543386,benign,MedCLIP-SAM/data/busi/Dataset_BUSI_with_GT/benign/benign (335).png,0.07127037644386292,normal,MedCLIP-SAM/data/busi/Dataset_BUSI_with_GT/normal/normal (65).png,0.07168985158205032,0.00041947513818740845,False
000113.png,benign,MedCLIP-SAM/data/busi/Dataset_BUSI_with_GT/benign/benign (435).png,0.3798265253599442,benign,MedCLIP-SAM/data/busi/Dataset_BUSI_with_GT/benign/benign (413).png,0.37559764984937927,0.0042288755105649445,malignant,MedCLIP-SAM/data/busi/Dataset_BUSI_with_GT/malignant/malignant (76).png,0.02887970581650734,normal,MedCLIP-SAM/data/busi/Dataset_BUSI_with_GT/normal/normal (65).png,0.029918303713202477,0.001038597896695137,False
000115.png,malignant,MedCLIP-SAM/data/busi/Dataset_BUSI_with_GT/malignant/malignant (58).png,0.16508751180644204,benign,MedCLIP-SAM/data/busi/Dataset_BUSI_with_GT/benign/benign (267).png,0.10121273751692397,0.06387477428951807,normal,MedCLIP-SAM/data/busi/Dataset_BUSI_with_GT/normal/normal (65).png,0.03220534697175026,malignant,MedCLIP-SAM/data/busi/Dataset_BUSI_with_GT/malignant/malignant (76).png,0.032896921038627625,0.0006915740668773651,False
000117.png,benign,MedCLIP-SAM/data/busi/Dataset_BUSI_with_GT/benign/benign (287).png,0.23061958893744472,benign,MedCLIP-SAM/data/busi/Dataset_BUSI_with_GT/benign/benign (232).png,0.22555401403466865,0.0050655749027760655,normal,MedCLIP-SAM/data/busi/Dataset_BUSI_with_GT/normal/normal (65).png,0.030474215745925903,malignant,MedCLIP-SAM/data/busi/Dataset_BUSI_with_GT/malignant/malignant (76).png,0.03139456361532211,0.0009203478693962097,False
000118.png,normal,MedCLIP-SAM/data/busi/Dataset_BUSI_with_GT/normal/normal (73).png,0.1146544873915381,benign,MedCLIP-SAM/data/busi/Dataset_BUSI_with_GT/benign/benign (214).png,0.10960925316607018,0.005045234225467932,normal,MedCLIP-SAM/data/busi/Dataset_BUSI_with_GT/normal/normal (65).png,0.028889376670122147,malignant,MedCLIP-SAM/data/busi/Dataset_BUSI_with_GT/malignant/malignant (76).png,0.029671331867575645,0.0007819551974534988,False
000119.png,malignant,MedCLIP-SAM/data/busi/Dataset_BUSI_with_GT/malignant/malignant (16).png,0.3203952973721254,benign,MedCLIP-SAM/data/busi/Dataset_BUSI_with_GT/benign/benign (188).png,0.26577855249075977,0.05461674488136564,malignant,MedCLIP-SAM/data/busi/Dataset_BUSI_with_GT/malignant/malignant (76).png,0.034635938704013824,normal,MedCLIP-SAM/data/busi/Dataset_BUSI_with_GT/normal/normal (65).png,0.03734661266207695,0.0027106739580631256,False
000120.png,malignant,MedCLIP-SAM/data/busi/Dataset_BUSI_with_GT/malignant/malignant (30).png,0.11648451210311589,normal,MedCLIP-SAM/data/busi/Dataset_BUSI_with_GT/normal/normal (88).png,0.10158099114571506,0.014903520957400829,normal,MedCLIP-SAM/data/busi/Dataset_BUSI_with_GT/normal/normal (65).png,0.029126806184649467,malignant,MedCLIP-SAM/data/busi/Dataset_BUSI_with_GT/malignant/malignant (76).png,0.02984519675374031,0.0007183905690908432,False
000121.png,benign,MedCLIP-SAM/data/busi/Dataset_BUSI_with_GT/benign/benign (131).png,0.5011923835456511,malignant,MedCLIP-SAM/data/busi/Dataset_BUSI_with_GT/malignant/malignant (51).png,0.49628353409581527,0.004908849449835828,benign,MedCLIP-SAM/data/busi/Dataset_BUSI_with_GT/benign/benign (368).png,0.08726094663143158,benign,MedCLIP-SAM/data/busi/Dataset_BUSI_with_GT/benign/benign (335).png,0.09013952314853668,0.0028785765171051025,False
000122.png,benign,MedCLIP-SAM/data/busi/Dataset_BUSI_with_GT/benign/benign (302).png,0.07420231353854936,benign,MedCLIP-SAM/data/busi/Dataset_BUSI_with_GT/benign/benign (201).png,0.0739912366814999,0.00021107685704946366,normal,MedCLIP-SAM/data/busi/Dataset_BUSI_with_GT/normal/normal (65).png,0.028567470610141754,malignant,MedCLIP-SAM/data/busi/Dataset_BUSI_with_GT/malignant/malignant (76).png,0.02940344624221325,0.0008359756320714951,False
000123.png,benign,MedCLIP-SAM/data/busi/Dataset_BUSI_with_GT/benign/benign (188).png,0.09471164221571637,malignant,MedCLIP-SAM/data/busi/Dataset_BUSI_with_GT/malignant/malignant (66).png,0.06690723435692073,0.02780440785879565,normal,MedCLIP-SAM/data/busi/Dataset_BUSI_with_GT/normal/normal (65).png,0.031072743237018585,malignant,MedCLIP-SAM/data/busi/Dataset_BUSI_with_GT/malignant/malignant (76).png,0.033102333545684814,0.0020295903086662292,False
000124.png,benign,MedCLIP-SAM/data/busi/Dataset_BUSI_with_GT/benign/benign (188).png,0.22113751437097623,benign,MedCLIP-SAM/data/busi/Dataset_BUSI_with_GT/benign/benign (195).png,0.0945574596452835,0.12658005472569273,normal,MedCLIP-SAM/data/busi/Dataset_BUSI_with_GT/normal/normal (65).png,0.03507440909743309,malignant,MedCLIP-SAM/data/busi/Dataset_BUSI_with_GT/malignant/malignant (76).png,0.036867618560791016,0.0017932094633579254,False
000125.png,benign,MedCLIP-SAM/data/busi/Dataset_BUSI_with_GT/benign/benign (367).png,0.02779704754025171,benign,MedCLIP-SAM/data/busi/Dataset_BUSI_with_GT/benign/benign (5).png,0.027186230788570673,0.000610816751681037,normal,MedCLIP-SAM/data/busi/Dataset_BUSI_with_GT/normal/normal (65).png,0.028559215366840363,malignant,MedCLIP-SAM/data/busi/Dataset_BUSI_with_GT/malignant/malignant (76).png,0.02940693311393261,0.000847717747092247,False
000126.png,benign,MedCLIP-SAM/data/busi/Dataset_BUSI_with_GT/benign/benign (422).png,0.14085201612283157,benign,MedCLIP-SAM/data/busi/Dataset_BUSI_with_GT/benign/benign (309).png,0.13886386267198808,0.001988153450843494,normal,MedCLIP-SAM/data/busi/Dataset_BUSI_with_GT/normal/normal (65).png,0.030605066567659378,malignant,MedCLIP-SAM/data/busi/Dataset_BUSI_with_GT/malignant/malignant (76).png,0.03249656409025192,0.0018914975225925446,False
000128.png,benign,MedCLIP-SAM/data/busi/Dataset_BUSI_with_GT/benign/benign (360).png,0.1686266040992374,malignant,MedCLIP-SAM/data/busi/Dataset_BUSI_with_GT/malignant/malignant (198).png,0.1657911705083766,0.002835433590860803,normal,MedCLIP-SAM/data/busi/Dataset_BUSI_with_GT/normal/normal (65).png,0.02881065011024475,malignant,MedCLIP-SAM/data/busi/Dataset_BUSI_with_GT/malignant/malignant (76).png,0.030594822019338608,0.0017841719090938568,False
000129.png,benign,MedCLIP-SAM/data/busi/Dataset_BUSI_with_GT/benign/benign (80).png,0.3279332470630568,benign,MedCLIP-SAM/data/busi/Dataset_BUSI_with_GT/benign/benign (73).png,0.28027207175894175,0.04766117530411507,benign,MedCLIP-SAM/data/busi/Dataset_BUSI_with_GT/benign/benign (341).png,0.06661847978830338,malignant,MedCLIP-SAM/data/busi/Dataset_BUSI_with_GT/malignant/malignant (173).png,0.07013284415006638,0.0035143643617630005,False
000131.png,malignant,MedCLIP-SAM/data/busi/Dataset_BUSI_with_GT/malignant/malignant (198).png,0.1836663268404406,benign,MedCLIP-SAM/data/busi/Dataset_BUSI_with_GT/benign/benign (368).png,0.164387870334883,0.019278456505557595,normal,MedCLIP-SAM/data/busi/Dataset_BUSI_with_GT/normal/normal (65).png,0.02914680913090706,malignant,MedCLIP-SAM/data/busi/Dataset_BUSI_with_GT/malignant/malignant (76).png,0.030169302597641945,0.0010224934667348862,False
000132.png,normal,MedCLIP-SAM/data/busi/Dataset_BUSI_with_GT/normal/normal (123).png,0.0403983606656982,normal,MedCLIP-SAM/data/busi/Dataset_BUSI_with_GT/normal/normal (107).png,0.03924645124916437,0.0011519094165338278,normal,MedCLIP-SAM/data/busi/Dataset_BUSI_with_GT/normal/normal (65).png,0.0285625196993351,malignant,MedCLIP-SAM/data/busi/Dataset_BUSI_with_GT/malignant/malignant (76).png,0.029401978477835655,0.000839458778500557,False
000133.png,malignant,MedCLIP-SAM/data/busi/Dataset_BUSI_with_GT/malignant/malignant (195).png,0.07730040675467538,normal,MedCLIP-SAM/data/busi/Dataset_BUSI_with_GT/normal/normal (132).png,0.06806503974578212,0.009235367008893255,normal,MedCLIP-SAM/data/busi/Dataset_BUSI_with_GT/normal/normal (65).png,0.029131054878234863,malignant,MedCLIP-SAM/data/busi/Dataset_BUSI_with_GT/malignant/malignant (76).png,0.0304649006575346,0.001333845779299736,False
000134.png,normal,MedCLIP-SAM/data/busi/Dataset_BUSI_with_GT/normal/normal (118).png,0.2295994765886542,benign,MedCLIP-SAM/data/busi/Dataset_BUSI_with_GT/benign/benign (379).png,0.1799929383391725,0.04960653824948172,benign,MedCLIP-SAM/data/busi/Dataset_BUSI_with_GT/benign/benign (77).png,0.06679041683673859,normal,MedCLIP-SAM/data/busi/Dataset_BUSI_with_GT/normal/normal (65).png,0.06844981014728546,0.001659393310546875,False
000135.png,benign,MedCLIP-SAM/data/busi/Dataset_BUSI_with_GT/benign/benign (28).png,0.07387122663011994,malignant,MedCLIP-SAM/data/busi/Dataset_BUSI_with_GT/malignant/malignant (112).png,0.06584670873750526,0.008024517892614685,normal,MedCLIP-SAM/data/busi/Dataset_BUSI_with_GT/normal/normal (65).png,0.0286583099514246,malignant,MedCLIP-SAM/data/busi/Dataset_BUSI_with_GT/malignant/malignant (76).png,0.029584072530269623,0.0009257625788450241,False
000136.png,benign,MedCLIP-SAM/data/busi/Dataset_BUSI_with_GT/benign/benign (176).png,0.2709956917903944,benign,MedCLIP-SAM/data/busi/Dataset_BUSI_with_GT/benign/benign (117).png,0.25212735418760823,0.018868337602786167,benign,MedCLIP-SAM/data/busi/Dataset_BUSI_with_GT/benign/benign (355).png,0.059099048376083374,benign,MedCLIP-SAM/data/busi/Dataset_BUSI_with_GT/benign/benign (213).png,0.06325368583202362,0.004154637455940247,False
000138.png,benign,MedCLIP-SAM/data/busi/Dataset_BUSI_with_GT/benign/benign (36).png,0.08524653645175484,benign,MedCLIP-SAM/data/busi/Dataset_BUSI_with_GT/benign/benign (409).png,0.07813592669663774,0.007110609755117098,normal,MedCLIP-SAM/data/busi/Dataset_BUSI_with_GT/normal/normal (65).png,0.028576316311955452,malignant,MedCLIP-SAM/data/busi/Dataset_BUSI_with_GT/malignant/malignant (76).png,0.02962888590991497,0.0010525695979595184,False
000139.png,malignant,MedCLIP-SAM/data/busi/Dataset_BUSI_with_GT/malignant/malignant (137).png,0.0857790130525996,malignant,MedCLIP-SAM/data/busi/Dataset_BUSI_with_GT/malignant/malignant (181).png,0.0829859830199387,0.0027930300326609037,normal,MedCLIP-SAM/data/busi/Dataset_BUSI_with_GT/normal/normal (65).png,0.02859087660908699,malignant,MedCLIP-SAM/data/busi/Dataset_BUSI_with_GT/malignant/malignant (76).png,0.029300587251782417,0.0007097106426954269,False
000140.png,normal,MedCLIP-SAM/data/busi/Dataset_BUSI_with_GT/normal/normal (112).png,0.3082553348645839,benign,MedCLIP-SAM/data/busi/Dataset_BUSI_with_GT/benign/benign (34).png,0.3079790800274911,0.0002762548370928153,normal,MedCLIP-SAM/data/busi/Dataset_BUSI_with_GT/normal/normal (65).png,0.04835999757051468,benign,MedCLIP-SAM/data/busi/Dataset_BUSI_with_GT/benign/benign (77).png,0.05323774740099907,0.00487774983048439,False
000141.png,malignant,MedCLIP-SAM/data/busi/Dataset_BUSI_with_GT/malignant/malignant (3).png,0.3364926653646564,benign,MedCLIP-SAM/data/busi/Dataset_BUSI_with_GT/benign/benign (421).png,0.33295709222136927,0.0035355731432871185,malignant,MedCLIP-SAM/data/busi/Dataset_BUSI_with_GT/malignant/malignant (76).png,0.05171876773238182,normal,MedCLIP-SAM/data/busi/Dataset_BUSI_with_GT/normal/normal (65).png,0.05233134329319,0.0006125755608081818,False
000142.png,benign,MedCLIP-SAM/data/busi/Dataset_BUSI_with_GT/benign/benign (11).png,0.2911544987311109,benign,MedCLIP-SAM/data/busi/Dataset_BUSI_with_GT/benign/benign (328).png,0.2889898440738813,0.002164654657229592,benign,MedCLIP-SAM/data/busi/Dataset_BUSI_with_GT/benign/benign (342).png,0.1607275903224945,malignant,MedCLIP-SAM/data/busi/Dataset_BUSI_with_GT/malignant/malignant (189).png,0.16777251660823822,0.007044926285743713,False
000143.png,malignant,MedCLIP-SAM/data/busi/Dataset_BUSI_with_GT/malignant/malignant (16).png,0.32359066440006956,benign,MedCLIP-SAM/data/busi/Dataset_BUSI_with_GT/benign/benign (435).png,0.31584154968610256,0.007749114713966998,malignant,MedCLIP-SAM/data/busi/Dataset_BUSI_with_GT/malignant/malignant (76).png,0.029395658522844315,normal,MedCLIP-SAM/data/busi/Dataset_BUSI_with_GT/normal/normal (65).png,0.03004591166973114,0.0006502531468868256,False
000144.png,normal,MedCLIP-SAM/data/busi/Dataset_BUSI_with_GT/normal/normal (112).png,0.09091397604511058,benign,MedCLIP-SAM/data/busi/Dataset_BUSI_with_GT/benign/benign (28).png,0.08509027625204804,0.005823699793062534,normal,MedCLIP-SAM/data/busi/Dataset_BUSI_with_GT/normal/normal (65).png,0.02866097167134285,malignant,MedCLIP-SAM/data/busi/Dataset_BUSI_with_GT/malignant/malignant (76).png,0.029727093875408173,0.0010661222040653229,False
000145.png,malignant,MedCLIP-SAM/data/busi/Dataset_BUSI_with_GT/malignant/malignant (117).png,0.35958553540328175,malignant,MedCLIP-SAM/data/busi/Dataset_BUSI_with_GT/malignant/malignant (59).png,0.3447317556919724,0.014853779711309356,benign,MedCLIP-SAM/data/busi/Dataset_BUSI_with_GT/benign/benign (77).png,0.05803222954273224,normal,MedCLIP-SAM/data/busi/Dataset_BUSI_with_GT/normal/normal (65).png,0.06065811961889267,0.002625890076160431,False
000147.png,benign,MedCLIP-SAM/data/busi/Dataset_BUSI_with_GT/benign/benign (287).png,0.34971816737460615,benign,MedCLIP-SAM/data/busi/Dataset_BUSI_with_GT/benign/benign (276).png,0.3413892896807051,0.00832887769390106,normal,MedCLIP-SAM/data/busi/Dataset_BUSI_with_GT/normal/normal (65).png,0.04277264326810837,malignant,MedCLIP-SAM/data/busi/Dataset_BUSI_with_GT/malignant/malignant (76).png,0.04360036179423332,0.0008277185261249542,False
000298.png,malignant,MedCLIP-SAM/data/busi/Dataset_BUSI_with_GT/malignant/malignant (16).png,0.3217561398213489,benign,MedCLIP-SAM/data/busi/Dataset_BUSI_with_GT/benign/benign (435).png,0.3005312304206393,0.02122490940070959,malignant,MedCLIP-SAM/data/busi/Dataset_BUSI_with_GT/malignant/malignant (76).png,0.02707342803478241,normal,MedCLIP-SAM/data/busi/Dataset_BUSI_with_GT/normal/normal (65).png,0.02906840108335018,0.001994973048567772,False
000299.png,malignant,MedCLIP-SAM/data/busi/Dataset_BUSI_with_GT/malignant/malignant (16).png,0.1704775957034118,malignant,MedCLIP-SAM/data/busi/Dataset_BUSI_with_GT/malignant/malignant (76).png,0.12466416828960139,0.04581342741381042,normal,MedCLIP-SAM/data/busi/Dataset_BUSI_with_GT/normal/normal (65).png,0.02875058725476265,malignant,MedCLIP-SAM/data/busi/Dataset_BUSI_with_GT/malignant/malignant (76).png,0.028910303488373756,0.00015971623361110687,False
000300.png,malignant,MedCLIP-SAM/data/busi/Dataset_BUSI_with_GT/malignant/malignant (16).png,0.121153972073436,benign,MedCLIP-SAM/data/busi/Dataset_BUSI_with_GT/benign/benign (35).png,0.11004645492327951,0.011107517150156496,normal,MedCLIP-SAM/data/busi/Dataset_BUSI_with_GT/normal/normal (65).png,0.02848830819129944,malignant,MedCLIP-SAM/data/busi/Dataset_BUSI_with_GT/malignant/malignant (76).png,0.029188094660639763,0.0006997864693403244,False
000301.png,benign,MedCLIP-SAM/data/busi/Dataset_BUSI_with_GT/benign/benign (435).png,0.19575608105580367,benign,MedCLIP-SAM/data/busi/Dataset_BUSI_with_GT/benign/benign (433).png,0.19203860971820885,0.003717471337594813,normal,MedCLIP-SAM/data/busi/Dataset_BUSI_with_GT/normal/normal (65).png,0.02850808948278427,malignant,MedCLIP-SAM/data/busi/Dataset_BUSI_with_GT/malignant/malignant (76).png,0.028765348717570305,0.00025725923478603363,False
000303.png,malignant,MedCLIP-SAM/data/busi/Dataset_BUSI_with_GT/malignant/malignant (16).png,0.18201242946459778,benign,MedCLIP-SAM/data/busi/Dataset_BUSI_with_GT/benign/benign (191).png,0.17571217010993562,0.006300259354662163,normal,MedCLIP-SAM/data/busi/Dataset_BUSI_with_GT/normal/normal (65).png,0.029329631477594376,malignant,MedCLIP-SAM/data/busi/Dataset_BUSI_with_GT/malignant/malignant (76).png,0.03008466400206089,0.0007550325244665146,False
000304.png,malignant,MedCLIP-SAM/data/busi/Dataset_BUSI_with_GT/malignant/malignant (75).png,0.4586023102509598,malignant,MedCLIP-SAM/data/busi/Dataset_BUSI_with_GT/malignant/malignant (6).png,0.45728013488290375,0.0013221753680560666,benign,MedCLIP-SAM/data/busi/Dataset_BUSI_with_GT/benign/benign (368).png,0.08536970615386963,benign,MedCLIP-SAM/data/busi/Dataset_BUSI_with_GT/benign/benign (335).png,0.08583439886569977,0.00046469271183013916,False
000307.png,benign,MedCLIP-SAM/data/busi/Dataset_BUSI_with_GT/benign/benign (347).png,0.09107873241571628,benign,MedCLIP-SAM/data/busi/Dataset_BUSI_with_GT/benign/benign (113).png,0.08902328873687894,0.0020554436788373376,normal,MedCLIP-SAM/data/busi/Dataset_BUSI_with_GT/normal/normal (65).png,0.028504449874162674,malignant,MedCLIP-SAM/data/busi/Dataset_BUSI_with_GT/malignant/malignant (76).png,0.029393484815955162,0.0008890349417924881,False
000308.png,benign,MedCLIP-SAM/data/busi/Dataset_BUSI_with_GT/benign/benign (368).png,0.34209370588473564,normal,MedCLIP-SAM/data/busi/Dataset_BUSI_with_GT/normal/normal (26).png,0.3387922652746963,0.003301440610039341,normal,MedCLIP-SAM/data/busi/Dataset_BUSI_with_GT/normal/normal (65).png,0.06121252477169037,benign,MedCLIP-SAM/data/busi/Dataset_BUSI_with_GT/benign/benign (213).png,0.0612514354288578,3.891065716743469e-05,False
000309.png,malignant,MedCLIP-SAM/data/busi/Dataset_BUSI_with_GT/malignant/malignant (4).png,0.626484310181316,malignant,MedCLIP-SAM/data/busi/Dataset_BUSI_with_GT/malignant/malignant (6).png,0.6235363722363563,0.002947937944959733,malignant,MedCLIP-SAM/data/busi/Dataset_BUSI_with_GT/malignant/malignant (6).png,0.12491341680288315,malignant,MedCLIP-SAM/data/busi/Dataset_BUSI_with_GT/malignant/malignant (4).png,0.12515392899513245,0.0002405121922492981,False
000310.png,normal,MedCLIP-SAM/data/busi/Dataset_BUSI_with_GT/normal/normal (124).png,0.1381474074449567,normal,MedCLIP-SAM/data/busi/Dataset_BUSI_with_GT/normal/normal (27).png,0.1368872866876535,0.0012601207573032236,normal,MedCLIP-SAM/data/busi/Dataset_BUSI_with_GT/normal/normal (65).png,0.02896035648882389,malignant,MedCLIP-SAM/data/busi/Dataset_BUSI_with_GT/malignant/malignant (76).png,0.030034735798835754,0.0010743793100118637,False
