image,dsc_range,sam_disagreement,range20,range50
000001.png,0.0045999999999999,0.0113214383670405,0,0
000002.png,9.9999999999989e-05,0.0002711337671197,0,0
000003.png,0.9497,0.6492354150124787,1,1
000004.png,0.0024,0.008884289551465,0,0
000005.png,0.0002999999999999,0.0022757037918892,0,0
000006.png,0.0006,0.0099373501595378,0,0
000007.png,0.0785,0.0793545581255692,0,0
000008.png,0.0025,0.0032588735191523,0,0
000009.png,0.9329,0.5943164470482578,1,1
000010.png,0.0315,0.0313557231861243,0,0
000011.png,0.0003,0.0062631737428485,0,0
000012.png,0.0112999999999999,0.0128030070934881,0,0
000013.png,0.0071999999999999,0.0097537136546391,0,0
000015.png,0.0071999999999999,0.0189660058344453,0,0
000016.png,0.0012999999999999,0.0039062088497407,0,0
000020.png,0.0095999999999999,0.0247483921678809,0,0
000021.png,0.002,0.00166556079341,0,0
000022.png,0.0302,0.0314784701868058,0,0
000023.png,0.005,0.0080220102389153,0,0
000024.png,0.9512,0.6090396006630386,1,1
000025.png,0.005,0.0271282992512179,0,0
000027.png,0.0439,0.0428025358993051,0,0
000028.png,0.0005999999999999,0.0008389124898299,0,0
000030.png,0.0222999999999999,0.0194684330557673,0,0
000031.png,9.9999999999989e-05,0.0003930817610062,0,0
000032.png,0.0025,0.0129406719754558,0,0
000034.png,0.6887,0.7517251602504167,1,1
000039.png,0.0391999999999999,0.0497249651561477,0,0
000040.png,0.0014,0.0024223018260897,0,0
000041.png,0.025,0.0334940298065604,0,0
000043.png,0.3629,0.3043635544228655,1,0
000044.png,0.0034999999999999,0.0093088586342795,0,0
000045.png,0.3612000000000001,0.1901280614241741,1,0
000047.png,0.0117,0.0473437162329964,0,0
000051.png,0.6257999999999999,0.4585459574314961,1,1
000052.png,0.5595,0.4608796372449047,1,1
000053.png,0.0176,0.0260462255647955,0,0
000054.png,0.0403999999999999,0.0939183150073053,0,0
000055.png,0.032,0.2655502160870444,0,0
000056.png,0.0007,0.0046144978266117,0,0
000057.png,0.0974,0.2458598628146477,0,0
000058.png,0.787,0.6175521979097129,1,1
000059.png,0.009,0.0153259702059145,0,0
000061.png,0.0053,0.0105185330698325,0,0
000062.png,0.0004999999999999,0.0023449153700191,0,0
000063.png,0.354,0.2030561273138134,1,0
000064.png,0.0019,0.0040325533633335,0,0
000066.png,0.0199,0.0375133537658814,0,0
000068.png,0.0002999999999999,0.0040094778294814,0,0
000069.png,0.0377999999999999,0.0284003517312772,0,0
000070.png,0.001,0.0043409983485715,0,0
000071.png,0.0040999999999999,0.0073162063037762,0,0
000072.png,0.2188,0.0971611988003768,1,0
000073.png,0.7264,0.5485794109268689,1,1
000074.png,0.9127,0.5758737715068336,1,1
000077.png,0.0004999999999999,0.0081948328028328,0,0
000078.png,0.0092999999999999,0.0131200333731212,0,0
000082.png,0.5903,0.5291011447548984,1,1
000083.png,0.0024,0.0049050144514377,0,0
000086.png,0.1887999999999999,0.1984626935116506,0,0
000091.png,0.0282999999999999,0.0385332414728776,0,0
000093.png,0.0174,0.0170029237570393,0,0
000096.png,0.0057999999999999,0.0074941083469669,0,0
000097.png,0.0010999999999999,0.0020424696564219,0,0
000098.png,0.003,0.0057128050635392,0,0
000102.png,0.0010999999999999,0.0031616002753665,0,0
000103.png,0.0062999999999999,0.0057295553184146,0,0
000104.png,0.0118,0.0187128632530681,0,0
000105.png,0.9329,0.6003437682451247,1,1
000106.png,0.0002999999999999,0.0013739725798552,0,0
000107.png,0.126,0.1314060404562896,0,0
000108.png,0.5064,0.4068465741746214,1,1
000109.png,0.6103000000000001,0.448225860615337,1,1
000111.png,0.0137,0.0219095521550586,0,0
000113.png,0.0074,0.0208317235858046,0,0
000115.png,0.9359,0.6579226413225483,1,1
000117.png,0.0006,0.0037547947406593,0,0
000118.png,0.0049,0.0141160770131058,0,0
000119.png,0.0015,0.0045285339368253,0,0
000120.png,0.9005,0.5728223050663073,1,1
000121.png,0.0584,0.0580075975977228,0,0
000122.png,0.0007999999999999,0.0076463669076834,0,0
000123.png,0.6682,0.5809494686469503,1,1
000124.png,0.009,0.0181731435191293,0,0
000125.png,0.0013999999999999,0.0025487013076986,0,0
000126.png,0.0301,0.0509780569149636,0,0
000128.png,0.0171999999999999,0.0197250908923621,0,0
000129.png,9.9999999999989e-05,0.0003228648249607,0,0
000131.png,0.0021999999999999,0.0033971466197997,0,0
000132.png,0.0616999999999999,0.0775311769436403,0,0
000133.png,0.012,0.0127839791358809,0,0
000134.png,0.0091999999999999,0.0221245166575187,0,0
000135.png,0.4104999999999999,0.4421804742935433,1,0
000136.png,0.4233,0.2837002495858917,1,0
000138.png,0.0613,0.0780493949210388,0,0
000139.png,0.4962,0.4894994680322119,1,0
000140.png,0.7765,0.5812048819015613,1,1
000141.png,0.2193,0.2351772523646177,1,0
000142.png,0.0369999999999999,0.0745105398423255,0,0
000143.png,0.2321999999999999,0.282492775081625,1,0
000144.png,0.046,0.1104030575160421,0,0
000145.png,0.0232999999999999,0.0229550580348918,0,0
000147.png,0.0163999999999999,0.0146045016096319,0,0
000298.png,0.3956,0.4248162547484372,1,0
000299.png,0.0364999999999999,0.0638315772807273,0,0
000300.png,0.0022999999999999,0.0190564843564458,0,0
000301.png,0.0058,0.0133270469904133,0,0
000303.png,0.0720999999999999,0.0724700446633171,0,0
000304.png,0.086,0.100010920170005,0,0
000307.png,0.0620999999999999,0.0604244162714622,0,0
000308.png,0.009,0.0126534058865282,0,0
000309.png,0.022,0.0281991059140865,0,0
000310.png,0.0404999999999999,0.0863340836103063,0,0
