analysis,predictor,target,estimate,metric,ci_low,ci_high,events,n
continuous,endpoint_disagreement,dsc_range,-0.020302474977563996,Pearson_r,-0.0994165054560987,0.06368764686154495,,600
continuous,endpoint_disagreement,dsc_range,0.0020051992234856597,Spearman_rho,-0.07968736888895102,0.08144173015816031,,600
continuous,endpoint_disagreement,abs_delta_H0_L5,0.04991372006328941,Pearson_r,-0.04156752329417162,0.1426276632163446,,600
continuous,endpoint_disagreement,abs_delta_H0_L5,0.04945414153397064,Spearman_rho,-0.029271057283261674,0.1277153909191492,,600
continuous,endpoint_disagreement,loss_H0_L5,0.07017869327572573,Pearson_r,-0.01967601576138261,0.1617548069741627,,600
continuous,endpoint_disagreement,loss_H0_L5,0.12886380062058106,Spearman_rho,0.04995268386445649,0.20681648844978506,,600
binary,endpoint_disagreement,range20,0.4808338020487123,AUROC,0.4264424851583333,0.5377960364414598,123.0,600
binary,endpoint_disagreement,range50,0.4776980817347789,AUROC,0.39258420360585644,0.5645059403102176,55.0,600
binary,endpoint_disagreement,catastrophic_switch,0.5261123447651945,AUROC,0.3888808063332284,0.6652846985237834,21.0,600
binary,endpoint_disagreement,H0L5_loss20,0.5354682476723309,AUROC,0.44035187007758037,0.6290425974047396,43.0,600
binary,endpoint_disagreement,H0L5_loss50,0.6008717822189324,AUROC,0.4489002206777395,0.7427684856683426,21.0,600
continuous,max_step_disagreement,dsc_range,-0.01169502840040374,Pearson_r,-0.08478836731462923,0.06732032243784453,,600
continuous,max_step_disagreement,dsc_range,-0.02008207605663693,Spearman_rho,-0.10150579981357889,0.05924284315442187,,600
continuous,max_step_disagreement,abs_delta_H0_L5,0.06019137263884055,Pearson_r,-0.02319934240099967,0.15053503914912736,,600
continuous,max_step_disagreement,abs_delta_H0_L5,0.027976454439735676,Spearman_rho,-0.05197244456560722,0.1060880851974286,,600
continuous,max_step_disagreement,loss_H0_L5,0.0906809620339944,Pearson_r,0.0017971984231340452,0.1856669437902238,,600
continuous,max_step_disagreement,loss_H0_L5,0.11192986493939987,Spearman_rho,0.03140853721943245,0.19176508790146007,,600
binary,max_step_disagreement,range20,0.48270866356462305,AUROC,0.42631561095725373,0.5382740799221362,123.0,600
binary,max_step_disagreement,range50,0.5223019182652211,AUROC,0.43155069863041556,0.6109434920769136,55.0,600
binary,max_step_disagreement,catastrophic_switch,0.5554733119499959,AUROC,0.42300854343469607,0.6844855439984191,21.0,600
binary,max_step_disagreement,H0L5_loss20,0.5706651079286877,AUROC,0.4708731522482126,0.6665078789413896,43.0,600
binary,max_step_disagreement,H0L5_loss50,0.6160046056419113,AUROC,0.4581408538581662,0.7632224758654517,21.0,600
continuous,trajectory_deviation,dsc_range,-0.022676142263085803,Pearson_r,-0.09850629225396136,0.06195693431935653,,600
continuous,trajectory_deviation,dsc_range,-0.0496522228301702,Spearman_rho,-0.12714992089260824,0.029180554831505376,,600
continuous,trajectory_deviation,abs_delta_H0_L5,0.03147562229022721,Pearson_r,-0.0621114675997289,0.13719977822760698,,600
continuous,trajectory_deviation,abs_delta_H0_L5,0.017711571405067707,Spearman_rho,-0.0638262149755636,0.09736664122888958,,600
continuous,trajectory_deviation,loss_H0_L5,0.06332453353023204,Pearson_r,-0.0366335887835144,0.1806754181014175,,600
continuous,trajectory_deviation,loss_H0_L5,0.08126656657398044,Spearman_rho,0.00029608714035620246,0.16008460507162803,,600
binary,trajectory_deviation,range20,0.47168106901194806,AUROC,0.4155455409970391,0.5282324317766038,123.0,600
binary,trajectory_deviation,range50,0.4973144286905754,AUROC,0.4177687745358705,0.5783821254888528,55.0,600
binary,trajectory_deviation,catastrophic_switch,0.5005345834361379,AUROC,0.37470717988964997,0.6266459568504766,21.0,600
binary,trajectory_deviation,H0L5_loss20,0.5326708696922885,AUROC,0.44146640720904556,0.6231301112150618,43.0,600
binary,trajectory_deviation,H0L5_loss50,0.5307179866765359,AUROC,0.4059201693000393,0.6550961722861365,21.0,600
