analysis,predictor,target,pearson_r,pearson_p,spearman_rho,spearman_p,auc
continuous,endpoint_disagreement,dsc_range,-0.020302474977563996,0.619667847118872,0.0020051992234856597,0.9609075229775847,
continuous,endpoint_disagreement,abs_delta_H0_L5,0.04991372006328941,0.2221455019211912,0.04945414153397064,0.2264369432689962,
continuous,endpoint_disagreement,loss_H0_L5,0.07017869327572573,0.08587813125593792,0.12886380062058106,0.0015608753536479078,
continuous,max_step_disagreement,dsc_range,-0.01169502840040374,0.7749693310501287,-0.02008207605663693,0.6234744655124507,
continuous,max_step_disagreement,abs_delta_H0_L5,0.06019137263884055,0.14084749454286233,0.027976454439735676,0.49398449323904947,
continuous,max_step_disagreement,loss_H0_L5,0.0906809620339944,0.02633967273796078,0.11192986493939987,0.006058056439318058,
continuous,trajectory_deviation,dsc_range,-0.022676142263085803,0.5793306028180465,-0.0496522228301702,0.22458012490244267,
continuous,trajectory_deviation,abs_delta_H0_L5,0.03147562229022721,0.4415520080627378,0.017711571405067707,0.6650348347573269,
continuous,trajectory_deviation,loss_H0_L5,0.06332453353023204,0.12127389610797483,0.08126656657398044,0.04661769493271857,
binary,endpoint_disagreement,range20,,,,,0.4808338020487123
binary,endpoint_disagreement,range50,,,,,0.4776980817347789
binary,endpoint_disagreement,catastrophic_switch,,,,,0.5261123447651945
binary,endpoint_disagreement,H0L5_loss20,,,,,0.5354682476723309
binary,endpoint_disagreement,H0L5_loss50,,,,,0.6008717822189324
binary,max_step_disagreement,range20,,,,,0.48270866356462305
binary,max_step_disagreement,range50,,,,,0.5223019182652211
binary,max_step_disagreement,catastrophic_switch,,,,,0.5554733119499959
binary,max_step_disagreement,H0L5_loss20,,,,,0.5706651079286877
binary,max_step_disagreement,H0L5_loss50,,,,,0.6160046056419113
binary,trajectory_deviation,range20,,,,,0.47168106901194806
binary,trajectory_deviation,range50,,,,,0.4973144286905754
binary,trajectory_deviation,catastrophic_switch,,,,,0.5005345834361379
binary,trajectory_deviation,H0L5_loss20,,,,,0.5326708696922885
binary,trajectory_deviation,H0L5_loss50,,,,,0.5307179866765359
