image,image_id,patient_id,label,mat_file
7.png,7,100572,1,MedCLIP-SAM/data/brain_mri/dataset/data/7.mat
13.png,13,101016,1,MedCLIP-SAM/data/brain_mri/dataset/data/13.mat
16.png,16,101127,1,MedCLIP-SAM/data/brain_mri/dataset/data/16.mat
25.png,25,102420,1,MedCLIP-SAM/data/brain_mri/dataset/data/25.mat
28.png,28,102714,1,MedCLIP-SAM/data/brain_mri/dataset/data/28.mat
32.png,32,102929,1,MedCLIP-SAM/data/brain_mri/dataset/data/32.mat
41.png,41,103673,1,MedCLIP-SAM/data/brain_mri/dataset/data/41.mat
55.png,55,104281,1,MedCLIP-SAM/data/brain_mri/dataset/data/55.mat
56.png,56,105374,1,MedCLIP-SAM/data/brain_mri/dataset/data/56.mat
66.png,66,106284,1,MedCLIP-SAM/data/brain_mri/dataset/data/66.mat
67.png,67,106442,1,MedCLIP-SAM/data/brain_mri/dataset/data/67.mat
70.png,70,106442,1,MedCLIP-SAM/data/brain_mri/dataset/data/70.mat
86.png,86,106720,1,MedCLIP-SAM/data/brain_mri/dataset/data/86.mat
93.png,93,107248,1,MedCLIP-SAM/data/brain_mri/dataset/data/93.mat
99.png,99,107494,1,MedCLIP-SAM/data/brain_mri/dataset/data/99.mat
100.png,100,107494,1,MedCLIP-SAM/data/brain_mri/dataset/data/100.mat
102.png,102,107494,1,MedCLIP-SAM/data/brain_mri/dataset/data/102.mat
108.png,108,108514,1,MedCLIP-SAM/data/brain_mri/dataset/data/108.mat
114.png,114,108590,1,MedCLIP-SAM/data/brain_mri/dataset/data/114.mat
117.png,117,108945,1,MedCLIP-SAM/data/brain_mri/dataset/data/117.mat
121.png,121,109968,1,MedCLIP-SAM/data/brain_mri/dataset/data/121.mat
122.png,122,109968,1,MedCLIP-SAM/data/brain_mri/dataset/data/122.mat
124.png,124,110116,1,MedCLIP-SAM/data/brain_mri/dataset/data/124.mat
128.png,128,111366,1,MedCLIP-SAM/data/brain_mri/dataset/data/128.mat
131.png,131,111366,1,MedCLIP-SAM/data/brain_mri/dataset/data/131.mat
138.png,138,112002,1,MedCLIP-SAM/data/brain_mri/dataset/data/138.mat
150.png,150,112552,1,MedCLIP-SAM/data/brain_mri/dataset/data/150.mat
152.png,152,112648,1,MedCLIP-SAM/data/brain_mri/dataset/data/152.mat
156.png,156,113435,1,MedCLIP-SAM/data/brain_mri/dataset/data/156.mat
167.png,167,114018,1,MedCLIP-SAM/data/brain_mri/dataset/data/167.mat
169.png,169,114359,1,MedCLIP-SAM/data/brain_mri/dataset/data/169.mat
174.png,174,114359,1,MedCLIP-SAM/data/brain_mri/dataset/data/174.mat
183.png,183,97737,1,MedCLIP-SAM/data/brain_mri/dataset/data/183.mat
198.png,198,99017,1,MedCLIP-SAM/data/brain_mri/dataset/data/198.mat
211.png,211,100360,1,MedCLIP-SAM/data/brain_mri/dataset/data/211.mat
217.png,217,100360,1,MedCLIP-SAM/data/brain_mri/dataset/data/217.mat
223.png,223,101016,1,MedCLIP-SAM/data/brain_mri/dataset/data/223.mat
228.png,228,101127,1,MedCLIP-SAM/data/brain_mri/dataset/data/228.mat
233.png,233,101797,1,MedCLIP-SAM/data/brain_mri/dataset/data/233.mat
234.png,234,101797,1,MedCLIP-SAM/data/brain_mri/dataset/data/234.mat
238.png,238,102420,1,MedCLIP-SAM/data/brain_mri/dataset/data/238.mat
246.png,246,102929,1,MedCLIP-SAM/data/brain_mri/dataset/data/246.mat
256.png,256,103673,1,MedCLIP-SAM/data/brain_mri/dataset/data/256.mat
262.png,262,103925,1,MedCLIP-SAM/data/brain_mri/dataset/data/262.mat
263.png,263,103925,1,MedCLIP-SAM/data/brain_mri/dataset/data/263.mat
284.png,284,105555,1,MedCLIP-SAM/data/brain_mri/dataset/data/284.mat
296.png,296,106442,1,MedCLIP-SAM/data/brain_mri/dataset/data/296.mat
304.png,304,106720,1,MedCLIP-SAM/data/brain_mri/dataset/data/304.mat
311.png,311,106914,1,MedCLIP-SAM/data/brain_mri/dataset/data/311.mat
321.png,321,107494,1,MedCLIP-SAM/data/brain_mri/dataset/data/321.mat
323.png,323,107494,1,MedCLIP-SAM/data/brain_mri/dataset/data/323.mat
324.png,324,107494,1,MedCLIP-SAM/data/brain_mri/dataset/data/324.mat
332.png,332,108550,1,MedCLIP-SAM/data/brain_mri/dataset/data/332.mat
333.png,333,108550,1,MedCLIP-SAM/data/brain_mri/dataset/data/333.mat
350.png,350,111077,1,MedCLIP-SAM/data/brain_mri/dataset/data/350.mat
351.png,351,111077,1,MedCLIP-SAM/data/brain_mri/dataset/data/351.mat
354.png,354,111366,1,MedCLIP-SAM/data/brain_mri/dataset/data/354.mat
404.png,404,114359,1,MedCLIP-SAM/data/brain_mri/dataset/data/404.mat
415.png,415,97875,1,MedCLIP-SAM/data/brain_mri/dataset/data/415.mat
429.png,429,98241,1,MedCLIP-SAM/data/brain_mri/dataset/data/429.mat
442.png,442,100360,1,MedCLIP-SAM/data/brain_mri/dataset/data/442.mat
443.png,443,100360,1,MedCLIP-SAM/data/brain_mri/dataset/data/443.mat
445.png,445,100360,1,MedCLIP-SAM/data/brain_mri/dataset/data/445.mat
452.png,452,100920,1,MedCLIP-SAM/data/brain_mri/dataset/data/452.mat
457.png,457,101016,1,MedCLIP-SAM/data/brain_mri/dataset/data/457.mat
472.png,472,101801,1,MedCLIP-SAM/data/brain_mri/dataset/data/472.mat
473.png,473,101801,1,MedCLIP-SAM/data/brain_mri/dataset/data/473.mat
475.png,475,102420,1,MedCLIP-SAM/data/brain_mri/dataset/data/475.mat
482.png,482,102714,1,MedCLIP-SAM/data/brain_mri/dataset/data/482.mat
483.png,483,102714,1,MedCLIP-SAM/data/brain_mri/dataset/data/483.mat
484.png,484,102714,1,MedCLIP-SAM/data/brain_mri/dataset/data/484.mat
486.png,486,102818,1,MedCLIP-SAM/data/brain_mri/dataset/data/486.mat
494.png,494,102960,1,MedCLIP-SAM/data/brain_mri/dataset/data/494.mat
500.png,500,103673,1,MedCLIP-SAM/data/brain_mri/dataset/data/500.mat
506.png,506,104167,1,MedCLIP-SAM/data/brain_mri/dataset/data/506.mat
507.png,507,104167,1,MedCLIP-SAM/data/brain_mri/dataset/data/507.mat
518.png,518,105555,1,MedCLIP-SAM/data/brain_mri/dataset/data/518.mat
519.png,519,105555,1,MedCLIP-SAM/data/brain_mri/dataset/data/519.mat
543.png,543,106914,1,MedCLIP-SAM/data/brain_mri/dataset/data/543.mat
550.png,550,107190,1,MedCLIP-SAM/data/brain_mri/dataset/data/550.mat
551.png,551,107248,1,MedCLIP-SAM/data/brain_mri/dataset/data/551.mat
558.png,558,107494,1,MedCLIP-SAM/data/brain_mri/dataset/data/558.mat
561.png,561,107946,1,MedCLIP-SAM/data/brain_mri/dataset/data/561.mat
562.png,562,107946,1,MedCLIP-SAM/data/brain_mri/dataset/data/562.mat
563.png,563,107946,1,MedCLIP-SAM/data/brain_mri/dataset/data/563.mat
579.png,579,109411,1,MedCLIP-SAM/data/brain_mri/dataset/data/579.mat
581.png,581,109968,1,MedCLIP-SAM/data/brain_mri/dataset/data/581.mat
589.png,589,111366,1,MedCLIP-SAM/data/brain_mri/dataset/data/589.mat
590.png,590,111366,1,MedCLIP-SAM/data/brain_mri/dataset/data/590.mat
592.png,592,111366,1,MedCLIP-SAM/data/brain_mri/dataset/data/592.mat
593.png,593,111532,1,MedCLIP-SAM/data/brain_mri/dataset/data/593.mat
601.png,601,112002,1,MedCLIP-SAM/data/brain_mri/dataset/data/601.mat
604.png,604,112062,1,MedCLIP-SAM/data/brain_mri/dataset/data/604.mat
614.png,614,112552,1,MedCLIP-SAM/data/brain_mri/dataset/data/614.mat
616.png,616,112648,1,MedCLIP-SAM/data/brain_mri/dataset/data/616.mat
621.png,621,113098,1,MedCLIP-SAM/data/brain_mri/dataset/data/621.mat
623.png,623,113098,1,MedCLIP-SAM/data/brain_mri/dataset/data/623.mat
630.png,630,113435,1,MedCLIP-SAM/data/brain_mri/dataset/data/630.mat
633.png,633,113554,1,MedCLIP-SAM/data/brain_mri/dataset/data/633.mat
670.png,670,97737,1,MedCLIP-SAM/data/brain_mri/dataset/data/670.mat
675.png,675,97943,1,MedCLIP-SAM/data/brain_mri/dataset/data/675.mat
681.png,681,98241,1,MedCLIP-SAM/data/brain_mri/dataset/data/681.mat
687.png,687,99017,1,MedCLIP-SAM/data/brain_mri/dataset/data/687.mat
694.png,694,99162,1,MedCLIP-SAM/data/brain_mri/dataset/data/694.mat
695.png,695,99162,1,MedCLIP-SAM/data/brain_mri/dataset/data/695.mat
712.png,712,106062,3,MedCLIP-SAM/data/brain_mri/dataset/data/712.mat
713.png,713,106062,3,MedCLIP-SAM/data/brain_mri/dataset/data/713.mat
714.png,714,106062,3,MedCLIP-SAM/data/brain_mri/dataset/data/714.mat
723.png,723,102075,2,MedCLIP-SAM/data/brain_mri/dataset/data/723.mat
727.png,727,103148,2,MedCLIP-SAM/data/brain_mri/dataset/data/727.mat
729.png,729,106494,2,MedCLIP-SAM/data/brain_mri/dataset/data/729.mat
761.png,761,102075,2,MedCLIP-SAM/data/brain_mri/dataset/data/761.mat
762.png,762,102075,2,MedCLIP-SAM/data/brain_mri/dataset/data/762.mat
764.png,764,103148,2,MedCLIP-SAM/data/brain_mri/dataset/data/764.mat
769.png,769,106494,2,MedCLIP-SAM/data/brain_mri/dataset/data/769.mat
776.png,776,107747,2,MedCLIP-SAM/data/brain_mri/dataset/data/776.mat
780.png,780,112027,2,MedCLIP-SAM/data/brain_mri/dataset/data/780.mat
781.png,781,112105,2,MedCLIP-SAM/data/brain_mri/dataset/data/781.mat
782.png,782,112105,2,MedCLIP-SAM/data/brain_mri/dataset/data/782.mat
794.png,794,88670,2,MedCLIP-SAM/data/brain_mri/dataset/data/794.mat
828.png,828,101020,2,MedCLIP-SAM/data/brain_mri/dataset/data/828.mat
837.png,837,102075,2,MedCLIP-SAM/data/brain_mri/dataset/data/837.mat
847.png,847,106494,2,MedCLIP-SAM/data/brain_mri/dataset/data/847.mat
856.png,856,107747,2,MedCLIP-SAM/data/brain_mri/dataset/data/856.mat
865.png,865,88670,2,MedCLIP-SAM/data/brain_mri/dataset/data/865.mat
867.png,867,88670,2,MedCLIP-SAM/data/brain_mri/dataset/data/867.mat
868.png,868,88670,2,MedCLIP-SAM/data/brain_mri/dataset/data/868.mat
900.png,900,95142,2,MedCLIP-SAM/data/brain_mri/dataset/data/900.mat
915.png,915,98889,2,MedCLIP-SAM/data/brain_mri/dataset/data/915.mat
921.png,921,105936,3,MedCLIP-SAM/data/brain_mri/dataset/data/921.mat
922.png,922,106062,3,MedCLIP-SAM/data/brain_mri/dataset/data/922.mat
929.png,929,107495,3,MedCLIP-SAM/data/brain_mri/dataset/data/929.mat
933.png,933,107429,3,MedCLIP-SAM/data/brain_mri/dataset/data/933.mat
935.png,935,107429,3,MedCLIP-SAM/data/brain_mri/dataset/data/935.mat
939.png,939,107505,3,MedCLIP-SAM/data/brain_mri/dataset/data/939.mat
942.png,942,107505,3,MedCLIP-SAM/data/brain_mri/dataset/data/942.mat
943.png,943,107505,3,MedCLIP-SAM/data/brain_mri/dataset/data/943.mat
944.png,944,107505,3,MedCLIP-SAM/data/brain_mri/dataset/data/944.mat
945.png,945,107505,3,MedCLIP-SAM/data/brain_mri/dataset/data/945.mat
954.png,954,108858,3,MedCLIP-SAM/data/brain_mri/dataset/data/954.mat
956.png,956,108931,3,MedCLIP-SAM/data/brain_mri/dataset/data/956.mat
958.png,958,109471,3,MedCLIP-SAM/data/brain_mri/dataset/data/958.mat
960.png,960,109471,3,MedCLIP-SAM/data/brain_mri/dataset/data/960.mat
963.png,963,109769,3,MedCLIP-SAM/data/brain_mri/dataset/data/963.mat
982.png,982,111075,3,MedCLIP-SAM/data/brain_mri/dataset/data/982.mat
992.png,992,111785,3,MedCLIP-SAM/data/brain_mri/dataset/data/992.mat
994.png,994,112074,3,MedCLIP-SAM/data/brain_mri/dataset/data/994.mat
1004.png,1004,112746,3,MedCLIP-SAM/data/brain_mri/dataset/data/1004.mat
1007.png,1007,112847,3,MedCLIP-SAM/data/brain_mri/dataset/data/1007.mat
1008.png,1008,112847,3,MedCLIP-SAM/data/brain_mri/dataset/data/1008.mat
1011.png,1011,113274,3,MedCLIP-SAM/data/brain_mri/dataset/data/1011.mat
1015.png,1015,114040,3,MedCLIP-SAM/data/brain_mri/dataset/data/1015.mat
1016.png,1016,114040,3,MedCLIP-SAM/data/brain_mri/dataset/data/1016.mat
1023.png,1023,114094,3,MedCLIP-SAM/data/brain_mri/dataset/data/1023.mat
1027.png,1027,101017,3,MedCLIP-SAM/data/brain_mri/dataset/data/1027.mat
1029.png,1029,101017,3,MedCLIP-SAM/data/brain_mri/dataset/data/1029.mat
1031.png,1031,101029,3,MedCLIP-SAM/data/brain_mri/dataset/data/1031.mat
1035.png,1035,106062,3,MedCLIP-SAM/data/brain_mri/dataset/data/1035.mat
1037.png,1037,106062,3,MedCLIP-SAM/data/brain_mri/dataset/data/1037.mat
1039.png,1039,106062,3,MedCLIP-SAM/data/brain_mri/dataset/data/1039.mat
1040.png,1040,106062,3,MedCLIP-SAM/data/brain_mri/dataset/data/1040.mat
1041.png,1041,106062,3,MedCLIP-SAM/data/brain_mri/dataset/data/1041.mat
1047.png,1047,107429,3,MedCLIP-SAM/data/brain_mri/dataset/data/1047.mat
1053.png,1053,107429,3,MedCLIP-SAM/data/brain_mri/dataset/data/1053.mat
1054.png,1054,107505,3,MedCLIP-SAM/data/brain_mri/dataset/data/1054.mat
1057.png,1057,107505,3,MedCLIP-SAM/data/brain_mri/dataset/data/1057.mat
1060.png,1060,107743,3,MedCLIP-SAM/data/brain_mri/dataset/data/1060.mat
1061.png,1061,107743,3,MedCLIP-SAM/data/brain_mri/dataset/data/1061.mat
1069.png,1069,108858,3,MedCLIP-SAM/data/brain_mri/dataset/data/1069.mat
1072.png,1072,108931,3,MedCLIP-SAM/data/brain_mri/dataset/data/1072.mat
1073.png,1073,108931,3,MedCLIP-SAM/data/brain_mri/dataset/data/1073.mat
1074.png,1074,108931,3,MedCLIP-SAM/data/brain_mri/dataset/data/1074.mat
1078.png,1078,109471,3,MedCLIP-SAM/data/brain_mri/dataset/data/1078.mat
1084.png,1084,109769,3,MedCLIP-SAM/data/brain_mri/dataset/data/1084.mat
1085.png,1085,109769,3,MedCLIP-SAM/data/brain_mri/dataset/data/1085.mat
1089.png,1089,109898,3,MedCLIP-SAM/data/brain_mri/dataset/data/1089.mat
1092.png,1092,109898,3,MedCLIP-SAM/data/brain_mri/dataset/data/1092.mat
1093.png,1093,109898,3,MedCLIP-SAM/data/brain_mri/dataset/data/1093.mat
1096.png,1096,110518,3,MedCLIP-SAM/data/brain_mri/dataset/data/1096.mat
1103.png,1103,110537,3,MedCLIP-SAM/data/brain_mri/dataset/data/1103.mat
1107.png,1107,110993,3,MedCLIP-SAM/data/brain_mri/dataset/data/1107.mat
1111.png,1111,110993,3,MedCLIP-SAM/data/brain_mri/dataset/data/1111.mat
1113.png,1113,111075,3,MedCLIP-SAM/data/brain_mri/dataset/data/1113.mat
1114.png,1114,111075,3,MedCLIP-SAM/data/brain_mri/dataset/data/1114.mat
1118.png,1118,111125,3,MedCLIP-SAM/data/brain_mri/dataset/data/1118.mat
1120.png,1120,111125,3,MedCLIP-SAM/data/brain_mri/dataset/data/1120.mat
1123.png,1123,111125,3,MedCLIP-SAM/data/brain_mri/dataset/data/1123.mat
1124.png,1124,111785,3,MedCLIP-SAM/data/brain_mri/dataset/data/1124.mat
1125.png,1125,111785,3,MedCLIP-SAM/data/brain_mri/dataset/data/1125.mat
1126.png,1126,111785,3,MedCLIP-SAM/data/brain_mri/dataset/data/1126.mat
1130.png,1130,112074,3,MedCLIP-SAM/data/brain_mri/dataset/data/1130.mat
1134.png,1134,112649,3,MedCLIP-SAM/data/brain_mri/dataset/data/1134.mat
1137.png,1137,112649,3,MedCLIP-SAM/data/brain_mri/dataset/data/1137.mat
1138.png,1138,112649,3,MedCLIP-SAM/data/brain_mri/dataset/data/1138.mat
1140.png,1140,112746,3,MedCLIP-SAM/data/brain_mri/dataset/data/1140.mat
1144.png,1144,112847,3,MedCLIP-SAM/data/brain_mri/dataset/data/1144.mat
1146.png,1146,112847,3,MedCLIP-SAM/data/brain_mri/dataset/data/1146.mat
1148.png,1148,113274,3,MedCLIP-SAM/data/brain_mri/dataset/data/1148.mat
1149.png,1149,113274,3,MedCLIP-SAM/data/brain_mri/dataset/data/1149.mat
1150.png,1150,113274,3,MedCLIP-SAM/data/brain_mri/dataset/data/1150.mat
1156.png,1156,114040,3,MedCLIP-SAM/data/brain_mri/dataset/data/1156.mat
1160.png,1160,114361,3,MedCLIP-SAM/data/brain_mri/dataset/data/1160.mat
1163.png,1163,114094,3,MedCLIP-SAM/data/brain_mri/dataset/data/1163.mat
1165.png,1165,114094,3,MedCLIP-SAM/data/brain_mri/dataset/data/1165.mat
1169.png,1169,106062,3,MedCLIP-SAM/data/brain_mri/dataset/data/1169.mat
1170.png,1170,106062,3,MedCLIP-SAM/data/brain_mri/dataset/data/1170.mat
1177.png,1177,107495,3,MedCLIP-SAM/data/brain_mri/dataset/data/1177.mat
1178.png,1178,107495,3,MedCLIP-SAM/data/brain_mri/dataset/data/1178.mat
1179.png,1179,107495,3,MedCLIP-SAM/data/brain_mri/dataset/data/1179.mat
1189.png,1189,107505,3,MedCLIP-SAM/data/brain_mri/dataset/data/1189.mat
1192.png,1192,107505,3,MedCLIP-SAM/data/brain_mri/dataset/data/1192.mat
1211.png,1211,109471,3,MedCLIP-SAM/data/brain_mri/dataset/data/1211.mat
1223.png,1223,110518,3,MedCLIP-SAM/data/brain_mri/dataset/data/1223.mat
1225.png,1225,110518,3,MedCLIP-SAM/data/brain_mri/dataset/data/1225.mat
1239.png,1239,111125,3,MedCLIP-SAM/data/brain_mri/dataset/data/1239.mat
1241.png,1241,111125,3,MedCLIP-SAM/data/brain_mri/dataset/data/1241.mat
1243.png,1243,111785,3,MedCLIP-SAM/data/brain_mri/dataset/data/1243.mat
1246.png,1246,112074,3,MedCLIP-SAM/data/brain_mri/dataset/data/1246.mat
1247.png,1247,112074,3,MedCLIP-SAM/data/brain_mri/dataset/data/1247.mat
1248.png,1248,112074,3,MedCLIP-SAM/data/brain_mri/dataset/data/1248.mat
1249.png,1249,112074,3,MedCLIP-SAM/data/brain_mri/dataset/data/1249.mat
1250.png,1250,112074,3,MedCLIP-SAM/data/brain_mri/dataset/data/1250.mat
1251.png,1251,112649,3,MedCLIP-SAM/data/brain_mri/dataset/data/1251.mat
1252.png,1252,112649,3,MedCLIP-SAM/data/brain_mri/dataset/data/1252.mat
1253.png,1253,112649,3,MedCLIP-SAM/data/brain_mri/dataset/data/1253.mat
1254.png,1254,112649,3,MedCLIP-SAM/data/brain_mri/dataset/data/1254.mat
1267.png,1267,113274,3,MedCLIP-SAM/data/brain_mri/dataset/data/1267.mat
1273.png,1273,114040,3,MedCLIP-SAM/data/brain_mri/dataset/data/1273.mat
1279.png,1279,114094,3,MedCLIP-SAM/data/brain_mri/dataset/data/1279.mat
1280.png,1280,114094,3,MedCLIP-SAM/data/brain_mri/dataset/data/1280.mat
1281.png,1281,114094,3,MedCLIP-SAM/data/brain_mri/dataset/data/1281.mat
1282.png,1282,114094,3,MedCLIP-SAM/data/brain_mri/dataset/data/1282.mat
1283.png,1283,101029,3,MedCLIP-SAM/data/brain_mri/dataset/data/1283.mat
1293.png,1293,101724,3,MedCLIP-SAM/data/brain_mri/dataset/data/1293.mat
1309.png,1309,103257,3,MedCLIP-SAM/data/brain_mri/dataset/data/1309.mat
1326.png,1326,103671,3,MedCLIP-SAM/data/brain_mri/dataset/data/1326.mat
1331.png,1331,103731,3,MedCLIP-SAM/data/brain_mri/dataset/data/1331.mat
1333.png,1333,103731,3,MedCLIP-SAM/data/brain_mri/dataset/data/1333.mat
1334.png,1334,103731,3,MedCLIP-SAM/data/brain_mri/dataset/data/1334.mat
1341.png,1341,103837,3,MedCLIP-SAM/data/brain_mri/dataset/data/1341.mat
1345.png,1345,103837,3,MedCLIP-SAM/data/brain_mri/dataset/data/1345.mat
1346.png,1346,103837,3,MedCLIP-SAM/data/brain_mri/dataset/data/1346.mat
1353.png,1353,104558,3,MedCLIP-SAM/data/brain_mri/dataset/data/1353.mat
1355.png,1355,104558,3,MedCLIP-SAM/data/brain_mri/dataset/data/1355.mat
1361.png,1361,104684,3,MedCLIP-SAM/data/brain_mri/dataset/data/1361.mat
1364.png,1364,104684,3,MedCLIP-SAM/data/brain_mri/dataset/data/1364.mat
1365.png,1365,104684,3,MedCLIP-SAM/data/brain_mri/dataset/data/1365.mat
1367.png,1367,104684,3,MedCLIP-SAM/data/brain_mri/dataset/data/1367.mat
1368.png,1368,104684,3,MedCLIP-SAM/data/brain_mri/dataset/data/1368.mat
1370.png,1370,104912,3,MedCLIP-SAM/data/brain_mri/dataset/data/1370.mat
1371.png,1371,104912,3,MedCLIP-SAM/data/brain_mri/dataset/data/1371.mat
1372.png,1372,104912,3,MedCLIP-SAM/data/brain_mri/dataset/data/1372.mat
1373.png,1373,104912,3,MedCLIP-SAM/data/brain_mri/dataset/data/1373.mat
1378.png,1378,105475,3,MedCLIP-SAM/data/brain_mri/dataset/data/1378.mat
1380.png,1380,105538,3,MedCLIP-SAM/data/brain_mri/dataset/data/1380.mat
1381.png,1381,105538,3,MedCLIP-SAM/data/brain_mri/dataset/data/1381.mat
1384.png,1384,105638,3,MedCLIP-SAM/data/brain_mri/dataset/data/1384.mat
1387.png,1387,97416,3,MedCLIP-SAM/data/brain_mri/dataset/data/1387.mat
1388.png,1388,97416,3,MedCLIP-SAM/data/brain_mri/dataset/data/1388.mat
1397.png,1397,97461,3,MedCLIP-SAM/data/brain_mri/dataset/data/1397.mat
1398.png,1398,97461,3,MedCLIP-SAM/data/brain_mri/dataset/data/1398.mat
1399.png,1399,97461,3,MedCLIP-SAM/data/brain_mri/dataset/data/1399.mat
1401.png,1401,97461,3,MedCLIP-SAM/data/brain_mri/dataset/data/1401.mat
1402.png,1402,97461,3,MedCLIP-SAM/data/brain_mri/dataset/data/1402.mat
1406.png,1406,97481,3,MedCLIP-SAM/data/brain_mri/dataset/data/1406.mat
1407.png,1407,97481,3,MedCLIP-SAM/data/brain_mri/dataset/data/1407.mat
1410.png,1410,97890,3,MedCLIP-SAM/data/brain_mri/dataset/data/1410.mat
1411.png,1411,97890,3,MedCLIP-SAM/data/brain_mri/dataset/data/1411.mat
1425.png,1425,98871,3,MedCLIP-SAM/data/brain_mri/dataset/data/1425.mat
1426.png,1426,98871,3,MedCLIP-SAM/data/brain_mri/dataset/data/1426.mat
1435.png,1435,98992,3,MedCLIP-SAM/data/brain_mri/dataset/data/1435.mat
1436.png,1436,98992,3,MedCLIP-SAM/data/brain_mri/dataset/data/1436.mat
1437.png,1437,98992,3,MedCLIP-SAM/data/brain_mri/dataset/data/1437.mat
1442.png,1442,98995,3,MedCLIP-SAM/data/brain_mri/dataset/data/1442.mat
1457.png,1457,101017,3,MedCLIP-SAM/data/brain_mri/dataset/data/1457.mat
1458.png,1458,101017,3,MedCLIP-SAM/data/brain_mri/dataset/data/1458.mat
1459.png,1459,101017,3,MedCLIP-SAM/data/brain_mri/dataset/data/1459.mat
1461.png,1461,101017,3,MedCLIP-SAM/data/brain_mri/dataset/data/1461.mat
1464.png,1464,101029,3,MedCLIP-SAM/data/brain_mri/dataset/data/1464.mat
1465.png,1465,101029,3,MedCLIP-SAM/data/brain_mri/dataset/data/1465.mat
1466.png,1466,101029,3,MedCLIP-SAM/data/brain_mri/dataset/data/1466.mat
1472.png,1472,101305,3,MedCLIP-SAM/data/brain_mri/dataset/data/1472.mat
1477.png,1477,101305,3,MedCLIP-SAM/data/brain_mri/dataset/data/1477.mat
1480.png,1480,101724,3,MedCLIP-SAM/data/brain_mri/dataset/data/1480.mat
1481.png,1481,101724,3,MedCLIP-SAM/data/brain_mri/dataset/data/1481.mat
1482.png,1482,101724,3,MedCLIP-SAM/data/brain_mri/dataset/data/1482.mat
1483.png,1483,102648,3,MedCLIP-SAM/data/brain_mri/dataset/data/1483.mat
1484.png,1484,102648,3,MedCLIP-SAM/data/brain_mri/dataset/data/1484.mat
1485.png,1485,102648,3,MedCLIP-SAM/data/brain_mri/dataset/data/1485.mat
1488.png,1488,102669,3,MedCLIP-SAM/data/brain_mri/dataset/data/1488.mat
1490.png,1490,103046,3,MedCLIP-SAM/data/brain_mri/dataset/data/1490.mat
1491.png,1491,103046,3,MedCLIP-SAM/data/brain_mri/dataset/data/1491.mat
1492.png,1492,103046,3,MedCLIP-SAM/data/brain_mri/dataset/data/1492.mat
1493.png,1493,103257,3,MedCLIP-SAM/data/brain_mri/dataset/data/1493.mat
1495.png,1495,103257,3,MedCLIP-SAM/data/brain_mri/dataset/data/1495.mat
1496.png,1496,103257,3,MedCLIP-SAM/data/brain_mri/dataset/data/1496.mat
1497.png,1497,103257,3,MedCLIP-SAM/data/brain_mri/dataset/data/1497.mat
1498.png,1498,103478,3,MedCLIP-SAM/data/brain_mri/dataset/data/1498.mat
1509.png,1509,103582,3,MedCLIP-SAM/data/brain_mri/dataset/data/1509.mat
1519.png,1519,103671,3,MedCLIP-SAM/data/brain_mri/dataset/data/1519.mat
1529.png,1529,103837,3,MedCLIP-SAM/data/brain_mri/dataset/data/1529.mat
1533.png,1533,104019,3,MedCLIP-SAM/data/brain_mri/dataset/data/1533.mat
1534.png,1534,104019,3,MedCLIP-SAM/data/brain_mri/dataset/data/1534.mat
1535.png,1535,104019,3,MedCLIP-SAM/data/brain_mri/dataset/data/1535.mat
1536.png,1536,104019,3,MedCLIP-SAM/data/brain_mri/dataset/data/1536.mat
1545.png,1545,104684,3,MedCLIP-SAM/data/brain_mri/dataset/data/1545.mat
1546.png,1546,104684,3,MedCLIP-SAM/data/brain_mri/dataset/data/1546.mat
1547.png,1547,104684,3,MedCLIP-SAM/data/brain_mri/dataset/data/1547.mat
1548.png,1548,104684,3,MedCLIP-SAM/data/brain_mri/dataset/data/1548.mat
1551.png,1551,104684,3,MedCLIP-SAM/data/brain_mri/dataset/data/1551.mat
1552.png,1552,104912,3,MedCLIP-SAM/data/brain_mri/dataset/data/1552.mat
1555.png,1555,104912,3,MedCLIP-SAM/data/brain_mri/dataset/data/1555.mat
1559.png,1559,105187,3,MedCLIP-SAM/data/brain_mri/dataset/data/1559.mat
1560.png,1560,105187,3,MedCLIP-SAM/data/brain_mri/dataset/data/1560.mat
1563.png,1563,105475,3,MedCLIP-SAM/data/brain_mri/dataset/data/1563.mat
1564.png,1564,105475,3,MedCLIP-SAM/data/brain_mri/dataset/data/1564.mat
1574.png,1574,97416,3,MedCLIP-SAM/data/brain_mri/dataset/data/1574.mat
1575.png,1575,97416,3,MedCLIP-SAM/data/brain_mri/dataset/data/1575.mat
1577.png,1577,97416,3,MedCLIP-SAM/data/brain_mri/dataset/data/1577.mat
1579.png,1579,97416,3,MedCLIP-SAM/data/brain_mri/dataset/data/1579.mat
1583.png,1583,97461,3,MedCLIP-SAM/data/brain_mri/dataset/data/1583.mat
1585.png,1585,97461,3,MedCLIP-SAM/data/brain_mri/dataset/data/1585.mat
1587.png,1587,97461,3,MedCLIP-SAM/data/brain_mri/dataset/data/1587.mat
1588.png,1588,97461,3,MedCLIP-SAM/data/brain_mri/dataset/data/1588.mat
1590.png,1590,97481,3,MedCLIP-SAM/data/brain_mri/dataset/data/1590.mat
1591.png,1591,97481,3,MedCLIP-SAM/data/brain_mri/dataset/data/1591.mat
1596.png,1596,97890,3,MedCLIP-SAM/data/brain_mri/dataset/data/1596.mat
1600.png,1600,98472,3,MedCLIP-SAM/data/brain_mri/dataset/data/1600.mat
1601.png,1601,98472,3,MedCLIP-SAM/data/brain_mri/dataset/data/1601.mat
1619.png,1619,98874,3,MedCLIP-SAM/data/brain_mri/dataset/data/1619.mat
1628.png,1628,98995,3,MedCLIP-SAM/data/brain_mri/dataset/data/1628.mat
1629.png,1629,98995,3,MedCLIP-SAM/data/brain_mri/dataset/data/1629.mat
1630.png,1630,98995,3,MedCLIP-SAM/data/brain_mri/dataset/data/1630.mat
1644.png,1644,101029,3,MedCLIP-SAM/data/brain_mri/dataset/data/1644.mat
1645.png,1645,101029,3,MedCLIP-SAM/data/brain_mri/dataset/data/1645.mat
1646.png,1646,101029,3,MedCLIP-SAM/data/brain_mri/dataset/data/1646.mat
1647.png,1647,101029,3,MedCLIP-SAM/data/brain_mri/dataset/data/1647.mat
1648.png,1648,101029,3,MedCLIP-SAM/data/brain_mri/dataset/data/1648.mat
1656.png,1656,101305,3,MedCLIP-SAM/data/brain_mri/dataset/data/1656.mat
1657.png,1657,101305,3,MedCLIP-SAM/data/brain_mri/dataset/data/1657.mat
1665.png,1665,102648,3,MedCLIP-SAM/data/brain_mri/dataset/data/1665.mat
1666.png,1666,102648,3,MedCLIP-SAM/data/brain_mri/dataset/data/1666.mat
1678.png,1678,103257,3,MedCLIP-SAM/data/brain_mri/dataset/data/1678.mat
1684.png,1684,103478,3,MedCLIP-SAM/data/brain_mri/dataset/data/1684.mat
1685.png,1685,103478,3,MedCLIP-SAM/data/brain_mri/dataset/data/1685.mat
1686.png,1686,103478,3,MedCLIP-SAM/data/brain_mri/dataset/data/1686.mat
1689.png,1689,103478,3,MedCLIP-SAM/data/brain_mri/dataset/data/1689.mat
1696.png,1696,103582,3,MedCLIP-SAM/data/brain_mri/dataset/data/1696.mat
1706.png,1706,103671,3,MedCLIP-SAM/data/brain_mri/dataset/data/1706.mat
1715.png,1715,103837,3,MedCLIP-SAM/data/brain_mri/dataset/data/1715.mat
1716.png,1716,103837,3,MedCLIP-SAM/data/brain_mri/dataset/data/1716.mat
1718.png,1718,103837,3,MedCLIP-SAM/data/brain_mri/dataset/data/1718.mat
1727.png,1727,104558,3,MedCLIP-SAM/data/brain_mri/dataset/data/1727.mat
1728.png,1728,104558,3,MedCLIP-SAM/data/brain_mri/dataset/data/1728.mat
1729.png,1729,104558,3,MedCLIP-SAM/data/brain_mri/dataset/data/1729.mat
1730.png,1730,104558,3,MedCLIP-SAM/data/brain_mri/dataset/data/1730.mat
1734.png,1734,104684,3,MedCLIP-SAM/data/brain_mri/dataset/data/1734.mat
1735.png,1735,104684,3,MedCLIP-SAM/data/brain_mri/dataset/data/1735.mat
1736.png,1736,104684,3,MedCLIP-SAM/data/brain_mri/dataset/data/1736.mat
1740.png,1740,104684,3,MedCLIP-SAM/data/brain_mri/dataset/data/1740.mat
1744.png,1744,104912,3,MedCLIP-SAM/data/brain_mri/dataset/data/1744.mat
1746.png,1746,104912,3,MedCLIP-SAM/data/brain_mri/dataset/data/1746.mat
1752.png,1752,105187,3,MedCLIP-SAM/data/brain_mri/dataset/data/1752.mat
1769.png,1769,97416,3,MedCLIP-SAM/data/brain_mri/dataset/data/1769.mat
1771.png,1771,97416,3,MedCLIP-SAM/data/brain_mri/dataset/data/1771.mat
1773.png,1773,97461,3,MedCLIP-SAM/data/brain_mri/dataset/data/1773.mat
1774.png,1774,97461,3,MedCLIP-SAM/data/brain_mri/dataset/data/1774.mat
1776.png,1776,97461,3,MedCLIP-SAM/data/brain_mri/dataset/data/1776.mat
1789.png,1789,97890,3,MedCLIP-SAM/data/brain_mri/dataset/data/1789.mat
1796.png,1796,98472,3,MedCLIP-SAM/data/brain_mri/dataset/data/1796.mat
1798.png,1798,98472,3,MedCLIP-SAM/data/brain_mri/dataset/data/1798.mat
1807.png,1807,98871,3,MedCLIP-SAM/data/brain_mri/dataset/data/1807.mat
1816.png,1816,98874,3,MedCLIP-SAM/data/brain_mri/dataset/data/1816.mat
1824.png,1824,98992,3,MedCLIP-SAM/data/brain_mri/dataset/data/1824.mat
1825.png,1825,98992,3,MedCLIP-SAM/data/brain_mri/dataset/data/1825.mat
1826.png,1826,98992,3,MedCLIP-SAM/data/brain_mri/dataset/data/1826.mat
1827.png,1827,98992,3,MedCLIP-SAM/data/brain_mri/dataset/data/1827.mat
1829.png,1829,98992,3,MedCLIP-SAM/data/brain_mri/dataset/data/1829.mat
1834.png,1834,98995,3,MedCLIP-SAM/data/brain_mri/dataset/data/1834.mat
1835.png,1835,99223,3,MedCLIP-SAM/data/brain_mri/dataset/data/1835.mat
1843.png,1843,MR048294,2,MedCLIP-SAM/data/brain_mri/dataset/data/1843.mat
1847.png,1847,MR048294,2,MedCLIP-SAM/data/brain_mri/dataset/data/1847.mat
1852.png,1852,MR048297,2,MedCLIP-SAM/data/brain_mri/dataset/data/1852.mat
1853.png,1853,MR048294B,2,MedCLIP-SAM/data/brain_mri/dataset/data/1853.mat
1858.png,1858,MR048621B,2,MedCLIP-SAM/data/brain_mri/dataset/data/1858.mat
1863.png,1863,MR048944,2,MedCLIP-SAM/data/brain_mri/dataset/data/1863.mat
1869.png,1869,MR048944,2,MedCLIP-SAM/data/brain_mri/dataset/data/1869.mat
1879.png,1879,MR049104,2,MedCLIP-SAM/data/brain_mri/dataset/data/1879.mat
1880.png,1880,MR049104,2,MedCLIP-SAM/data/brain_mri/dataset/data/1880.mat
1882.png,1882,MR049142,2,MedCLIP-SAM/data/brain_mri/dataset/data/1882.mat
1886.png,1886,MR048994B,2,MedCLIP-SAM/data/brain_mri/dataset/data/1886.mat
1890.png,1890,MR048994B,2,MedCLIP-SAM/data/brain_mri/dataset/data/1890.mat
1894.png,1894,MR048944B,2,MedCLIP-SAM/data/brain_mri/dataset/data/1894.mat
1900.png,1900,MR049358,2,MedCLIP-SAM/data/brain_mri/dataset/data/1900.mat
1901.png,1901,MR049358,2,MedCLIP-SAM/data/brain_mri/dataset/data/1901.mat
1902.png,1902,MR049358,2,MedCLIP-SAM/data/brain_mri/dataset/data/1902.mat
1910.png,1910,MR049104B,2,MedCLIP-SAM/data/brain_mri/dataset/data/1910.mat
1911.png,1911,MR049104B,2,MedCLIP-SAM/data/brain_mri/dataset/data/1911.mat
1917.png,1917,MR049453,2,MedCLIP-SAM/data/brain_mri/dataset/data/1917.mat
1933.png,1933,MR024780G,2,MedCLIP-SAM/data/brain_mri/dataset/data/1933.mat
1941.png,1941,MR049453B,2,MedCLIP-SAM/data/brain_mri/dataset/data/1941.mat
1949.png,1949,MR048621B,2,MedCLIP-SAM/data/brain_mri/dataset/data/1949.mat
1950.png,1950,MR050135B,2,MedCLIP-SAM/data/brain_mri/dataset/data/1950.mat
1951.png,1951,MR050135B,2,MedCLIP-SAM/data/brain_mri/dataset/data/1951.mat
1955.png,1955,MR050135B,2,MedCLIP-SAM/data/brain_mri/dataset/data/1955.mat
1957.png,1957,MR050135B,2,MedCLIP-SAM/data/brain_mri/dataset/data/1957.mat
1978.png,1978,MR050791B,2,MedCLIP-SAM/data/brain_mri/dataset/data/1978.mat
1981.png,1981,MR050791B,2,MedCLIP-SAM/data/brain_mri/dataset/data/1981.mat
1984.png,1984,MR049019C,2,MedCLIP-SAM/data/brain_mri/dataset/data/1984.mat
1986.png,1986,MR049019C,2,MedCLIP-SAM/data/brain_mri/dataset/data/1986.mat
1988.png,1988,MR026175C,2,MedCLIP-SAM/data/brain_mri/dataset/data/1988.mat
2002.png,2002,MR051461,2,MedCLIP-SAM/data/brain_mri/dataset/data/2002.mat
2003.png,2003,MR051461,2,MedCLIP-SAM/data/brain_mri/dataset/data/2003.mat
2006.png,2006,MR051586,2,MedCLIP-SAM/data/brain_mri/dataset/data/2006.mat
2007.png,2007,MR051586,2,MedCLIP-SAM/data/brain_mri/dataset/data/2007.mat
2008.png,2008,MR051586,2,MedCLIP-SAM/data/brain_mri/dataset/data/2008.mat
2009.png,2009,MR051586,2,MedCLIP-SAM/data/brain_mri/dataset/data/2009.mat
2014.png,2014,MR051461B,2,MedCLIP-SAM/data/brain_mri/dataset/data/2014.mat
2026.png,2026,MR051644,2,MedCLIP-SAM/data/brain_mri/dataset/data/2026.mat
2029.png,2029,MR051644,2,MedCLIP-SAM/data/brain_mri/dataset/data/2029.mat
2031.png,2031,MR051644,2,MedCLIP-SAM/data/brain_mri/dataset/data/2031.mat
2039.png,2039,MR051796,2,MedCLIP-SAM/data/brain_mri/dataset/data/2039.mat
2055.png,2055,MR051644B,2,MedCLIP-SAM/data/brain_mri/dataset/data/2055.mat
2062.png,2062,MR052550,2,MedCLIP-SAM/data/brain_mri/dataset/data/2062.mat
2064.png,2064,MR052550,2,MedCLIP-SAM/data/brain_mri/dataset/data/2064.mat
2065.png,2065,MR051644C,2,MedCLIP-SAM/data/brain_mri/dataset/data/2065.mat
2066.png,2066,MR051644C,2,MedCLIP-SAM/data/brain_mri/dataset/data/2066.mat
2075.png,2075,MR051644C,2,MedCLIP-SAM/data/brain_mri/dataset/data/2075.mat
2076.png,2076,MR051644C,2,MedCLIP-SAM/data/brain_mri/dataset/data/2076.mat
2082.png,2082,MR052585B,2,MedCLIP-SAM/data/brain_mri/dataset/data/2082.mat
2108.png,2108,MR050687C,2,MedCLIP-SAM/data/brain_mri/dataset/data/2108.mat
2110.png,2110,MR056144,2,MedCLIP-SAM/data/brain_mri/dataset/data/2110.mat
2118.png,2118,MR034997,2,MedCLIP-SAM/data/brain_mri/dataset/data/2118.mat
2127.png,2127,MR029209E,2,MedCLIP-SAM/data/brain_mri/dataset/data/2127.mat
2136.png,2136,MR049019G,2,MedCLIP-SAM/data/brain_mri/dataset/data/2136.mat
2137.png,2137,MR049019G,2,MedCLIP-SAM/data/brain_mri/dataset/data/2137.mat
2148.png,2148,MR038469,2,MedCLIP-SAM/data/brain_mri/dataset/data/2148.mat
2170.png,2170,MR037458B,2,MedCLIP-SAM/data/brain_mri/dataset/data/2170.mat
2176.png,2176,MR039473,2,MedCLIP-SAM/data/brain_mri/dataset/data/2176.mat
2178.png,2178,MR039473,2,MedCLIP-SAM/data/brain_mri/dataset/data/2178.mat
2182.png,2182,MR039473B,2,MedCLIP-SAM/data/brain_mri/dataset/data/2182.mat
2188.png,2188,MR037458C,2,MedCLIP-SAM/data/brain_mri/dataset/data/2188.mat
2208.png,2208,MR040240B,2,MedCLIP-SAM/data/brain_mri/dataset/data/2208.mat
2211.png,2211,MR040240B,2,MedCLIP-SAM/data/brain_mri/dataset/data/2211.mat
2213.png,2213,MR040240B,2,MedCLIP-SAM/data/brain_mri/dataset/data/2213.mat
2214.png,2214,MR040240B,2,MedCLIP-SAM/data/brain_mri/dataset/data/2214.mat
2221.png,2221,MR029209G,2,MedCLIP-SAM/data/brain_mri/dataset/data/2221.mat
2226.png,2226,MR036496B,2,MedCLIP-SAM/data/brain_mri/dataset/data/2226.mat
2227.png,2227,MR036496B,2,MedCLIP-SAM/data/brain_mri/dataset/data/2227.mat
2237.png,2237,MR024780B,2,MedCLIP-SAM/data/brain_mri/dataset/data/2237.mat
2241.png,2241,MR033389B,2,MedCLIP-SAM/data/brain_mri/dataset/data/2241.mat
2244.png,2244,MR049104,2,MedCLIP-SAM/data/brain_mri/dataset/data/2244.mat
2245.png,2245,MR049104,2,MedCLIP-SAM/data/brain_mri/dataset/data/2245.mat
2246.png,2246,MR049104,2,MedCLIP-SAM/data/brain_mri/dataset/data/2246.mat
2248.png,2248,MR049142,2,MedCLIP-SAM/data/brain_mri/dataset/data/2248.mat
2259.png,2259,MR048944B,2,MedCLIP-SAM/data/brain_mri/dataset/data/2259.mat
2272.png,2272,MR049453,2,MedCLIP-SAM/data/brain_mri/dataset/data/2272.mat
2277.png,2277,MR049453,2,MedCLIP-SAM/data/brain_mri/dataset/data/2277.mat
2278.png,2278,MR049453,2,MedCLIP-SAM/data/brain_mri/dataset/data/2278.mat
2293.png,2293,MR049453B,2,MedCLIP-SAM/data/brain_mri/dataset/data/2293.mat
2326.png,2326,MR026175C,2,MedCLIP-SAM/data/brain_mri/dataset/data/2326.mat
2344.png,2344,MR033389B,2,MedCLIP-SAM/data/brain_mri/dataset/data/2344.mat
2353.png,2353,MR026175E,2,MedCLIP-SAM/data/brain_mri/dataset/data/2353.mat
2364.png,2364,MR040240C,2,MedCLIP-SAM/data/brain_mri/dataset/data/2364.mat
2384.png,2384,MR017260F,2,MedCLIP-SAM/data/brain_mri/dataset/data/2384.mat
2386.png,2386,MR017260F,2,MedCLIP-SAM/data/brain_mri/dataset/data/2386.mat
2388.png,2388,MR017260F,2,MedCLIP-SAM/data/brain_mri/dataset/data/2388.mat
2389.png,2389,MR017260F,2,MedCLIP-SAM/data/brain_mri/dataset/data/2389.mat
2392.png,2392,MR017260F,2,MedCLIP-SAM/data/brain_mri/dataset/data/2392.mat
2395.png,2395,MR029209I,2,MedCLIP-SAM/data/brain_mri/dataset/data/2395.mat
2399.png,2399,MR029209I,2,MedCLIP-SAM/data/brain_mri/dataset/data/2399.mat
2400.png,2400,MR029209I,2,MedCLIP-SAM/data/brain_mri/dataset/data/2400.mat
2401.png,2401,MR029209I,2,MedCLIP-SAM/data/brain_mri/dataset/data/2401.mat
2406.png,2406,MR048294,2,MedCLIP-SAM/data/brain_mri/dataset/data/2406.mat
2423.png,2423,MR048621B,2,MedCLIP-SAM/data/brain_mri/dataset/data/2423.mat
2424.png,2424,MR048621B,2,MedCLIP-SAM/data/brain_mri/dataset/data/2424.mat
2430.png,2430,MR048944,2,MedCLIP-SAM/data/brain_mri/dataset/data/2430.mat
2442.png,2442,MR037458C,2,MedCLIP-SAM/data/brain_mri/dataset/data/2442.mat
2459.png,2459,MR040240B,2,MedCLIP-SAM/data/brain_mri/dataset/data/2459.mat
2472.png,2472,MR036496B,2,MedCLIP-SAM/data/brain_mri/dataset/data/2472.mat
2474.png,2474,MR036496B,2,MedCLIP-SAM/data/brain_mri/dataset/data/2474.mat
2486.png,2486,MR033420,2,MedCLIP-SAM/data/brain_mri/dataset/data/2486.mat
2489.png,2489,MR033389B,2,MedCLIP-SAM/data/brain_mri/dataset/data/2489.mat
2503.png,2503,MR026175E,2,MedCLIP-SAM/data/brain_mri/dataset/data/2503.mat
2504.png,2504,MR026175E,2,MedCLIP-SAM/data/brain_mri/dataset/data/2504.mat
2511.png,2511,MR040240C,2,MedCLIP-SAM/data/brain_mri/dataset/data/2511.mat
2520.png,2520,MR040240C,2,MedCLIP-SAM/data/brain_mri/dataset/data/2520.mat
2522.png,2522,MR040240C,2,MedCLIP-SAM/data/brain_mri/dataset/data/2522.mat
2523.png,2523,MR040240C,2,MedCLIP-SAM/data/brain_mri/dataset/data/2523.mat
2532.png,2532,MR029209I,2,MedCLIP-SAM/data/brain_mri/dataset/data/2532.mat
2533.png,2533,MR029209I,2,MedCLIP-SAM/data/brain_mri/dataset/data/2533.mat
2537.png,2537,MR029209I,2,MedCLIP-SAM/data/brain_mri/dataset/data/2537.mat
2542.png,2542,MR048294,2,MedCLIP-SAM/data/brain_mri/dataset/data/2542.mat
2545.png,2545,MR048294,2,MedCLIP-SAM/data/brain_mri/dataset/data/2545.mat
2555.png,2555,MR051644,2,MedCLIP-SAM/data/brain_mri/dataset/data/2555.mat
2556.png,2556,MR051644,2,MedCLIP-SAM/data/brain_mri/dataset/data/2556.mat
2557.png,2557,MR051644,2,MedCLIP-SAM/data/brain_mri/dataset/data/2557.mat
2565.png,2565,MR051644,2,MedCLIP-SAM/data/brain_mri/dataset/data/2565.mat
2575.png,2575,MR051796,2,MedCLIP-SAM/data/brain_mri/dataset/data/2575.mat
2577.png,2577,MR051796,2,MedCLIP-SAM/data/brain_mri/dataset/data/2577.mat
2581.png,2581,MR051651B,2,MedCLIP-SAM/data/brain_mri/dataset/data/2581.mat
2582.png,2582,MR051651B,2,MedCLIP-SAM/data/brain_mri/dataset/data/2582.mat
2589.png,2589,MR052550,2,MedCLIP-SAM/data/brain_mri/dataset/data/2589.mat
2590.png,2590,MR052550,2,MedCLIP-SAM/data/brain_mri/dataset/data/2590.mat
2591.png,2591,MR052550,2,MedCLIP-SAM/data/brain_mri/dataset/data/2591.mat
2592.png,2592,MR052550,2,MedCLIP-SAM/data/brain_mri/dataset/data/2592.mat
2593.png,2593,MR052550,2,MedCLIP-SAM/data/brain_mri/dataset/data/2593.mat
2594.png,2594,MR052550,2,MedCLIP-SAM/data/brain_mri/dataset/data/2594.mat
2602.png,2602,MR051644C,2,MedCLIP-SAM/data/brain_mri/dataset/data/2602.mat
2605.png,2605,MR051644C,2,MedCLIP-SAM/data/brain_mri/dataset/data/2605.mat
2608.png,2608,MR049942B,2,MedCLIP-SAM/data/brain_mri/dataset/data/2608.mat
2609.png,2609,MR049942B,2,MedCLIP-SAM/data/brain_mri/dataset/data/2609.mat
2623.png,2623,MR053110B,2,MedCLIP-SAM/data/brain_mri/dataset/data/2623.mat
2656.png,2656,MR034997,2,MedCLIP-SAM/data/brain_mri/dataset/data/2656.mat
2660.png,2660,MR029209E,2,MedCLIP-SAM/data/brain_mri/dataset/data/2660.mat
2680.png,2680,MR024780D,2,MedCLIP-SAM/data/brain_mri/dataset/data/2680.mat
2685.png,2685,MR038469,2,MedCLIP-SAM/data/brain_mri/dataset/data/2685.mat
2701.png,2701,MR032322C,2,MedCLIP-SAM/data/brain_mri/dataset/data/2701.mat
2703.png,2703,MR037458B,2,MedCLIP-SAM/data/brain_mri/dataset/data/2703.mat
2705.png,2705,MR037458B,2,MedCLIP-SAM/data/brain_mri/dataset/data/2705.mat
2706.png,2706,MR037458B,2,MedCLIP-SAM/data/brain_mri/dataset/data/2706.mat
2716.png,2716,MR039473B,2,MedCLIP-SAM/data/brain_mri/dataset/data/2716.mat
2720.png,2720,MR039473B,2,MedCLIP-SAM/data/brain_mri/dataset/data/2720.mat
2721.png,2721,MR039473B,2,MedCLIP-SAM/data/brain_mri/dataset/data/2721.mat
2723.png,2723,MR037458C,2,MedCLIP-SAM/data/brain_mri/dataset/data/2723.mat
2740.png,2740,MR053110E,2,MedCLIP-SAM/data/brain_mri/dataset/data/2740.mat
2752.png,2752,MR024780D,2,MedCLIP-SAM/data/brain_mri/dataset/data/2752.mat
2754.png,2754,MR038469,2,MedCLIP-SAM/data/brain_mri/dataset/data/2754.mat
2766.png,2766,MR032322C,2,MedCLIP-SAM/data/brain_mri/dataset/data/2766.mat
2768.png,2768,MR032322C,2,MedCLIP-SAM/data/brain_mri/dataset/data/2768.mat
2771.png,2771,MR037458B,2,MedCLIP-SAM/data/brain_mri/dataset/data/2771.mat
2781.png,2781,MR039473B,2,MedCLIP-SAM/data/brain_mri/dataset/data/2781.mat
2782.png,2782,MR039473B,2,MedCLIP-SAM/data/brain_mri/dataset/data/2782.mat
2784.png,2784,MR039473B,2,MedCLIP-SAM/data/brain_mri/dataset/data/2784.mat
2787.png,2787,MR040240,2,MedCLIP-SAM/data/brain_mri/dataset/data/2787.mat
2794.png,2794,MR040240,2,MedCLIP-SAM/data/brain_mri/dataset/data/2794.mat
2801.png,2801,MR029209G,2,MedCLIP-SAM/data/brain_mri/dataset/data/2801.mat
2807.png,2807,MR036496B,2,MedCLIP-SAM/data/brain_mri/dataset/data/2807.mat
2810.png,2810,MR033420,2,MedCLIP-SAM/data/brain_mri/dataset/data/2810.mat
2816.png,2816,MR033420,2,MedCLIP-SAM/data/brain_mri/dataset/data/2816.mat
2825.png,2825,MR048297,2,MedCLIP-SAM/data/brain_mri/dataset/data/2825.mat
2827.png,2827,MR048297,2,MedCLIP-SAM/data/brain_mri/dataset/data/2827.mat
2835.png,2835,MR048294B,2,MedCLIP-SAM/data/brain_mri/dataset/data/2835.mat
2846.png,2846,MR048994,2,MedCLIP-SAM/data/brain_mri/dataset/data/2846.mat
2866.png,2866,MR049358,2,MedCLIP-SAM/data/brain_mri/dataset/data/2866.mat
2871.png,2871,MR049358,2,MedCLIP-SAM/data/brain_mri/dataset/data/2871.mat
2875.png,2875,MR049104B,2,MedCLIP-SAM/data/brain_mri/dataset/data/2875.mat
2877.png,2877,MR049453,2,MedCLIP-SAM/data/brain_mri/dataset/data/2877.mat
2878.png,2878,MR049453,2,MedCLIP-SAM/data/brain_mri/dataset/data/2878.mat
2882.png,2882,MR049453,2,MedCLIP-SAM/data/brain_mri/dataset/data/2882.mat
2883.png,2883,MR049453,2,MedCLIP-SAM/data/brain_mri/dataset/data/2883.mat
2884.png,2884,MR049453,2,MedCLIP-SAM/data/brain_mri/dataset/data/2884.mat
2885.png,2885,MR024780G,2,MedCLIP-SAM/data/brain_mri/dataset/data/2885.mat
2886.png,2886,MR024780G,2,MedCLIP-SAM/data/brain_mri/dataset/data/2886.mat
2891.png,2891,MR050135B,2,MedCLIP-SAM/data/brain_mri/dataset/data/2891.mat
2895.png,2895,MR050135B,2,MedCLIP-SAM/data/brain_mri/dataset/data/2895.mat
2897.png,2897,MR050135B,2,MedCLIP-SAM/data/brain_mri/dataset/data/2897.mat
2898.png,2898,MR050135B,2,MedCLIP-SAM/data/brain_mri/dataset/data/2898.mat
2910.png,2910,MR050791B,2,MedCLIP-SAM/data/brain_mri/dataset/data/2910.mat
2912.png,2912,MR050791B,2,MedCLIP-SAM/data/brain_mri/dataset/data/2912.mat
2916.png,2916,MR049019C,2,MedCLIP-SAM/data/brain_mri/dataset/data/2916.mat
2920.png,2920,MR051461,2,MedCLIP-SAM/data/brain_mri/dataset/data/2920.mat
2924.png,2924,MR051461,2,MedCLIP-SAM/data/brain_mri/dataset/data/2924.mat
2927.png,2927,MR051586,2,MedCLIP-SAM/data/brain_mri/dataset/data/2927.mat
2933.png,2933,MR051586,2,MedCLIP-SAM/data/brain_mri/dataset/data/2933.mat
2940.png,2940,MR051644,2,MedCLIP-SAM/data/brain_mri/dataset/data/2940.mat
2941.png,2941,MR051644,2,MedCLIP-SAM/data/brain_mri/dataset/data/2941.mat
2943.png,2943,MR051644,2,MedCLIP-SAM/data/brain_mri/dataset/data/2943.mat
2947.png,2947,MR051651,2,MedCLIP-SAM/data/brain_mri/dataset/data/2947.mat
2951.png,2951,MR051796,2,MedCLIP-SAM/data/brain_mri/dataset/data/2951.mat
2955.png,2955,MR051651B,2,MedCLIP-SAM/data/brain_mri/dataset/data/2955.mat
2957.png,2957,MR051651B,2,MedCLIP-SAM/data/brain_mri/dataset/data/2957.mat
2958.png,2958,MR051651B,2,MedCLIP-SAM/data/brain_mri/dataset/data/2958.mat
2959.png,2959,MR051651B,2,MedCLIP-SAM/data/brain_mri/dataset/data/2959.mat
2961.png,2961,MR051644B,2,MedCLIP-SAM/data/brain_mri/dataset/data/2961.mat
2968.png,2968,MR051644B,2,MedCLIP-SAM/data/brain_mri/dataset/data/2968.mat
2969.png,2969,MR051644B,2,MedCLIP-SAM/data/brain_mri/dataset/data/2969.mat
2977.png,2977,MR052550,2,MedCLIP-SAM/data/brain_mri/dataset/data/2977.mat
2978.png,2978,MR052550,2,MedCLIP-SAM/data/brain_mri/dataset/data/2978.mat
2979.png,2979,MR052550,2,MedCLIP-SAM/data/brain_mri/dataset/data/2979.mat
2980.png,2980,MR052550,2,MedCLIP-SAM/data/brain_mri/dataset/data/2980.mat
2981.png,2981,MR052550,2,MedCLIP-SAM/data/brain_mri/dataset/data/2981.mat
2982.png,2982,MR052550,2,MedCLIP-SAM/data/brain_mri/dataset/data/2982.mat
2984.png,2984,MR051644C,2,MedCLIP-SAM/data/brain_mri/dataset/data/2984.mat
2990.png,2990,MR051644C,2,MedCLIP-SAM/data/brain_mri/dataset/data/2990.mat
2991.png,2991,MR051644C,2,MedCLIP-SAM/data/brain_mri/dataset/data/2991.mat
3001.png,3001,MR053110B,2,MedCLIP-SAM/data/brain_mri/dataset/data/3001.mat
3008.png,3008,MR034694,2,MedCLIP-SAM/data/brain_mri/dataset/data/3008.mat
3015.png,3015,MR050687C,2,MedCLIP-SAM/data/brain_mri/dataset/data/3015.mat
3016.png,3016,MR050687C,2,MedCLIP-SAM/data/brain_mri/dataset/data/3016.mat
3018.png,3018,MR050687C,2,MedCLIP-SAM/data/brain_mri/dataset/data/3018.mat
3021.png,3021,MR056144,2,MedCLIP-SAM/data/brain_mri/dataset/data/3021.mat
3031.png,3031,MR033389B,2,MedCLIP-SAM/data/brain_mri/dataset/data/3031.mat
3039.png,3039,MR024780E,2,MedCLIP-SAM/data/brain_mri/dataset/data/3039.mat
3045.png,3045,MR040240C,2,MedCLIP-SAM/data/brain_mri/dataset/data/3045.mat
3046.png,3046,MR040240C,2,MedCLIP-SAM/data/brain_mri/dataset/data/3046.mat
3047.png,3047,MR040240D,2,MedCLIP-SAM/data/brain_mri/dataset/data/3047.mat
3051.png,3051,MR017260F,2,MedCLIP-SAM/data/brain_mri/dataset/data/3051.mat
3056.png,3056,MR029209I,2,MedCLIP-SAM/data/brain_mri/dataset/data/3056.mat
3063.png,3063,95969,1,MedCLIP-SAM/data/brain_mri/dataset/data/3063.mat
