image,image_id,patient_id,label,mat_file,split
7.png,7,100572,1,MedCLIP-SAM/data/brain_mri/dataset/data/7.mat,development
13.png,13,101016,1,MedCLIP-SAM/data/brain_mri/dataset/data/13.mat,development
16.png,16,101127,1,MedCLIP-SAM/data/brain_mri/dataset/data/16.mat,development
28.png,28,102714,1,MedCLIP-SAM/data/brain_mri/dataset/data/28.mat,development
32.png,32,102929,1,MedCLIP-SAM/data/brain_mri/dataset/data/32.mat,development
41.png,41,103673,1,MedCLIP-SAM/data/brain_mri/dataset/data/41.mat,development
55.png,55,104281,1,MedCLIP-SAM/data/brain_mri/dataset/data/55.mat,development
66.png,66,106284,1,MedCLIP-SAM/data/brain_mri/dataset/data/66.mat,development
67.png,67,106442,1,MedCLIP-SAM/data/brain_mri/dataset/data/67.mat,development
70.png,70,106442,1,MedCLIP-SAM/data/brain_mri/dataset/data/70.mat,development
86.png,86,106720,1,MedCLIP-SAM/data/brain_mri/dataset/data/86.mat,development
99.png,99,107494,1,MedCLIP-SAM/data/brain_mri/dataset/data/99.mat,development
100.png,100,107494,1,MedCLIP-SAM/data/brain_mri/dataset/data/100.mat,development
102.png,102,107494,1,MedCLIP-SAM/data/brain_mri/dataset/data/102.mat,development
108.png,108,108514,1,MedCLIP-SAM/data/brain_mri/dataset/data/108.mat,development
114.png,114,108590,1,MedCLIP-SAM/data/brain_mri/dataset/data/114.mat,development
117.png,117,108945,1,MedCLIP-SAM/data/brain_mri/dataset/data/117.mat,development
121.png,121,109968,1,MedCLIP-SAM/data/brain_mri/dataset/data/121.mat,development
122.png,122,109968,1,MedCLIP-SAM/data/brain_mri/dataset/data/122.mat,development
128.png,128,111366,1,MedCLIP-SAM/data/brain_mri/dataset/data/128.mat,development
131.png,131,111366,1,MedCLIP-SAM/data/brain_mri/dataset/data/131.mat,development
138.png,138,112002,1,MedCLIP-SAM/data/brain_mri/dataset/data/138.mat,development
150.png,150,112552,1,MedCLIP-SAM/data/brain_mri/dataset/data/150.mat,development
152.png,152,112648,1,MedCLIP-SAM/data/brain_mri/dataset/data/152.mat,development
167.png,167,114018,1,MedCLIP-SAM/data/brain_mri/dataset/data/167.mat,development
169.png,169,114359,1,MedCLIP-SAM/data/brain_mri/dataset/data/169.mat,development
174.png,174,114359,1,MedCLIP-SAM/data/brain_mri/dataset/data/174.mat,development
183.png,183,97737,1,MedCLIP-SAM/data/brain_mri/dataset/data/183.mat,development
211.png,211,100360,1,MedCLIP-SAM/data/brain_mri/dataset/data/211.mat,development
217.png,217,100360,1,MedCLIP-SAM/data/brain_mri/dataset/data/217.mat,development
223.png,223,101016,1,MedCLIP-SAM/data/brain_mri/dataset/data/223.mat,development
228.png,228,101127,1,MedCLIP-SAM/data/brain_mri/dataset/data/228.mat,development
233.png,233,101797,1,MedCLIP-SAM/data/brain_mri/dataset/data/233.mat,development
234.png,234,101797,1,MedCLIP-SAM/data/brain_mri/dataset/data/234.mat,development
246.png,246,102929,1,MedCLIP-SAM/data/brain_mri/dataset/data/246.mat,development
256.png,256,103673,1,MedCLIP-SAM/data/brain_mri/dataset/data/256.mat,development
262.png,262,103925,1,MedCLIP-SAM/data/brain_mri/dataset/data/262.mat,development
263.png,263,103925,1,MedCLIP-SAM/data/brain_mri/dataset/data/263.mat,development
284.png,284,105555,1,MedCLIP-SAM/data/brain_mri/dataset/data/284.mat,development
296.png,296,106442,1,MedCLIP-SAM/data/brain_mri/dataset/data/296.mat,development
304.png,304,106720,1,MedCLIP-SAM/data/brain_mri/dataset/data/304.mat,development
311.png,311,106914,1,MedCLIP-SAM/data/brain_mri/dataset/data/311.mat,development
321.png,321,107494,1,MedCLIP-SAM/data/brain_mri/dataset/data/321.mat,development
323.png,323,107494,1,MedCLIP-SAM/data/brain_mri/dataset/data/323.mat,development
324.png,324,107494,1,MedCLIP-SAM/data/brain_mri/dataset/data/324.mat,development
332.png,332,108550,1,MedCLIP-SAM/data/brain_mri/dataset/data/332.mat,development
333.png,333,108550,1,MedCLIP-SAM/data/brain_mri/dataset/data/333.mat,development
350.png,350,111077,1,MedCLIP-SAM/data/brain_mri/dataset/data/350.mat,development
351.png,351,111077,1,MedCLIP-SAM/data/brain_mri/dataset/data/351.mat,development
354.png,354,111366,1,MedCLIP-SAM/data/brain_mri/dataset/data/354.mat,development
404.png,404,114359,1,MedCLIP-SAM/data/brain_mri/dataset/data/404.mat,development
415.png,415,97875,1,MedCLIP-SAM/data/brain_mri/dataset/data/415.mat,development
429.png,429,98241,1,MedCLIP-SAM/data/brain_mri/dataset/data/429.mat,development
442.png,442,100360,1,MedCLIP-SAM/data/brain_mri/dataset/data/442.mat,development
443.png,443,100360,1,MedCLIP-SAM/data/brain_mri/dataset/data/443.mat,development
445.png,445,100360,1,MedCLIP-SAM/data/brain_mri/dataset/data/445.mat,development
452.png,452,100920,1,MedCLIP-SAM/data/brain_mri/dataset/data/452.mat,development
457.png,457,101016,1,MedCLIP-SAM/data/brain_mri/dataset/data/457.mat,development
472.png,472,101801,1,MedCLIP-SAM/data/brain_mri/dataset/data/472.mat,development
473.png,473,101801,1,MedCLIP-SAM/data/brain_mri/dataset/data/473.mat,development
482.png,482,102714,1,MedCLIP-SAM/data/brain_mri/dataset/data/482.mat,development
483.png,483,102714,1,MedCLIP-SAM/data/brain_mri/dataset/data/483.mat,development
484.png,484,102714,1,MedCLIP-SAM/data/brain_mri/dataset/data/484.mat,development
494.png,494,102960,1,MedCLIP-SAM/data/brain_mri/dataset/data/494.mat,development
500.png,500,103673,1,MedCLIP-SAM/data/brain_mri/dataset/data/500.mat,development
506.png,506,104167,1,MedCLIP-SAM/data/brain_mri/dataset/data/506.mat,development
507.png,507,104167,1,MedCLIP-SAM/data/brain_mri/dataset/data/507.mat,development
518.png,518,105555,1,MedCLIP-SAM/data/brain_mri/dataset/data/518.mat,development
519.png,519,105555,1,MedCLIP-SAM/data/brain_mri/dataset/data/519.mat,development
543.png,543,106914,1,MedCLIP-SAM/data/brain_mri/dataset/data/543.mat,development
550.png,550,107190,1,MedCLIP-SAM/data/brain_mri/dataset/data/550.mat,development
558.png,558,107494,1,MedCLIP-SAM/data/brain_mri/dataset/data/558.mat,development
579.png,579,109411,1,MedCLIP-SAM/data/brain_mri/dataset/data/579.mat,development
581.png,581,109968,1,MedCLIP-SAM/data/brain_mri/dataset/data/581.mat,development
589.png,589,111366,1,MedCLIP-SAM/data/brain_mri/dataset/data/589.mat,development
590.png,590,111366,1,MedCLIP-SAM/data/brain_mri/dataset/data/590.mat,development
592.png,592,111366,1,MedCLIP-SAM/data/brain_mri/dataset/data/592.mat,development
601.png,601,112002,1,MedCLIP-SAM/data/brain_mri/dataset/data/601.mat,development
614.png,614,112552,1,MedCLIP-SAM/data/brain_mri/dataset/data/614.mat,development
616.png,616,112648,1,MedCLIP-SAM/data/brain_mri/dataset/data/616.mat,development
621.png,621,113098,1,MedCLIP-SAM/data/brain_mri/dataset/data/621.mat,development
623.png,623,113098,1,MedCLIP-SAM/data/brain_mri/dataset/data/623.mat,development
633.png,633,113554,1,MedCLIP-SAM/data/brain_mri/dataset/data/633.mat,development
670.png,670,97737,1,MedCLIP-SAM/data/brain_mri/dataset/data/670.mat,development
675.png,675,97943,1,MedCLIP-SAM/data/brain_mri/dataset/data/675.mat,development
681.png,681,98241,1,MedCLIP-SAM/data/brain_mri/dataset/data/681.mat,development
694.png,694,99162,1,MedCLIP-SAM/data/brain_mri/dataset/data/694.mat,development
695.png,695,99162,1,MedCLIP-SAM/data/brain_mri/dataset/data/695.mat,development
712.png,712,106062,3,MedCLIP-SAM/data/brain_mri/dataset/data/712.mat,development
713.png,713,106062,3,MedCLIP-SAM/data/brain_mri/dataset/data/713.mat,development
714.png,714,106062,3,MedCLIP-SAM/data/brain_mri/dataset/data/714.mat,development
723.png,723,102075,2,MedCLIP-SAM/data/brain_mri/dataset/data/723.mat,development
729.png,729,106494,2,MedCLIP-SAM/data/brain_mri/dataset/data/729.mat,development
761.png,761,102075,2,MedCLIP-SAM/data/brain_mri/dataset/data/761.mat,development
762.png,762,102075,2,MedCLIP-SAM/data/brain_mri/dataset/data/762.mat,development
769.png,769,106494,2,MedCLIP-SAM/data/brain_mri/dataset/data/769.mat,development
780.png,780,112027,2,MedCLIP-SAM/data/brain_mri/dataset/data/780.mat,development
794.png,794,88670,2,MedCLIP-SAM/data/brain_mri/dataset/data/794.mat,development
828.png,828,101020,2,MedCLIP-SAM/data/brain_mri/dataset/data/828.mat,development
837.png,837,102075,2,MedCLIP-SAM/data/brain_mri/dataset/data/837.mat,development
847.png,847,106494,2,MedCLIP-SAM/data/brain_mri/dataset/data/847.mat,development
865.png,865,88670,2,MedCLIP-SAM/data/brain_mri/dataset/data/865.mat,development
867.png,867,88670,2,MedCLIP-SAM/data/brain_mri/dataset/data/867.mat,development
868.png,868,88670,2,MedCLIP-SAM/data/brain_mri/dataset/data/868.mat,development
900.png,900,95142,2,MedCLIP-SAM/data/brain_mri/dataset/data/900.mat,development
915.png,915,98889,2,MedCLIP-SAM/data/brain_mri/dataset/data/915.mat,development
922.png,922,106062,3,MedCLIP-SAM/data/brain_mri/dataset/data/922.mat,development
929.png,929,107495,3,MedCLIP-SAM/data/brain_mri/dataset/data/929.mat,development
933.png,933,107429,3,MedCLIP-SAM/data/brain_mri/dataset/data/933.mat,development
935.png,935,107429,3,MedCLIP-SAM/data/brain_mri/dataset/data/935.mat,development
954.png,954,108858,3,MedCLIP-SAM/data/brain_mri/dataset/data/954.mat,development
958.png,958,109471,3,MedCLIP-SAM/data/brain_mri/dataset/data/958.mat,development
960.png,960,109471,3,MedCLIP-SAM/data/brain_mri/dataset/data/960.mat,development
963.png,963,109769,3,MedCLIP-SAM/data/brain_mri/dataset/data/963.mat,development
982.png,982,111075,3,MedCLIP-SAM/data/brain_mri/dataset/data/982.mat,development
992.png,992,111785,3,MedCLIP-SAM/data/brain_mri/dataset/data/992.mat,development
994.png,994,112074,3,MedCLIP-SAM/data/brain_mri/dataset/data/994.mat,development
1004.png,1004,112746,3,MedCLIP-SAM/data/brain_mri/dataset/data/1004.mat,development
1011.png,1011,113274,3,MedCLIP-SAM/data/brain_mri/dataset/data/1011.mat,development
1015.png,1015,114040,3,MedCLIP-SAM/data/brain_mri/dataset/data/1015.mat,development
1016.png,1016,114040,3,MedCLIP-SAM/data/brain_mri/dataset/data/1016.mat,development
1023.png,1023,114094,3,MedCLIP-SAM/data/brain_mri/dataset/data/1023.mat,development
1027.png,1027,101017,3,MedCLIP-SAM/data/brain_mri/dataset/data/1027.mat,development
1029.png,1029,101017,3,MedCLIP-SAM/data/brain_mri/dataset/data/1029.mat,development
1035.png,1035,106062,3,MedCLIP-SAM/data/brain_mri/dataset/data/1035.mat,development
1037.png,1037,106062,3,MedCLIP-SAM/data/brain_mri/dataset/data/1037.mat,development
1039.png,1039,106062,3,MedCLIP-SAM/data/brain_mri/dataset/data/1039.mat,development
1040.png,1040,106062,3,MedCLIP-SAM/data/brain_mri/dataset/data/1040.mat,development
1041.png,1041,106062,3,MedCLIP-SAM/data/brain_mri/dataset/data/1041.mat,development
1047.png,1047,107429,3,MedCLIP-SAM/data/brain_mri/dataset/data/1047.mat,development
1053.png,1053,107429,3,MedCLIP-SAM/data/brain_mri/dataset/data/1053.mat,development
1069.png,1069,108858,3,MedCLIP-SAM/data/brain_mri/dataset/data/1069.mat,development
1078.png,1078,109471,3,MedCLIP-SAM/data/brain_mri/dataset/data/1078.mat,development
1084.png,1084,109769,3,MedCLIP-SAM/data/brain_mri/dataset/data/1084.mat,development
1085.png,1085,109769,3,MedCLIP-SAM/data/brain_mri/dataset/data/1085.mat,development
1096.png,1096,110518,3,MedCLIP-SAM/data/brain_mri/dataset/data/1096.mat,development
1107.png,1107,110993,3,MedCLIP-SAM/data/brain_mri/dataset/data/1107.mat,development
1111.png,1111,110993,3,MedCLIP-SAM/data/brain_mri/dataset/data/1111.mat,development
1113.png,1113,111075,3,MedCLIP-SAM/data/brain_mri/dataset/data/1113.mat,development
1114.png,1114,111075,3,MedCLIP-SAM/data/brain_mri/dataset/data/1114.mat,development
1118.png,1118,111125,3,MedCLIP-SAM/data/brain_mri/dataset/data/1118.mat,development
1120.png,1120,111125,3,MedCLIP-SAM/data/brain_mri/dataset/data/1120.mat,development
1123.png,1123,111125,3,MedCLIP-SAM/data/brain_mri/dataset/data/1123.mat,development
1124.png,1124,111785,3,MedCLIP-SAM/data/brain_mri/dataset/data/1124.mat,development
1125.png,1125,111785,3,MedCLIP-SAM/data/brain_mri/dataset/data/1125.mat,development
1126.png,1126,111785,3,MedCLIP-SAM/data/brain_mri/dataset/data/1126.mat,development
1130.png,1130,112074,3,MedCLIP-SAM/data/brain_mri/dataset/data/1130.mat,development
1134.png,1134,112649,3,MedCLIP-SAM/data/brain_mri/dataset/data/1134.mat,development
1137.png,1137,112649,3,MedCLIP-SAM/data/brain_mri/dataset/data/1137.mat,development
1138.png,1138,112649,3,MedCLIP-SAM/data/brain_mri/dataset/data/1138.mat,development
1140.png,1140,112746,3,MedCLIP-SAM/data/brain_mri/dataset/data/1140.mat,development
1148.png,1148,113274,3,MedCLIP-SAM/data/brain_mri/dataset/data/1148.mat,development
1149.png,1149,113274,3,MedCLIP-SAM/data/brain_mri/dataset/data/1149.mat,development
1150.png,1150,113274,3,MedCLIP-SAM/data/brain_mri/dataset/data/1150.mat,development
1156.png,1156,114040,3,MedCLIP-SAM/data/brain_mri/dataset/data/1156.mat,development
1160.png,1160,114361,3,MedCLIP-SAM/data/brain_mri/dataset/data/1160.mat,development
1163.png,1163,114094,3,MedCLIP-SAM/data/brain_mri/dataset/data/1163.mat,development
1165.png,1165,114094,3,MedCLIP-SAM/data/brain_mri/dataset/data/1165.mat,development
1169.png,1169,106062,3,MedCLIP-SAM/data/brain_mri/dataset/data/1169.mat,development
1170.png,1170,106062,3,MedCLIP-SAM/data/brain_mri/dataset/data/1170.mat,development
1177.png,1177,107495,3,MedCLIP-SAM/data/brain_mri/dataset/data/1177.mat,development
1178.png,1178,107495,3,MedCLIP-SAM/data/brain_mri/dataset/data/1178.mat,development
1179.png,1179,107495,3,MedCLIP-SAM/data/brain_mri/dataset/data/1179.mat,development
1211.png,1211,109471,3,MedCLIP-SAM/data/brain_mri/dataset/data/1211.mat,development
1223.png,1223,110518,3,MedCLIP-SAM/data/brain_mri/dataset/data/1223.mat,development
1225.png,1225,110518,3,MedCLIP-SAM/data/brain_mri/dataset/data/1225.mat,development
1239.png,1239,111125,3,MedCLIP-SAM/data/brain_mri/dataset/data/1239.mat,development
1241.png,1241,111125,3,MedCLIP-SAM/data/brain_mri/dataset/data/1241.mat,development
1243.png,1243,111785,3,MedCLIP-SAM/data/brain_mri/dataset/data/1243.mat,development
1246.png,1246,112074,3,MedCLIP-SAM/data/brain_mri/dataset/data/1246.mat,development
1247.png,1247,112074,3,MedCLIP-SAM/data/brain_mri/dataset/data/1247.mat,development
1248.png,1248,112074,3,MedCLIP-SAM/data/brain_mri/dataset/data/1248.mat,development
1249.png,1249,112074,3,MedCLIP-SAM/data/brain_mri/dataset/data/1249.mat,development
1250.png,1250,112074,3,MedCLIP-SAM/data/brain_mri/dataset/data/1250.mat,development
1251.png,1251,112649,3,MedCLIP-SAM/data/brain_mri/dataset/data/1251.mat,development
1252.png,1252,112649,3,MedCLIP-SAM/data/brain_mri/dataset/data/1252.mat,development
1253.png,1253,112649,3,MedCLIP-SAM/data/brain_mri/dataset/data/1253.mat,development
1254.png,1254,112649,3,MedCLIP-SAM/data/brain_mri/dataset/data/1254.mat,development
1267.png,1267,113274,3,MedCLIP-SAM/data/brain_mri/dataset/data/1267.mat,development
1273.png,1273,114040,3,MedCLIP-SAM/data/brain_mri/dataset/data/1273.mat,development
1279.png,1279,114094,3,MedCLIP-SAM/data/brain_mri/dataset/data/1279.mat,development
1280.png,1280,114094,3,MedCLIP-SAM/data/brain_mri/dataset/data/1280.mat,development
1281.png,1281,114094,3,MedCLIP-SAM/data/brain_mri/dataset/data/1281.mat,development
1282.png,1282,114094,3,MedCLIP-SAM/data/brain_mri/dataset/data/1282.mat,development
1293.png,1293,101724,3,MedCLIP-SAM/data/brain_mri/dataset/data/1293.mat,development
1309.png,1309,103257,3,MedCLIP-SAM/data/brain_mri/dataset/data/1309.mat,development
1331.png,1331,103731,3,MedCLIP-SAM/data/brain_mri/dataset/data/1331.mat,development
1333.png,1333,103731,3,MedCLIP-SAM/data/brain_mri/dataset/data/1333.mat,development
1334.png,1334,103731,3,MedCLIP-SAM/data/brain_mri/dataset/data/1334.mat,development
1341.png,1341,103837,3,MedCLIP-SAM/data/brain_mri/dataset/data/1341.mat,development
1345.png,1345,103837,3,MedCLIP-SAM/data/brain_mri/dataset/data/1345.mat,development
1346.png,1346,103837,3,MedCLIP-SAM/data/brain_mri/dataset/data/1346.mat,development
1361.png,1361,104684,3,MedCLIP-SAM/data/brain_mri/dataset/data/1361.mat,development
1364.png,1364,104684,3,MedCLIP-SAM/data/brain_mri/dataset/data/1364.mat,development
1365.png,1365,104684,3,MedCLIP-SAM/data/brain_mri/dataset/data/1365.mat,development
1367.png,1367,104684,3,MedCLIP-SAM/data/brain_mri/dataset/data/1367.mat,development
1368.png,1368,104684,3,MedCLIP-SAM/data/brain_mri/dataset/data/1368.mat,development
1370.png,1370,104912,3,MedCLIP-SAM/data/brain_mri/dataset/data/1370.mat,development
1371.png,1371,104912,3,MedCLIP-SAM/data/brain_mri/dataset/data/1371.mat,development
1372.png,1372,104912,3,MedCLIP-SAM/data/brain_mri/dataset/data/1372.mat,development
1373.png,1373,104912,3,MedCLIP-SAM/data/brain_mri/dataset/data/1373.mat,development
1378.png,1378,105475,3,MedCLIP-SAM/data/brain_mri/dataset/data/1378.mat,development
1380.png,1380,105538,3,MedCLIP-SAM/data/brain_mri/dataset/data/1380.mat,development
1381.png,1381,105538,3,MedCLIP-SAM/data/brain_mri/dataset/data/1381.mat,development
1384.png,1384,105638,3,MedCLIP-SAM/data/brain_mri/dataset/data/1384.mat,development
1387.png,1387,97416,3,MedCLIP-SAM/data/brain_mri/dataset/data/1387.mat,development
1388.png,1388,97416,3,MedCLIP-SAM/data/brain_mri/dataset/data/1388.mat,development
1397.png,1397,97461,3,MedCLIP-SAM/data/brain_mri/dataset/data/1397.mat,development
1398.png,1398,97461,3,MedCLIP-SAM/data/brain_mri/dataset/data/1398.mat,development
1399.png,1399,97461,3,MedCLIP-SAM/data/brain_mri/dataset/data/1399.mat,development
1401.png,1401,97461,3,MedCLIP-SAM/data/brain_mri/dataset/data/1401.mat,development
1402.png,1402,97461,3,MedCLIP-SAM/data/brain_mri/dataset/data/1402.mat,development
1406.png,1406,97481,3,MedCLIP-SAM/data/brain_mri/dataset/data/1406.mat,development
1407.png,1407,97481,3,MedCLIP-SAM/data/brain_mri/dataset/data/1407.mat,development
1410.png,1410,97890,3,MedCLIP-SAM/data/brain_mri/dataset/data/1410.mat,development
1411.png,1411,97890,3,MedCLIP-SAM/data/brain_mri/dataset/data/1411.mat,development
1425.png,1425,98871,3,MedCLIP-SAM/data/brain_mri/dataset/data/1425.mat,development
1426.png,1426,98871,3,MedCLIP-SAM/data/brain_mri/dataset/data/1426.mat,development
1435.png,1435,98992,3,MedCLIP-SAM/data/brain_mri/dataset/data/1435.mat,development
1436.png,1436,98992,3,MedCLIP-SAM/data/brain_mri/dataset/data/1436.mat,development
1437.png,1437,98992,3,MedCLIP-SAM/data/brain_mri/dataset/data/1437.mat,development
1442.png,1442,98995,3,MedCLIP-SAM/data/brain_mri/dataset/data/1442.mat,development
1457.png,1457,101017,3,MedCLIP-SAM/data/brain_mri/dataset/data/1457.mat,development
1458.png,1458,101017,3,MedCLIP-SAM/data/brain_mri/dataset/data/1458.mat,development
1459.png,1459,101017,3,MedCLIP-SAM/data/brain_mri/dataset/data/1459.mat,development
1461.png,1461,101017,3,MedCLIP-SAM/data/brain_mri/dataset/data/1461.mat,development
1472.png,1472,101305,3,MedCLIP-SAM/data/brain_mri/dataset/data/1472.mat,development
1477.png,1477,101305,3,MedCLIP-SAM/data/brain_mri/dataset/data/1477.mat,development
1480.png,1480,101724,3,MedCLIP-SAM/data/brain_mri/dataset/data/1480.mat,development
1481.png,1481,101724,3,MedCLIP-SAM/data/brain_mri/dataset/data/1481.mat,development
1482.png,1482,101724,3,MedCLIP-SAM/data/brain_mri/dataset/data/1482.mat,development
1488.png,1488,102669,3,MedCLIP-SAM/data/brain_mri/dataset/data/1488.mat,development
1490.png,1490,103046,3,MedCLIP-SAM/data/brain_mri/dataset/data/1490.mat,development
1491.png,1491,103046,3,MedCLIP-SAM/data/brain_mri/dataset/data/1491.mat,development
1492.png,1492,103046,3,MedCLIP-SAM/data/brain_mri/dataset/data/1492.mat,development
1493.png,1493,103257,3,MedCLIP-SAM/data/brain_mri/dataset/data/1493.mat,development
1495.png,1495,103257,3,MedCLIP-SAM/data/brain_mri/dataset/data/1495.mat,development
1496.png,1496,103257,3,MedCLIP-SAM/data/brain_mri/dataset/data/1496.mat,development
1497.png,1497,103257,3,MedCLIP-SAM/data/brain_mri/dataset/data/1497.mat,development
1498.png,1498,103478,3,MedCLIP-SAM/data/brain_mri/dataset/data/1498.mat,development
1509.png,1509,103582,3,MedCLIP-SAM/data/brain_mri/dataset/data/1509.mat,development
1529.png,1529,103837,3,MedCLIP-SAM/data/brain_mri/dataset/data/1529.mat,development
1533.png,1533,104019,3,MedCLIP-SAM/data/brain_mri/dataset/data/1533.mat,development
1534.png,1534,104019,3,MedCLIP-SAM/data/brain_mri/dataset/data/1534.mat,development
1535.png,1535,104019,3,MedCLIP-SAM/data/brain_mri/dataset/data/1535.mat,development
1536.png,1536,104019,3,MedCLIP-SAM/data/brain_mri/dataset/data/1536.mat,development
1545.png,1545,104684,3,MedCLIP-SAM/data/brain_mri/dataset/data/1545.mat,development
1546.png,1546,104684,3,MedCLIP-SAM/data/brain_mri/dataset/data/1546.mat,development
1547.png,1547,104684,3,MedCLIP-SAM/data/brain_mri/dataset/data/1547.mat,development
1548.png,1548,104684,3,MedCLIP-SAM/data/brain_mri/dataset/data/1548.mat,development
1551.png,1551,104684,3,MedCLIP-SAM/data/brain_mri/dataset/data/1551.mat,development
1552.png,1552,104912,3,MedCLIP-SAM/data/brain_mri/dataset/data/1552.mat,development
1555.png,1555,104912,3,MedCLIP-SAM/data/brain_mri/dataset/data/1555.mat,development
1559.png,1559,105187,3,MedCLIP-SAM/data/brain_mri/dataset/data/1559.mat,development
1560.png,1560,105187,3,MedCLIP-SAM/data/brain_mri/dataset/data/1560.mat,development
1563.png,1563,105475,3,MedCLIP-SAM/data/brain_mri/dataset/data/1563.mat,development
1564.png,1564,105475,3,MedCLIP-SAM/data/brain_mri/dataset/data/1564.mat,development
1574.png,1574,97416,3,MedCLIP-SAM/data/brain_mri/dataset/data/1574.mat,development
1575.png,1575,97416,3,MedCLIP-SAM/data/brain_mri/dataset/data/1575.mat,development
1577.png,1577,97416,3,MedCLIP-SAM/data/brain_mri/dataset/data/1577.mat,development
1579.png,1579,97416,3,MedCLIP-SAM/data/brain_mri/dataset/data/1579.mat,development
1583.png,1583,97461,3,MedCLIP-SAM/data/brain_mri/dataset/data/1583.mat,development
1585.png,1585,97461,3,MedCLIP-SAM/data/brain_mri/dataset/data/1585.mat,development
1587.png,1587,97461,3,MedCLIP-SAM/data/brain_mri/dataset/data/1587.mat,development
1588.png,1588,97461,3,MedCLIP-SAM/data/brain_mri/dataset/data/1588.mat,development
1590.png,1590,97481,3,MedCLIP-SAM/data/brain_mri/dataset/data/1590.mat,development
1591.png,1591,97481,3,MedCLIP-SAM/data/brain_mri/dataset/data/1591.mat,development
1596.png,1596,97890,3,MedCLIP-SAM/data/brain_mri/dataset/data/1596.mat,development
1600.png,1600,98472,3,MedCLIP-SAM/data/brain_mri/dataset/data/1600.mat,development
1601.png,1601,98472,3,MedCLIP-SAM/data/brain_mri/dataset/data/1601.mat,development
1619.png,1619,98874,3,MedCLIP-SAM/data/brain_mri/dataset/data/1619.mat,development
1628.png,1628,98995,3,MedCLIP-SAM/data/brain_mri/dataset/data/1628.mat,development
1629.png,1629,98995,3,MedCLIP-SAM/data/brain_mri/dataset/data/1629.mat,development
1630.png,1630,98995,3,MedCLIP-SAM/data/brain_mri/dataset/data/1630.mat,development
1656.png,1656,101305,3,MedCLIP-SAM/data/brain_mri/dataset/data/1656.mat,development
1657.png,1657,101305,3,MedCLIP-SAM/data/brain_mri/dataset/data/1657.mat,development
1678.png,1678,103257,3,MedCLIP-SAM/data/brain_mri/dataset/data/1678.mat,development
1684.png,1684,103478,3,MedCLIP-SAM/data/brain_mri/dataset/data/1684.mat,development
1685.png,1685,103478,3,MedCLIP-SAM/data/brain_mri/dataset/data/1685.mat,development
1686.png,1686,103478,3,MedCLIP-SAM/data/brain_mri/dataset/data/1686.mat,development
1689.png,1689,103478,3,MedCLIP-SAM/data/brain_mri/dataset/data/1689.mat,development
1696.png,1696,103582,3,MedCLIP-SAM/data/brain_mri/dataset/data/1696.mat,development
1715.png,1715,103837,3,MedCLIP-SAM/data/brain_mri/dataset/data/1715.mat,development
1716.png,1716,103837,3,MedCLIP-SAM/data/brain_mri/dataset/data/1716.mat,development
1718.png,1718,103837,3,MedCLIP-SAM/data/brain_mri/dataset/data/1718.mat,development
1734.png,1734,104684,3,MedCLIP-SAM/data/brain_mri/dataset/data/1734.mat,development
1735.png,1735,104684,3,MedCLIP-SAM/data/brain_mri/dataset/data/1735.mat,development
1736.png,1736,104684,3,MedCLIP-SAM/data/brain_mri/dataset/data/1736.mat,development
1740.png,1740,104684,3,MedCLIP-SAM/data/brain_mri/dataset/data/1740.mat,development
1744.png,1744,104912,3,MedCLIP-SAM/data/brain_mri/dataset/data/1744.mat,development
1746.png,1746,104912,3,MedCLIP-SAM/data/brain_mri/dataset/data/1746.mat,development
1752.png,1752,105187,3,MedCLIP-SAM/data/brain_mri/dataset/data/1752.mat,development
1769.png,1769,97416,3,MedCLIP-SAM/data/brain_mri/dataset/data/1769.mat,development
1771.png,1771,97416,3,MedCLIP-SAM/data/brain_mri/dataset/data/1771.mat,development
1773.png,1773,97461,3,MedCLIP-SAM/data/brain_mri/dataset/data/1773.mat,development
1774.png,1774,97461,3,MedCLIP-SAM/data/brain_mri/dataset/data/1774.mat,development
1776.png,1776,97461,3,MedCLIP-SAM/data/brain_mri/dataset/data/1776.mat,development
1789.png,1789,97890,3,MedCLIP-SAM/data/brain_mri/dataset/data/1789.mat,development
1796.png,1796,98472,3,MedCLIP-SAM/data/brain_mri/dataset/data/1796.mat,development
1798.png,1798,98472,3,MedCLIP-SAM/data/brain_mri/dataset/data/1798.mat,development
1807.png,1807,98871,3,MedCLIP-SAM/data/brain_mri/dataset/data/1807.mat,development
1816.png,1816,98874,3,MedCLIP-SAM/data/brain_mri/dataset/data/1816.mat,development
1824.png,1824,98992,3,MedCLIP-SAM/data/brain_mri/dataset/data/1824.mat,development
1825.png,1825,98992,3,MedCLIP-SAM/data/brain_mri/dataset/data/1825.mat,development
1826.png,1826,98992,3,MedCLIP-SAM/data/brain_mri/dataset/data/1826.mat,development
1827.png,1827,98992,3,MedCLIP-SAM/data/brain_mri/dataset/data/1827.mat,development
1829.png,1829,98992,3,MedCLIP-SAM/data/brain_mri/dataset/data/1829.mat,development
1834.png,1834,98995,3,MedCLIP-SAM/data/brain_mri/dataset/data/1834.mat,development
1835.png,1835,99223,3,MedCLIP-SAM/data/brain_mri/dataset/data/1835.mat,development
1843.png,1843,MR048294,2,MedCLIP-SAM/data/brain_mri/dataset/data/1843.mat,development
1847.png,1847,MR048294,2,MedCLIP-SAM/data/brain_mri/dataset/data/1847.mat,development
1852.png,1852,MR048297,2,MedCLIP-SAM/data/brain_mri/dataset/data/1852.mat,development
1853.png,1853,MR048294B,2,MedCLIP-SAM/data/brain_mri/dataset/data/1853.mat,development
1858.png,1858,MR048621B,2,MedCLIP-SAM/data/brain_mri/dataset/data/1858.mat,development
1863.png,1863,MR048944,2,MedCLIP-SAM/data/brain_mri/dataset/data/1863.mat,development
1869.png,1869,MR048944,2,MedCLIP-SAM/data/brain_mri/dataset/data/1869.mat,development
1879.png,1879,MR049104,2,MedCLIP-SAM/data/brain_mri/dataset/data/1879.mat,development
1880.png,1880,MR049104,2,MedCLIP-SAM/data/brain_mri/dataset/data/1880.mat,development
1882.png,1882,MR049142,2,MedCLIP-SAM/data/brain_mri/dataset/data/1882.mat,development
1886.png,1886,MR048994B,2,MedCLIP-SAM/data/brain_mri/dataset/data/1886.mat,development
1890.png,1890,MR048994B,2,MedCLIP-SAM/data/brain_mri/dataset/data/1890.mat,development
1894.png,1894,MR048944B,2,MedCLIP-SAM/data/brain_mri/dataset/data/1894.mat,development
1900.png,1900,MR049358,2,MedCLIP-SAM/data/brain_mri/dataset/data/1900.mat,development
1901.png,1901,MR049358,2,MedCLIP-SAM/data/brain_mri/dataset/data/1901.mat,development
1902.png,1902,MR049358,2,MedCLIP-SAM/data/brain_mri/dataset/data/1902.mat,development
1910.png,1910,MR049104B,2,MedCLIP-SAM/data/brain_mri/dataset/data/1910.mat,development
1911.png,1911,MR049104B,2,MedCLIP-SAM/data/brain_mri/dataset/data/1911.mat,development
1941.png,1941,MR049453B,2,MedCLIP-SAM/data/brain_mri/dataset/data/1941.mat,development
1949.png,1949,MR048621B,2,MedCLIP-SAM/data/brain_mri/dataset/data/1949.mat,development
1950.png,1950,MR050135B,2,MedCLIP-SAM/data/brain_mri/dataset/data/1950.mat,development
1951.png,1951,MR050135B,2,MedCLIP-SAM/data/brain_mri/dataset/data/1951.mat,development
1955.png,1955,MR050135B,2,MedCLIP-SAM/data/brain_mri/dataset/data/1955.mat,development
1957.png,1957,MR050135B,2,MedCLIP-SAM/data/brain_mri/dataset/data/1957.mat,development
1978.png,1978,MR050791B,2,MedCLIP-SAM/data/brain_mri/dataset/data/1978.mat,development
1981.png,1981,MR050791B,2,MedCLIP-SAM/data/brain_mri/dataset/data/1981.mat,development
1984.png,1984,MR049019C,2,MedCLIP-SAM/data/brain_mri/dataset/data/1984.mat,development
1986.png,1986,MR049019C,2,MedCLIP-SAM/data/brain_mri/dataset/data/1986.mat,development
1988.png,1988,MR026175C,2,MedCLIP-SAM/data/brain_mri/dataset/data/1988.mat,development
2002.png,2002,MR051461,2,MedCLIP-SAM/data/brain_mri/dataset/data/2002.mat,development
2003.png,2003,MR051461,2,MedCLIP-SAM/data/brain_mri/dataset/data/2003.mat,development
2006.png,2006,MR051586,2,MedCLIP-SAM/data/brain_mri/dataset/data/2006.mat,development
2007.png,2007,MR051586,2,MedCLIP-SAM/data/brain_mri/dataset/data/2007.mat,development
2008.png,2008,MR051586,2,MedCLIP-SAM/data/brain_mri/dataset/data/2008.mat,development
2009.png,2009,MR051586,2,MedCLIP-SAM/data/brain_mri/dataset/data/2009.mat,development
2014.png,2014,MR051461B,2,MedCLIP-SAM/data/brain_mri/dataset/data/2014.mat,development
2026.png,2026,MR051644,2,MedCLIP-SAM/data/brain_mri/dataset/data/2026.mat,development
2029.png,2029,MR051644,2,MedCLIP-SAM/data/brain_mri/dataset/data/2029.mat,development
2031.png,2031,MR051644,2,MedCLIP-SAM/data/brain_mri/dataset/data/2031.mat,development
2065.png,2065,MR051644C,2,MedCLIP-SAM/data/brain_mri/dataset/data/2065.mat,development
2066.png,2066,MR051644C,2,MedCLIP-SAM/data/brain_mri/dataset/data/2066.mat,development
2075.png,2075,MR051644C,2,MedCLIP-SAM/data/brain_mri/dataset/data/2075.mat,development
2076.png,2076,MR051644C,2,MedCLIP-SAM/data/brain_mri/dataset/data/2076.mat,development
2082.png,2082,MR052585B,2,MedCLIP-SAM/data/brain_mri/dataset/data/2082.mat,development
2110.png,2110,MR056144,2,MedCLIP-SAM/data/brain_mri/dataset/data/2110.mat,development
2118.png,2118,MR034997,2,MedCLIP-SAM/data/brain_mri/dataset/data/2118.mat,development
2127.png,2127,MR029209E,2,MedCLIP-SAM/data/brain_mri/dataset/data/2127.mat,development
2136.png,2136,MR049019G,2,MedCLIP-SAM/data/brain_mri/dataset/data/2136.mat,development
2137.png,2137,MR049019G,2,MedCLIP-SAM/data/brain_mri/dataset/data/2137.mat,development
2148.png,2148,MR038469,2,MedCLIP-SAM/data/brain_mri/dataset/data/2148.mat,development
2176.png,2176,MR039473,2,MedCLIP-SAM/data/brain_mri/dataset/data/2176.mat,development
2178.png,2178,MR039473,2,MedCLIP-SAM/data/brain_mri/dataset/data/2178.mat,development
2182.png,2182,MR039473B,2,MedCLIP-SAM/data/brain_mri/dataset/data/2182.mat,development
2188.png,2188,MR037458C,2,MedCLIP-SAM/data/brain_mri/dataset/data/2188.mat,development
2208.png,2208,MR040240B,2,MedCLIP-SAM/data/brain_mri/dataset/data/2208.mat,development
2211.png,2211,MR040240B,2,MedCLIP-SAM/data/brain_mri/dataset/data/2211.mat,development
2213.png,2213,MR040240B,2,MedCLIP-SAM/data/brain_mri/dataset/data/2213.mat,development
2214.png,2214,MR040240B,2,MedCLIP-SAM/data/brain_mri/dataset/data/2214.mat,development
2221.png,2221,MR029209G,2,MedCLIP-SAM/data/brain_mri/dataset/data/2221.mat,development
2226.png,2226,MR036496B,2,MedCLIP-SAM/data/brain_mri/dataset/data/2226.mat,development
2227.png,2227,MR036496B,2,MedCLIP-SAM/data/brain_mri/dataset/data/2227.mat,development
2237.png,2237,MR024780B,2,MedCLIP-SAM/data/brain_mri/dataset/data/2237.mat,development
2241.png,2241,MR033389B,2,MedCLIP-SAM/data/brain_mri/dataset/data/2241.mat,development
2244.png,2244,MR049104,2,MedCLIP-SAM/data/brain_mri/dataset/data/2244.mat,development
2245.png,2245,MR049104,2,MedCLIP-SAM/data/brain_mri/dataset/data/2245.mat,development
2246.png,2246,MR049104,2,MedCLIP-SAM/data/brain_mri/dataset/data/2246.mat,development
2248.png,2248,MR049142,2,MedCLIP-SAM/data/brain_mri/dataset/data/2248.mat,development
2259.png,2259,MR048944B,2,MedCLIP-SAM/data/brain_mri/dataset/data/2259.mat,development
2293.png,2293,MR049453B,2,MedCLIP-SAM/data/brain_mri/dataset/data/2293.mat,development
2326.png,2326,MR026175C,2,MedCLIP-SAM/data/brain_mri/dataset/data/2326.mat,development
2344.png,2344,MR033389B,2,MedCLIP-SAM/data/brain_mri/dataset/data/2344.mat,development
2353.png,2353,MR026175E,2,MedCLIP-SAM/data/brain_mri/dataset/data/2353.mat,development
2384.png,2384,MR017260F,2,MedCLIP-SAM/data/brain_mri/dataset/data/2384.mat,development
2386.png,2386,MR017260F,2,MedCLIP-SAM/data/brain_mri/dataset/data/2386.mat,development
2388.png,2388,MR017260F,2,MedCLIP-SAM/data/brain_mri/dataset/data/2388.mat,development
2389.png,2389,MR017260F,2,MedCLIP-SAM/data/brain_mri/dataset/data/2389.mat,development
2392.png,2392,MR017260F,2,MedCLIP-SAM/data/brain_mri/dataset/data/2392.mat,development
2395.png,2395,MR029209I,2,MedCLIP-SAM/data/brain_mri/dataset/data/2395.mat,development
2399.png,2399,MR029209I,2,MedCLIP-SAM/data/brain_mri/dataset/data/2399.mat,development
2400.png,2400,MR029209I,2,MedCLIP-SAM/data/brain_mri/dataset/data/2400.mat,development
2401.png,2401,MR029209I,2,MedCLIP-SAM/data/brain_mri/dataset/data/2401.mat,development
2406.png,2406,MR048294,2,MedCLIP-SAM/data/brain_mri/dataset/data/2406.mat,development
2423.png,2423,MR048621B,2,MedCLIP-SAM/data/brain_mri/dataset/data/2423.mat,development
2424.png,2424,MR048621B,2,MedCLIP-SAM/data/brain_mri/dataset/data/2424.mat,development
2430.png,2430,MR048944,2,MedCLIP-SAM/data/brain_mri/dataset/data/2430.mat,development
2442.png,2442,MR037458C,2,MedCLIP-SAM/data/brain_mri/dataset/data/2442.mat,development
2459.png,2459,MR040240B,2,MedCLIP-SAM/data/brain_mri/dataset/data/2459.mat,development
2472.png,2472,MR036496B,2,MedCLIP-SAM/data/brain_mri/dataset/data/2472.mat,development
2474.png,2474,MR036496B,2,MedCLIP-SAM/data/brain_mri/dataset/data/2474.mat,development
2489.png,2489,MR033389B,2,MedCLIP-SAM/data/brain_mri/dataset/data/2489.mat,development
2503.png,2503,MR026175E,2,MedCLIP-SAM/data/brain_mri/dataset/data/2503.mat,development
2504.png,2504,MR026175E,2,MedCLIP-SAM/data/brain_mri/dataset/data/2504.mat,development
2532.png,2532,MR029209I,2,MedCLIP-SAM/data/brain_mri/dataset/data/2532.mat,development
2533.png,2533,MR029209I,2,MedCLIP-SAM/data/brain_mri/dataset/data/2533.mat,development
2537.png,2537,MR029209I,2,MedCLIP-SAM/data/brain_mri/dataset/data/2537.mat,development
2542.png,2542,MR048294,2,MedCLIP-SAM/data/brain_mri/dataset/data/2542.mat,development
2545.png,2545,MR048294,2,MedCLIP-SAM/data/brain_mri/dataset/data/2545.mat,development
2555.png,2555,MR051644,2,MedCLIP-SAM/data/brain_mri/dataset/data/2555.mat,development
2556.png,2556,MR051644,2,MedCLIP-SAM/data/brain_mri/dataset/data/2556.mat,development
2557.png,2557,MR051644,2,MedCLIP-SAM/data/brain_mri/dataset/data/2557.mat,development
2565.png,2565,MR051644,2,MedCLIP-SAM/data/brain_mri/dataset/data/2565.mat,development
2602.png,2602,MR051644C,2,MedCLIP-SAM/data/brain_mri/dataset/data/2602.mat,development
2605.png,2605,MR051644C,2,MedCLIP-SAM/data/brain_mri/dataset/data/2605.mat,development
2608.png,2608,MR049942B,2,MedCLIP-SAM/data/brain_mri/dataset/data/2608.mat,development
2609.png,2609,MR049942B,2,MedCLIP-SAM/data/brain_mri/dataset/data/2609.mat,development
2623.png,2623,MR053110B,2,MedCLIP-SAM/data/brain_mri/dataset/data/2623.mat,development
2656.png,2656,MR034997,2,MedCLIP-SAM/data/brain_mri/dataset/data/2656.mat,development
2660.png,2660,MR029209E,2,MedCLIP-SAM/data/brain_mri/dataset/data/2660.mat,development
2680.png,2680,MR024780D,2,MedCLIP-SAM/data/brain_mri/dataset/data/2680.mat,development
2685.png,2685,MR038469,2,MedCLIP-SAM/data/brain_mri/dataset/data/2685.mat,development
2701.png,2701,MR032322C,2,MedCLIP-SAM/data/brain_mri/dataset/data/2701.mat,development
2716.png,2716,MR039473B,2,MedCLIP-SAM/data/brain_mri/dataset/data/2716.mat,development
2720.png,2720,MR039473B,2,MedCLIP-SAM/data/brain_mri/dataset/data/2720.mat,development
2721.png,2721,MR039473B,2,MedCLIP-SAM/data/brain_mri/dataset/data/2721.mat,development
2723.png,2723,MR037458C,2,MedCLIP-SAM/data/brain_mri/dataset/data/2723.mat,development
2740.png,2740,MR053110E,2,MedCLIP-SAM/data/brain_mri/dataset/data/2740.mat,development
2752.png,2752,MR024780D,2,MedCLIP-SAM/data/brain_mri/dataset/data/2752.mat,development
2754.png,2754,MR038469,2,MedCLIP-SAM/data/brain_mri/dataset/data/2754.mat,development
2766.png,2766,MR032322C,2,MedCLIP-SAM/data/brain_mri/dataset/data/2766.mat,development
2768.png,2768,MR032322C,2,MedCLIP-SAM/data/brain_mri/dataset/data/2768.mat,development
2781.png,2781,MR039473B,2,MedCLIP-SAM/data/brain_mri/dataset/data/2781.mat,development
2782.png,2782,MR039473B,2,MedCLIP-SAM/data/brain_mri/dataset/data/2782.mat,development
2784.png,2784,MR039473B,2,MedCLIP-SAM/data/brain_mri/dataset/data/2784.mat,development
2787.png,2787,MR040240,2,MedCLIP-SAM/data/brain_mri/dataset/data/2787.mat,development
2794.png,2794,MR040240,2,MedCLIP-SAM/data/brain_mri/dataset/data/2794.mat,development
2801.png,2801,MR029209G,2,MedCLIP-SAM/data/brain_mri/dataset/data/2801.mat,development
2807.png,2807,MR036496B,2,MedCLIP-SAM/data/brain_mri/dataset/data/2807.mat,development
2825.png,2825,MR048297,2,MedCLIP-SAM/data/brain_mri/dataset/data/2825.mat,development
2827.png,2827,MR048297,2,MedCLIP-SAM/data/brain_mri/dataset/data/2827.mat,development
2835.png,2835,MR048294B,2,MedCLIP-SAM/data/brain_mri/dataset/data/2835.mat,development
2846.png,2846,MR048994,2,MedCLIP-SAM/data/brain_mri/dataset/data/2846.mat,development
2866.png,2866,MR049358,2,MedCLIP-SAM/data/brain_mri/dataset/data/2866.mat,development
2871.png,2871,MR049358,2,MedCLIP-SAM/data/brain_mri/dataset/data/2871.mat,development
2875.png,2875,MR049104B,2,MedCLIP-SAM/data/brain_mri/dataset/data/2875.mat,development
2891.png,2891,MR050135B,2,MedCLIP-SAM/data/brain_mri/dataset/data/2891.mat,development
2895.png,2895,MR050135B,2,MedCLIP-SAM/data/brain_mri/dataset/data/2895.mat,development
2897.png,2897,MR050135B,2,MedCLIP-SAM/data/brain_mri/dataset/data/2897.mat,development
2898.png,2898,MR050135B,2,MedCLIP-SAM/data/brain_mri/dataset/data/2898.mat,development
2910.png,2910,MR050791B,2,MedCLIP-SAM/data/brain_mri/dataset/data/2910.mat,development
2912.png,2912,MR050791B,2,MedCLIP-SAM/data/brain_mri/dataset/data/2912.mat,development
2916.png,2916,MR049019C,2,MedCLIP-SAM/data/brain_mri/dataset/data/2916.mat,development
2920.png,2920,MR051461,2,MedCLIP-SAM/data/brain_mri/dataset/data/2920.mat,development
2924.png,2924,MR051461,2,MedCLIP-SAM/data/brain_mri/dataset/data/2924.mat,development
2927.png,2927,MR051586,2,MedCLIP-SAM/data/brain_mri/dataset/data/2927.mat,development
2933.png,2933,MR051586,2,MedCLIP-SAM/data/brain_mri/dataset/data/2933.mat,development
2940.png,2940,MR051644,2,MedCLIP-SAM/data/brain_mri/dataset/data/2940.mat,development
2941.png,2941,MR051644,2,MedCLIP-SAM/data/brain_mri/dataset/data/2941.mat,development
2943.png,2943,MR051644,2,MedCLIP-SAM/data/brain_mri/dataset/data/2943.mat,development
2947.png,2947,MR051651,2,MedCLIP-SAM/data/brain_mri/dataset/data/2947.mat,development
2984.png,2984,MR051644C,2,MedCLIP-SAM/data/brain_mri/dataset/data/2984.mat,development
2990.png,2990,MR051644C,2,MedCLIP-SAM/data/brain_mri/dataset/data/2990.mat,development
2991.png,2991,MR051644C,2,MedCLIP-SAM/data/brain_mri/dataset/data/2991.mat,development
3001.png,3001,MR053110B,2,MedCLIP-SAM/data/brain_mri/dataset/data/3001.mat,development
3008.png,3008,MR034694,2,MedCLIP-SAM/data/brain_mri/dataset/data/3008.mat,development
3021.png,3021,MR056144,2,MedCLIP-SAM/data/brain_mri/dataset/data/3021.mat,development
3031.png,3031,MR033389B,2,MedCLIP-SAM/data/brain_mri/dataset/data/3031.mat,development
3039.png,3039,MR024780E,2,MedCLIP-SAM/data/brain_mri/dataset/data/3039.mat,development
3051.png,3051,MR017260F,2,MedCLIP-SAM/data/brain_mri/dataset/data/3051.mat,development
3056.png,3056,MR029209I,2,MedCLIP-SAM/data/brain_mri/dataset/data/3056.mat,development
3063.png,3063,95969,1,MedCLIP-SAM/data/brain_mri/dataset/data/3063.mat,development
25.png,25,102420,1,MedCLIP-SAM/data/brain_mri/dataset/data/25.mat,heldout
56.png,56,105374,1,MedCLIP-SAM/data/brain_mri/dataset/data/56.mat,heldout
93.png,93,107248,1,MedCLIP-SAM/data/brain_mri/dataset/data/93.mat,heldout
124.png,124,110116,1,MedCLIP-SAM/data/brain_mri/dataset/data/124.mat,heldout
156.png,156,113435,1,MedCLIP-SAM/data/brain_mri/dataset/data/156.mat,heldout
198.png,198,99017,1,MedCLIP-SAM/data/brain_mri/dataset/data/198.mat,heldout
238.png,238,102420,1,MedCLIP-SAM/data/brain_mri/dataset/data/238.mat,heldout
475.png,475,102420,1,MedCLIP-SAM/data/brain_mri/dataset/data/475.mat,heldout
486.png,486,102818,1,MedCLIP-SAM/data/brain_mri/dataset/data/486.mat,heldout
551.png,551,107248,1,MedCLIP-SAM/data/brain_mri/dataset/data/551.mat,heldout
561.png,561,107946,1,MedCLIP-SAM/data/brain_mri/dataset/data/561.mat,heldout
562.png,562,107946,1,MedCLIP-SAM/data/brain_mri/dataset/data/562.mat,heldout
563.png,563,107946,1,MedCLIP-SAM/data/brain_mri/dataset/data/563.mat,heldout
593.png,593,111532,1,MedCLIP-SAM/data/brain_mri/dataset/data/593.mat,heldout
604.png,604,112062,1,MedCLIP-SAM/data/brain_mri/dataset/data/604.mat,heldout
630.png,630,113435,1,MedCLIP-SAM/data/brain_mri/dataset/data/630.mat,heldout
687.png,687,99017,1,MedCLIP-SAM/data/brain_mri/dataset/data/687.mat,heldout
727.png,727,103148,2,MedCLIP-SAM/data/brain_mri/dataset/data/727.mat,heldout
764.png,764,103148,2,MedCLIP-SAM/data/brain_mri/dataset/data/764.mat,heldout
776.png,776,107747,2,MedCLIP-SAM/data/brain_mri/dataset/data/776.mat,heldout
781.png,781,112105,2,MedCLIP-SAM/data/brain_mri/dataset/data/781.mat,heldout
782.png,782,112105,2,MedCLIP-SAM/data/brain_mri/dataset/data/782.mat,heldout
856.png,856,107747,2,MedCLIP-SAM/data/brain_mri/dataset/data/856.mat,heldout
921.png,921,105936,3,MedCLIP-SAM/data/brain_mri/dataset/data/921.mat,heldout
939.png,939,107505,3,MedCLIP-SAM/data/brain_mri/dataset/data/939.mat,heldout
942.png,942,107505,3,MedCLIP-SAM/data/brain_mri/dataset/data/942.mat,heldout
943.png,943,107505,3,MedCLIP-SAM/data/brain_mri/dataset/data/943.mat,heldout
944.png,944,107505,3,MedCLIP-SAM/data/brain_mri/dataset/data/944.mat,heldout
945.png,945,107505,3,MedCLIP-SAM/data/brain_mri/dataset/data/945.mat,heldout
956.png,956,108931,3,MedCLIP-SAM/data/brain_mri/dataset/data/956.mat,heldout
1007.png,1007,112847,3,MedCLIP-SAM/data/brain_mri/dataset/data/1007.mat,heldout
1008.png,1008,112847,3,MedCLIP-SAM/data/brain_mri/dataset/data/1008.mat,heldout
1031.png,1031,101029,3,MedCLIP-SAM/data/brain_mri/dataset/data/1031.mat,heldout
1054.png,1054,107505,3,MedCLIP-SAM/data/brain_mri/dataset/data/1054.mat,heldout
1057.png,1057,107505,3,MedCLIP-SAM/data/brain_mri/dataset/data/1057.mat,heldout
1060.png,1060,107743,3,MedCLIP-SAM/data/brain_mri/dataset/data/1060.mat,heldout
1061.png,1061,107743,3,MedCLIP-SAM/data/brain_mri/dataset/data/1061.mat,heldout
1072.png,1072,108931,3,MedCLIP-SAM/data/brain_mri/dataset/data/1072.mat,heldout
1073.png,1073,108931,3,MedCLIP-SAM/data/brain_mri/dataset/data/1073.mat,heldout
1074.png,1074,108931,3,MedCLIP-SAM/data/brain_mri/dataset/data/1074.mat,heldout
1089.png,1089,109898,3,MedCLIP-SAM/data/brain_mri/dataset/data/1089.mat,heldout
1092.png,1092,109898,3,MedCLIP-SAM/data/brain_mri/dataset/data/1092.mat,heldout
1093.png,1093,109898,3,MedCLIP-SAM/data/brain_mri/dataset/data/1093.mat,heldout
1103.png,1103,110537,3,MedCLIP-SAM/data/brain_mri/dataset/data/1103.mat,heldout
1144.png,1144,112847,3,MedCLIP-SAM/data/brain_mri/dataset/data/1144.mat,heldout
1146.png,1146,112847,3,MedCLIP-SAM/data/brain_mri/dataset/data/1146.mat,heldout
1189.png,1189,107505,3,MedCLIP-SAM/data/brain_mri/dataset/data/1189.mat,heldout
1192.png,1192,107505,3,MedCLIP-SAM/data/brain_mri/dataset/data/1192.mat,heldout
1283.png,1283,101029,3,MedCLIP-SAM/data/brain_mri/dataset/data/1283.mat,heldout
1326.png,1326,103671,3,MedCLIP-SAM/data/brain_mri/dataset/data/1326.mat,heldout
1353.png,1353,104558,3,MedCLIP-SAM/data/brain_mri/dataset/data/1353.mat,heldout
1355.png,1355,104558,3,MedCLIP-SAM/data/brain_mri/dataset/data/1355.mat,heldout
1464.png,1464,101029,3,MedCLIP-SAM/data/brain_mri/dataset/data/1464.mat,heldout
1465.png,1465,101029,3,MedCLIP-SAM/data/brain_mri/dataset/data/1465.mat,heldout
1466.png,1466,101029,3,MedCLIP-SAM/data/brain_mri/dataset/data/1466.mat,heldout
1483.png,1483,102648,3,MedCLIP-SAM/data/brain_mri/dataset/data/1483.mat,heldout
1484.png,1484,102648,3,MedCLIP-SAM/data/brain_mri/dataset/data/1484.mat,heldout
1485.png,1485,102648,3,MedCLIP-SAM/data/brain_mri/dataset/data/1485.mat,heldout
1519.png,1519,103671,3,MedCLIP-SAM/data/brain_mri/dataset/data/1519.mat,heldout
1644.png,1644,101029,3,MedCLIP-SAM/data/brain_mri/dataset/data/1644.mat,heldout
1645.png,1645,101029,3,MedCLIP-SAM/data/brain_mri/dataset/data/1645.mat,heldout
1646.png,1646,101029,3,MedCLIP-SAM/data/brain_mri/dataset/data/1646.mat,heldout
1647.png,1647,101029,3,MedCLIP-SAM/data/brain_mri/dataset/data/1647.mat,heldout
1648.png,1648,101029,3,MedCLIP-SAM/data/brain_mri/dataset/data/1648.mat,heldout
1665.png,1665,102648,3,MedCLIP-SAM/data/brain_mri/dataset/data/1665.mat,heldout
1666.png,1666,102648,3,MedCLIP-SAM/data/brain_mri/dataset/data/1666.mat,heldout
1706.png,1706,103671,3,MedCLIP-SAM/data/brain_mri/dataset/data/1706.mat,heldout
1727.png,1727,104558,3,MedCLIP-SAM/data/brain_mri/dataset/data/1727.mat,heldout
1728.png,1728,104558,3,MedCLIP-SAM/data/brain_mri/dataset/data/1728.mat,heldout
1729.png,1729,104558,3,MedCLIP-SAM/data/brain_mri/dataset/data/1729.mat,heldout
1730.png,1730,104558,3,MedCLIP-SAM/data/brain_mri/dataset/data/1730.mat,heldout
1917.png,1917,MR049453,2,MedCLIP-SAM/data/brain_mri/dataset/data/1917.mat,heldout
1933.png,1933,MR024780G,2,MedCLIP-SAM/data/brain_mri/dataset/data/1933.mat,heldout
2039.png,2039,MR051796,2,MedCLIP-SAM/data/brain_mri/dataset/data/2039.mat,heldout
2055.png,2055,MR051644B,2,MedCLIP-SAM/data/brain_mri/dataset/data/2055.mat,heldout
2062.png,2062,MR052550,2,MedCLIP-SAM/data/brain_mri/dataset/data/2062.mat,heldout
2064.png,2064,MR052550,2,MedCLIP-SAM/data/brain_mri/dataset/data/2064.mat,heldout
2108.png,2108,MR050687C,2,MedCLIP-SAM/data/brain_mri/dataset/data/2108.mat,heldout
2170.png,2170,MR037458B,2,MedCLIP-SAM/data/brain_mri/dataset/data/2170.mat,heldout
2272.png,2272,MR049453,2,MedCLIP-SAM/data/brain_mri/dataset/data/2272.mat,heldout
2277.png,2277,MR049453,2,MedCLIP-SAM/data/brain_mri/dataset/data/2277.mat,heldout
2278.png,2278,MR049453,2,MedCLIP-SAM/data/brain_mri/dataset/data/2278.mat,heldout
2364.png,2364,MR040240C,2,MedCLIP-SAM/data/brain_mri/dataset/data/2364.mat,heldout
2486.png,2486,MR033420,2,MedCLIP-SAM/data/brain_mri/dataset/data/2486.mat,heldout
2511.png,2511,MR040240C,2,MedCLIP-SAM/data/brain_mri/dataset/data/2511.mat,heldout
2520.png,2520,MR040240C,2,MedCLIP-SAM/data/brain_mri/dataset/data/2520.mat,heldout
2522.png,2522,MR040240C,2,MedCLIP-SAM/data/brain_mri/dataset/data/2522.mat,heldout
2523.png,2523,MR040240C,2,MedCLIP-SAM/data/brain_mri/dataset/data/2523.mat,heldout
2575.png,2575,MR051796,2,MedCLIP-SAM/data/brain_mri/dataset/data/2575.mat,heldout
2577.png,2577,MR051796,2,MedCLIP-SAM/data/brain_mri/dataset/data/2577.mat,heldout
2581.png,2581,MR051651B,2,MedCLIP-SAM/data/brain_mri/dataset/data/2581.mat,heldout
2582.png,2582,MR051651B,2,MedCLIP-SAM/data/brain_mri/dataset/data/2582.mat,heldout
2589.png,2589,MR052550,2,MedCLIP-SAM/data/brain_mri/dataset/data/2589.mat,heldout
2590.png,2590,MR052550,2,MedCLIP-SAM/data/brain_mri/dataset/data/2590.mat,heldout
2591.png,2591,MR052550,2,MedCLIP-SAM/data/brain_mri/dataset/data/2591.mat,heldout
2592.png,2592,MR052550,2,MedCLIP-SAM/data/brain_mri/dataset/data/2592.mat,heldout
2593.png,2593,MR052550,2,MedCLIP-SAM/data/brain_mri/dataset/data/2593.mat,heldout
2594.png,2594,MR052550,2,MedCLIP-SAM/data/brain_mri/dataset/data/2594.mat,heldout
2703.png,2703,MR037458B,2,MedCLIP-SAM/data/brain_mri/dataset/data/2703.mat,heldout
2705.png,2705,MR037458B,2,MedCLIP-SAM/data/brain_mri/dataset/data/2705.mat,heldout
2706.png,2706,MR037458B,2,MedCLIP-SAM/data/brain_mri/dataset/data/2706.mat,heldout
2771.png,2771,MR037458B,2,MedCLIP-SAM/data/brain_mri/dataset/data/2771.mat,heldout
2810.png,2810,MR033420,2,MedCLIP-SAM/data/brain_mri/dataset/data/2810.mat,heldout
2816.png,2816,MR033420,2,MedCLIP-SAM/data/brain_mri/dataset/data/2816.mat,heldout
2877.png,2877,MR049453,2,MedCLIP-SAM/data/brain_mri/dataset/data/2877.mat,heldout
2878.png,2878,MR049453,2,MedCLIP-SAM/data/brain_mri/dataset/data/2878.mat,heldout
2882.png,2882,MR049453,2,MedCLIP-SAM/data/brain_mri/dataset/data/2882.mat,heldout
2883.png,2883,MR049453,2,MedCLIP-SAM/data/brain_mri/dataset/data/2883.mat,heldout
2884.png,2884,MR049453,2,MedCLIP-SAM/data/brain_mri/dataset/data/2884.mat,heldout
2885.png,2885,MR024780G,2,MedCLIP-SAM/data/brain_mri/dataset/data/2885.mat,heldout
2886.png,2886,MR024780G,2,MedCLIP-SAM/data/brain_mri/dataset/data/2886.mat,heldout
2951.png,2951,MR051796,2,MedCLIP-SAM/data/brain_mri/dataset/data/2951.mat,heldout
2955.png,2955,MR051651B,2,MedCLIP-SAM/data/brain_mri/dataset/data/2955.mat,heldout
2957.png,2957,MR051651B,2,MedCLIP-SAM/data/brain_mri/dataset/data/2957.mat,heldout
2958.png,2958,MR051651B,2,MedCLIP-SAM/data/brain_mri/dataset/data/2958.mat,heldout
2959.png,2959,MR051651B,2,MedCLIP-SAM/data/brain_mri/dataset/data/2959.mat,heldout
2961.png,2961,MR051644B,2,MedCLIP-SAM/data/brain_mri/dataset/data/2961.mat,heldout
2968.png,2968,MR051644B,2,MedCLIP-SAM/data/brain_mri/dataset/data/2968.mat,heldout
2969.png,2969,MR051644B,2,MedCLIP-SAM/data/brain_mri/dataset/data/2969.mat,heldout
2977.png,2977,MR052550,2,MedCLIP-SAM/data/brain_mri/dataset/data/2977.mat,heldout
2978.png,2978,MR052550,2,MedCLIP-SAM/data/brain_mri/dataset/data/2978.mat,heldout
2979.png,2979,MR052550,2,MedCLIP-SAM/data/brain_mri/dataset/data/2979.mat,heldout
2980.png,2980,MR052550,2,MedCLIP-SAM/data/brain_mri/dataset/data/2980.mat,heldout
2981.png,2981,MR052550,2,MedCLIP-SAM/data/brain_mri/dataset/data/2981.mat,heldout
2982.png,2982,MR052550,2,MedCLIP-SAM/data/brain_mri/dataset/data/2982.mat,heldout
3015.png,3015,MR050687C,2,MedCLIP-SAM/data/brain_mri/dataset/data/3015.mat,heldout
3016.png,3016,MR050687C,2,MedCLIP-SAM/data/brain_mri/dataset/data/3016.mat,heldout
3018.png,3018,MR050687C,2,MedCLIP-SAM/data/brain_mri/dataset/data/3018.mat,heldout
3045.png,3045,MR040240C,2,MedCLIP-SAM/data/brain_mri/dataset/data/3045.mat,heldout
3046.png,3046,MR040240C,2,MedCLIP-SAM/data/brain_mri/dataset/data/3046.mat,heldout
3047.png,3047,MR040240D,2,MedCLIP-SAM/data/brain_mri/dataset/data/3047.mat,heldout
