patient_id,label,n_cases,split
100360,1,5,development
100572,1,1,development
100920,1,1,development
101016,1,3,development
101127,1,2,development
101797,1,2,development
101801,1,2,development
102714,1,4,development
102929,1,2,development
102960,1,1,development
103673,1,3,development
103925,1,2,development
104167,1,2,development
104281,1,1,development
105555,1,3,development
106284,1,1,development
106442,1,3,development
106720,1,2,development
106914,1,2,development
107190,1,1,development
107494,1,7,development
108514,1,1,development
108550,1,2,development
108590,1,1,development
108945,1,1,development
109411,1,1,development
109968,1,3,development
111077,1,2,development
111366,1,6,development
112002,1,2,development
112552,1,2,development
112648,1,2,development
113098,1,2,development
113554,1,1,development
114018,1,1,development
114359,1,3,development
95969,1,1,development
97737,1,2,development
97875,1,1,development
97943,1,1,development
98241,1,2,development
99162,1,2,development
101020,2,1,development
102075,2,4,development
106494,2,3,development
112027,2,1,development
88670,2,4,development
95142,2,1,development
98889,2,1,development
MR017260F,2,6,development
MR024780B,2,1,development
MR024780D,2,2,development
MR024780E,2,1,development
MR026175C,2,2,development
MR026175E,2,3,development
MR029209E,2,2,development
MR029209G,2,2,development
MR029209I,2,8,development
MR032322C,2,3,development
MR033389B,2,4,development
MR034694,2,1,development
MR034997,2,2,development
MR036496B,2,5,development
MR037458C,2,3,development
MR038469,2,3,development
MR039473,2,2,development
MR039473B,2,7,development
MR040240,2,2,development
MR040240B,2,5,development
MR048294,2,5,development
MR048294B,2,2,development
MR048297,2,3,development
MR048621B,2,4,development
MR048944,2,3,development
MR048944B,2,2,development
MR048994,2,1,development
MR048994B,2,2,development
MR049019C,2,3,development
MR049019G,2,2,development
MR049104,2,5,development
MR049104B,2,3,development
MR049142,2,2,development
MR049358,2,5,development
MR049453B,2,2,development
MR049942B,2,2,development
MR050135B,2,8,development
MR050791B,2,4,development
MR051461,2,4,development
MR051461B,2,1,development
MR051586,2,6,development
MR051644,2,10,development
MR051644C,2,9,development
MR051651,2,1,development
MR052585B,2,1,development
MR053110B,2,2,development
MR053110E,2,1,development
MR056144,2,2,development
101017,3,6,development
101305,3,4,development
101724,3,4,development
102669,3,1,development
103046,3,3,development
103257,3,6,development
103478,3,5,development
103582,3,2,development
103731,3,3,development
103837,3,7,development
104019,3,4,development
104684,3,14,development
104912,3,8,development
105187,3,3,development
105475,3,3,development
105538,3,2,development
105638,3,1,development
106062,3,11,development
107429,3,4,development
107495,3,4,development
108858,3,2,development
109471,3,4,development
109769,3,3,development
110518,3,3,development
110993,3,2,development
111075,3,3,development
111125,3,5,development
111785,3,5,development
112074,3,7,development
112649,3,7,development
112746,3,2,development
113274,3,5,development
114040,3,4,development
114094,3,7,development
114361,3,1,development
97416,3,8,development
97461,3,12,development
97481,3,4,development
97890,3,4,development
98472,3,4,development
98871,3,3,development
98874,3,2,development
98992,3,8,development
98995,3,5,development
99223,3,1,development
102420,1,3,heldout
102818,1,1,heldout
105374,1,1,heldout
107248,1,2,heldout
107946,1,3,heldout
110116,1,1,heldout
111532,1,1,heldout
112062,1,1,heldout
113435,1,2,heldout
99017,1,2,heldout
103148,2,2,heldout
107747,2,2,heldout
112105,2,2,heldout
MR024780G,2,3,heldout
MR033420,2,3,heldout
MR037458B,2,5,heldout
MR040240C,2,7,heldout
MR040240D,2,1,heldout
MR049453,2,9,heldout
MR050687C,2,4,heldout
MR051644B,2,4,heldout
MR051651B,2,6,heldout
MR051796,2,4,heldout
MR052550,2,14,heldout
101029,3,10,heldout
102648,3,5,heldout
103671,3,3,heldout
104558,3,6,heldout
105936,3,1,heldout
107505,3,9,heldout
107743,3,2,heldout
108931,3,4,heldout
109898,3,3,heldout
110537,3,1,heldout
112847,3,4,heldout
