filename,a,b,same_text,abs_dice,box_iou
100.png,H0,H1,False,0.0016308474387940475,0.9767441860465116
100.png,H0,H2,False,0.0010512030209957057,0.9234268385140257
100.png,H1,H2,False,0.0005796444177983417,0.9441860465116279
1004.png,H0,H1,False,0.004973816154149047,0.9375
1004.png,H0,H2,False,0.004973816154149047,0.9375
1004.png,H1,H2,False,0.0,1.0
1007.png,H0,H1,False,0.04651563004419057,0.9481429572529783
1007.png,H0,H2,False,0.04548041323329077,0.9256661991584852
1007.png,H1,H2,False,0.0010352168108997972,0.975609756097561
1008.png,H0,H1,False,0.0012197227666570498,0.96875
1008.png,H0,H2,False,0.2182120184486639,0.9375
1008.png,H1,H2,False,0.21699229568200684,0.96875
1011.png,H0,H1,False,0.0,1.0
1011.png,H0,H2,False,0.0,1.0
1011.png,H1,H2,True,0.0,1.0
1015.png,H0,H1,False,0.0005896844394239764,0.9545454545454546
1015.png,H0,H2,False,0.0,1.0
1015.png,H1,H2,False,0.0005896844394239764,0.9545454545454546
1016.png,H0,H1,False,0.002205327094477849,0.9795918367346939
1016.png,H0,H2,False,0.0,1.0
1016.png,H1,H2,False,0.002205327094477849,0.9795918367346939
102.png,H0,H1,False,0.0,1.0
102.png,H0,H2,False,0.03157450552888608,0.868421052631579
102.png,H1,H2,False,0.03157450552888608,0.868421052631579
1023.png,H0,H1,False,0.0004644349297024952,0.9777777777777777
1023.png,H0,H2,False,0.0004644349297024952,0.9777777777777777
1023.png,H1,H2,False,0.0,1.0
1027.png,H0,H1,False,0.007003207269535183,0.9767441860465116
1027.png,H0,H2,False,0.0022402803325722864,0.9761904761904762
1027.png,H1,H2,False,0.00924348760210747,0.9534883720930233
1029.png,H0,H1,False,0.0,1.0
1029.png,H0,H2,False,0.0,1.0
1029.png,H1,H2,False,0.0,1.0
1031.png,H0,H1,False,0.0035649701134343736,0.967741935483871
1031.png,H0,H2,False,0.0035649701134343736,0.967741935483871
1031.png,H1,H2,True,0.0,1.0
1035.png,H0,H1,False,0.1594676311674178,0.9487179487179487
1035.png,H0,H2,False,0.04382260110315761,0.907469342251951
1035.png,H1,H2,False,0.11564503006426019,0.9565217391304348
1037.png,H0,H1,False,0.0012561292151367365,0.9565217391304348
1037.png,H0,H2,False,0.0006466574581921458,0.9483344663494222
1037.png,H1,H2,False,0.0019027866733288823,0.9061862678450034
1039.png,H0,H1,False,0.0,1.0
1039.png,H0,H2,False,0.008379823858921331,0.9438202247191011
1039.png,H1,H2,False,0.008379823858921331,0.9438202247191011
1040.png,H0,H1,False,0.0067820398916573765,0.8878048780487805
1040.png,H0,H2,False,0.0067820398916573765,0.8878048780487805
1040.png,H1,H2,True,0.0,1.0
1041.png,H0,H1,False,0.0009486315160547321,0.9527696793002915
1041.png,H0,H2,False,0.003039423302465649,0.8636363636363636
1041.png,H1,H2,False,0.002090791786410917,0.8662190082644629
1047.png,H0,H1,False,0.015082858851067082,0.9824561403508771
1047.png,H0,H2,False,0.010881825600209116,0.9448727833461835
1047.png,H1,H2,False,0.0259646844512762,0.9286540686463556
1053.png,H0,H1,False,0.0005586494063433145,0.9782608695652174
1053.png,H0,H2,False,0.0005586494063433145,0.9782608695652174
1053.png,H1,H2,True,0.0,1.0
1054.png,H0,H1,False,0.0020950259393953674,0.9076363636363637
1054.png,H0,H2,False,0.0005220993150506503,0.9443636363636364
1054.png,H1,H2,False,0.0026171252544460177,0.961108971890643
1057.png,H0,H1,False,0.24059292755445272,0.918918918918919
1057.png,H0,H2,False,0.05089729379398655,0.9714285714285714
1057.png,H1,H2,False,0.18969563376046616,0.9444444444444444
1060.png,H0,H1,False,0.0,1.0
1060.png,H0,H2,False,0.0,1.0
1060.png,H1,H2,True,0.0,1.0
1061.png,H0,H1,False,0.006571730879369464,0.9655172413793104
1061.png,H0,H2,False,0.006571730879369464,0.9655172413793104
1061.png,H1,H2,False,0.0,1.0
1069.png,H0,H1,False,0.002366143828510636,0.9836065573770492
1069.png,H0,H2,False,0.002366143828510636,0.9836065573770492
1069.png,H1,H2,True,0.0,1.0
1072.png,H0,H1,False,0.0,1.0
1072.png,H0,H2,False,0.0005830734711758656,0.9333333333333333
1072.png,H1,H2,False,0.0005830734711758656,0.9333333333333333
1073.png,H0,H1,False,0.0006276839367178599,0.9767441860465116
1073.png,H0,H2,False,0.0006276839367178599,0.9767441860465116
1073.png,H1,H2,True,0.0,1.0
1074.png,H0,H1,False,0.0,1.0
1074.png,H0,H2,False,0.00422584569547102,0.821353065539112
1074.png,H1,H2,False,0.00422584569547102,0.821353065539112
1078.png,H0,H1,False,0.0,1.0
1078.png,H0,H2,False,0.0,1.0
1078.png,H1,H2,True,0.0,1.0
108.png,H0,H1,False,0.017652840564582384,0.9208981001727116
108.png,H0,H2,False,0.017652840564582384,0.9208981001727116
108.png,H1,H2,True,0.0,1.0
1084.png,H0,H1,False,0.0,1.0
1084.png,H0,H2,False,0.007800804888702287,0.9655172413793104
1084.png,H1,H2,False,0.007800804888702287,0.9655172413793104
1085.png,H0,H1,False,0.14934735761971174,0.9772727272727273
1085.png,H0,H2,False,0.28778457260818624,0.9555555555555556
1085.png,H1,H2,False,0.1384372149884745,0.9777777777777777
1089.png,H0,H1,False,0.0,1.0
1089.png,H0,H2,False,0.0,1.0
1089.png,H1,H2,True,0.0,1.0
1092.png,H0,H1,False,0.0003021624933998712,0.9560276679841897
1092.png,H0,H2,False,0.0003021624933998712,0.9560276679841897
1092.png,H1,H2,True,0.0,1.0
1093.png,H0,H1,False,0.000650524724722823,0.8806306306306306
1093.png,H0,H2,False,0.0010438470468647765,0.8547297297297297
1093.png,H1,H2,False,0.0003933223221419535,0.9705882352941176
1096.png,H0,H1,False,0.006309104518423814,0.8027681660899654
1096.png,H0,H2,False,0.0007167875638125487,0.8823529411764706
1096.png,H1,H2,False,0.007025892082236362,0.9098039215686274
1103.png,H0,H1,False,0.018035912500294904,0.9418702611625948
1103.png,H0,H2,False,0.018567212510294473,0.9209225700164745
1103.png,H1,H2,False,0.0005313000099995691,0.9772727272727273
1107.png,H0,H1,False,0.007655607118489116,0.9777777777777777
1107.png,H0,H2,False,0.019897206496505948,0.9555555555555556
1107.png,H1,H2,False,0.012241599378016832,0.9772727272727273
1111.png,H0,H1,False,0.0,1.0
1111.png,H0,H2,False,0.07696161063249674,0.90625
1111.png,H1,H2,False,0.07696161063249674,0.90625
1113.png,H0,H1,False,0.003952406835938449,0.9545454545454546
1113.png,H0,H2,False,0.0,1.0
1113.png,H1,H2,False,0.003952406835938449,0.9545454545454546
1114.png,H0,H1,False,0.0,1.0
1114.png,H0,H2,False,0.0,1.0
1114.png,H1,H2,True,0.0,1.0
1118.png,H0,H1,False,6.423679192957277e-05,0.9302325581395349
1118.png,H0,H2,False,0.0005499094485589273,0.9317443120260022
1118.png,H1,H2,False,0.00048567265662935455,0.9545454545454546
1120.png,H0,H1,False,0.0001163567374559138,0.9846153846153847
1120.png,H0,H2,False,0.0018878725178816946,0.9127011297500855
1120.png,H1,H2,False,0.0017715157804257808,0.9274221157137966
1123.png,H0,H1,False,0.0,1.0
1123.png,H0,H2,False,0.0023100054802296377,0.9437689969604863
1123.png,H1,H2,False,0.0023100054802296377,0.9437689969604863
1124.png,H0,H1,False,0.012414243711205489,0.2784602784602785
1124.png,H0,H2,False,0.012096774193548387,0.2620802620802621
1124.png,H1,H2,False,0.000317469517657102,0.9411764705882353
1125.png,H0,H1,False,0.006237568737568755,0.9655172413793104
1125.png,H0,H2,False,0.008549280956401728,0.8931034482758621
1125.png,H1,H2,False,0.002311712218832973,0.925
1126.png,H0,H1,False,0.007964917125530713,0.9527065527065527
1126.png,H0,H2,False,0.007964917125530713,0.9527065527065527
1126.png,H1,H2,True,0.0,1.0
1130.png,H0,H1,False,5.575910291766295e-05,0.972972972972973
1130.png,H0,H2,False,5.575910291766295e-05,0.972972972972973
1130.png,H1,H2,True,0.0,1.0
1134.png,H0,H1,False,0.003710994990122507,0.9642857142857143
1134.png,H0,H2,False,0.0015386296718360448,0.9310344827586207
1134.png,H1,H2,False,0.002172365318286462,0.9642857142857143
1137.png,H0,H1,False,0.1968134327417589,0.9523809523809523
1137.png,H0,H2,False,0.1968134327417589,0.9523809523809523
1137.png,H1,H2,True,0.0,1.0
1138.png,H0,H1,False,0.012093788273638717,0.9696969696969697
1138.png,H0,H2,False,0.023645364697473248,0.9202614379084967
1138.png,H1,H2,False,0.011551576423834531,0.9490196078431372
114.png,H0,H1,False,0.0,1.0
114.png,H0,H2,False,3.6659112094938884e-05,0.9393939393939394
114.png,H1,H2,False,3.6659112094938884e-05,0.9393939393939394
1140.png,H0,H1,False,0.0061115480462970995,0.972972972972973
1140.png,H0,H2,False,0.0061115480462970995,0.972972972972973
1140.png,H1,H2,True,0.0,1.0
1144.png,H0,H1,False,0.0,1.0
1144.png,H0,H2,False,0.0,1.0
1144.png,H1,H2,True,0.0,1.0
1146.png,H0,H1,False,0.0,1.0
1146.png,H0,H2,False,0.0,1.0
1146.png,H1,H2,True,0.0,1.0
1148.png,H0,H1,False,0.0,1.0
1148.png,H0,H2,False,0.0,1.0
1148.png,H1,H2,False,0.0,1.0
1149.png,H0,H1,False,0.121714019731744,0.7899686520376176
1149.png,H0,H2,False,0.0007799092747444725,0.9545454545454546
1149.png,H1,H2,False,0.12093411045699953,0.8275862068965517
1150.png,H0,H1,False,0.018158941173288645,0.9375
1150.png,H0,H2,False,0.017501262778023885,0.7737104825291181
1150.png,H1,H2,False,0.0006576783952647602,0.8157894736842105
1156.png,H0,H1,False,0.09533280381737969,0.868663594470046
1156.png,H0,H2,False,0.09283016094234692,0.7854166666666667
1156.png,H1,H2,False,0.002502642875032768,0.9041666666666667
1160.png,H0,H1,False,0.12116561003958837,0.4601514605120808
1160.png,H0,H2,False,0.12074015736410759,0.4125495852866931
1160.png,H1,H2,False,0.00042545267548077526,0.858678955453149
1163.png,H0,H1,False,0.0,1.0
1163.png,H0,H2,False,0.0,1.0
1163.png,H1,H2,True,0.0,1.0
1165.png,H0,H1,False,0.001333244614183049,0.9510086455331412
1165.png,H0,H2,False,0.001333244614183049,0.9510086455331412
1165.png,H1,H2,True,0.0,1.0
1169.png,H0,H1,False,0.0,1.0
1169.png,H0,H2,False,0.0,1.0
1169.png,H1,H2,False,0.0,1.0
117.png,H0,H1,False,0.0,1.0
117.png,H0,H2,False,0.00013688604223582868,0.9555555555555556
117.png,H1,H2,False,0.00013688604223582868,0.9555555555555556
1170.png,H0,H1,False,0.0,1.0
1170.png,H0,H2,False,0.009011436835634767,0.8724637681159421
1170.png,H1,H2,False,0.009011436835634767,0.8724637681159421
1177.png,H0,H1,False,0.0003826000793080153,0.975609756097561
1177.png,H0,H2,False,0.0008424247358518322,0.8665183537263627
1177.png,H1,H2,False,0.0004598246565438169,0.8471995649809679
1178.png,H0,H1,False,0.07834415857061014,0.967741935483871
1178.png,H0,H2,False,0.07834415857061014,0.967741935483871
1178.png,H1,H2,False,0.0,1.0
1179.png,H0,H1,False,0.0,0.9555555555555556
1179.png,H0,H2,False,0.0,0.9347826086956522
1179.png,H1,H2,False,0.0,0.9782608695652174
1189.png,H0,H1,False,0.0,1.0
1189.png,H0,H2,False,0.0,1.0
1189.png,H1,H2,False,0.0,1.0
1192.png,H0,H1,False,0.002945678399032259,0.9091400757166036
1192.png,H0,H2,False,0.004101201220638617,0.8742316784869977
1192.png,H1,H2,False,0.007046879619670876,0.7947990543735225
121.png,H0,H1,False,0.0026480161987244566,0.6602870813397129
121.png,H0,H2,False,0.0024571599406238986,0.6507387613957875
121.png,H1,H2,False,0.00019085625810055795,0.9782608695652174
1211.png,H0,H1,False,0.0,1.0
1211.png,H0,H2,False,0.0,1.0
1211.png,H1,H2,True,0.0,1.0
122.png,H0,H1,False,0.0,1.0
122.png,H0,H2,False,6.521231489697854e-06,0.9767441860465116
122.png,H1,H2,False,6.521231489697854e-06,0.9767441860465116
1223.png,H0,H1,False,0.0005245015390707986,0.9354838709677419
1223.png,H0,H2,False,0.0038860497935516713,0.754054054054054
1223.png,H1,H2,False,0.00441055133262247,0.7054054054054054
1225.png,H0,H1,False,0.07758012313532725,0.9310344827586207
1225.png,H0,H2,False,0.07758012313532725,0.9310344827586207
1225.png,H1,H2,False,0.0,1.0
1239.png,H0,H1,False,0.0,1.0
1239.png,H0,H2,False,0.007413893999419052,0.8874458874458875
1239.png,H1,H2,False,0.007413893999419052,0.8874458874458875
124.png,H0,H1,False,0.0016283589936977316,0.9230769230769231
124.png,H0,H2,False,0.0016283589936977316,0.9230769230769231
124.png,H1,H2,True,0.0,1.0
1241.png,H0,H1,False,0.006479627192000459,0.9787234042553191
1241.png,H0,H2,False,0.0,1.0
1241.png,H1,H2,False,0.006479627192000459,0.9787234042553191
1243.png,H0,H1,False,0.0,1.0
1243.png,H0,H2,False,0.0,1.0
1243.png,H1,H2,False,0.0,1.0
1246.png,H0,H1,False,0.0,1.0
1246.png,H0,H2,False,0.0,1.0
1246.png,H1,H2,False,0.0,1.0
1247.png,H0,H1,False,0.0,1.0
1247.png,H0,H2,False,0.0,1.0
1247.png,H1,H2,False,0.0,1.0
1248.png,H0,H1,False,0.0,1.0
1248.png,H0,H2,False,0.0,1.0
1248.png,H1,H2,True,0.0,1.0
1249.png,H0,H1,False,0.0,1.0
1249.png,H0,H2,False,0.0,1.0
1249.png,H1,H2,True,0.0,1.0
1250.png,H0,H1,False,0.0,1.0
1250.png,H0,H2,False,0.0,1.0
1250.png,H1,H2,False,0.0,1.0
1251.png,H0,H1,False,0.0,1.0
1251.png,H0,H2,False,0.0,1.0
1251.png,H1,H2,True,0.0,1.0
1252.png,H0,H1,False,0.0,1.0
1252.png,H0,H2,False,0.0,1.0
1252.png,H1,H2,True,0.0,1.0
1253.png,H0,H1,False,0.0,1.0
1253.png,H0,H2,False,0.0,1.0
1253.png,H1,H2,True,0.0,1.0
1254.png,H0,H1,False,0.0,1.0
1254.png,H0,H2,False,0.011640211640211673,0.84
1254.png,H1,H2,False,0.011640211640211673,0.84
1267.png,H0,H1,False,0.0,0.9555555555555556
1267.png,H0,H2,False,0.0,0.9375
1267.png,H1,H2,False,0.0,0.8958333333333334
1273.png,H0,H1,False,0.0,1.0
1273.png,H0,H2,False,0.0,1.0
1273.png,H1,H2,True,0.0,1.0
1279.png,H0,H1,False,0.0,1.0
1279.png,H0,H2,False,0.05325212766769005,0.889922480620155
1279.png,H1,H2,False,0.05325212766769005,0.889922480620155
128.png,H0,H1,False,0.009002674509204223,0.9818181818181818
128.png,H0,H2,False,0.00686361771126931,0.9464285714285714
128.png,H1,H2,False,0.002139056797934913,0.9636363636363636
1280.png,H0,H1,False,0.0,1.0
1280.png,H0,H2,False,0.8217479854777295,0.0
1280.png,H1,H2,False,0.8217479854777295,0.0
1281.png,H0,H1,False,0.0008607073137261168,0.9777777777777777
1281.png,H0,H2,False,0.0008607073137261168,0.9777777777777777
1281.png,H1,H2,True,0.0,1.0
1282.png,H0,H1,False,0.004683646823510412,0.9666666666666667
1282.png,H0,H2,False,0.004683646823510412,0.9666666666666667
1282.png,H1,H2,True,0.0,1.0
1283.png,H0,H1,False,0.0,1.0
1283.png,H0,H2,False,0.0069934937961444454,0.8918518518518519
1283.png,H1,H2,False,0.0069934937961444454,0.8918518518518519
1293.png,H0,H1,False,0.002008404974173761,0.9523809523809523
1293.png,H0,H2,False,0.007789926535032299,0.9302325581395349
1293.png,H1,H2,False,0.005781521560858538,0.9767441860465116
13.png,H0,H1,False,0.0006902303610585303,0.9074074074074074
13.png,H0,H2,False,7.805509426028756e-06,0.98
13.png,H1,H2,False,0.0006980358704845591,0.9245283018867925
1309.png,H0,H1,False,0.0003212173589931533,0.9772727272727273
1309.png,H0,H2,False,0.000643131501845251,0.9333333333333333
1309.png,H1,H2,False,0.0009643488608384043,0.9121212121212121
131.png,H0,H1,False,0.0,1.0
131.png,H0,H2,False,0.0,0.9782608695652174
131.png,H1,H2,False,0.0,0.9782608695652174
1326.png,H0,H1,False,0.0,1.0
1326.png,H0,H2,False,0.0,1.0
1326.png,H1,H2,True,0.0,1.0
1331.png,H0,H1,False,0.004296608965561277,0.9767441860465116
1331.png,H0,H2,False,0.004296608965561277,0.9767441860465116
1331.png,H1,H2,True,0.0,1.0
1333.png,H0,H1,False,0.0010580154693601296,0.96875
1333.png,H0,H2,False,0.0010580154693601296,0.96875
1333.png,H1,H2,True,0.0,1.0
1334.png,H0,H1,False,0.0,1.0
1334.png,H0,H2,False,0.0,1.0
1334.png,H1,H2,True,0.0,1.0
1341.png,H0,H1,False,0.0004965515514889773,0.9565217391304348
1341.png,H0,H2,False,0.0004965515514889773,0.9565217391304348
1341.png,H1,H2,True,0.0,1.0
1345.png,H0,H1,False,0.00047011275689556875,0.9772727272727273
1345.png,H0,H2,False,0.00047011275689556875,0.9772727272727273
1345.png,H1,H2,True,0.0,1.0
1346.png,H0,H1,False,0.0,1.0
1346.png,H0,H2,False,0.023330079122972136,0.8843537414965986
1346.png,H1,H2,False,0.023330079122972136,0.8843537414965986
1353.png,H0,H1,False,0.0,1.0
1353.png,H0,H2,False,0.0014627209948987474,0.9328512396694215
1353.png,H1,H2,False,0.0014627209948987474,0.9328512396694215
1355.png,H0,H1,False,0.0,1.0
1355.png,H0,H2,False,0.0,1.0
1355.png,H1,H2,True,0.0,1.0
1361.png,H0,H1,False,0.006144851308057864,0.8583638583638583
1361.png,H0,H2,False,0.014126993171577285,0.8174418604651162
1361.png,H1,H2,False,0.00798214186351942,0.9523255813953488
1364.png,H0,H1,False,0.0,1.0
1364.png,H0,H2,False,0.0,1.0
1364.png,H1,H2,True,0.0,1.0
1365.png,H0,H1,False,9.116445265666684e-05,0.9518143961927424
1365.png,H0,H2,False,0.0041355234150788345,0.848989898989899
1365.png,H1,H2,False,0.004226687867735501,0.8080808080808081
1367.png,H0,H1,False,0.0,0.9722222222222222
1367.png,H0,H2,False,0.0,0.9722222222222222
1367.png,H1,H2,True,0.0,1.0
1368.png,H0,H1,False,0.0,1.0
1368.png,H0,H2,False,0.009559829373784745,0.84
1368.png,H1,H2,False,0.009559829373784745,0.84
1370.png,H0,H1,False,0.0,1.0
1370.png,H0,H2,False,0.0,1.0
1370.png,H1,H2,True,0.0,1.0
1371.png,H0,H1,False,0.0,1.0
1371.png,H0,H2,False,0.0,1.0
1371.png,H1,H2,True,0.0,1.0
1372.png,H0,H1,False,0.0,1.0
1372.png,H0,H2,False,0.0,1.0
1372.png,H1,H2,True,0.0,1.0
1373.png,H0,H1,False,0.0,1.0
1373.png,H0,H2,False,0.001344586980587592,0.96875
1373.png,H1,H2,False,0.001344586980587592,0.96875
1378.png,H0,H1,False,0.0,1.0
1378.png,H0,H2,False,0.0,1.0
1378.png,H1,H2,True,0.0,1.0
138.png,H0,H1,False,0.007199298645434338,0.9310344827586207
138.png,H0,H2,False,0.0,1.0
138.png,H1,H2,False,0.007199298645434338,0.9310344827586207
1380.png,H0,H1,False,0.006181171655654127,0.9772727272727273
1380.png,H0,H2,False,0.011737587948147055,0.8922610015174507
1380.png,H1,H2,False,0.017918759603801182,0.8724035608308606
1381.png,H0,H1,False,0.011859841371032132,0.9777777777777777
1381.png,H0,H2,False,0.01967772622217534,0.9555555555555556
1381.png,H1,H2,False,0.03153756759320747,0.9333333333333333
1384.png,H0,H1,False,0.0,1.0
1384.png,H0,H2,False,0.06323455738716455,0.9375
1384.png,H1,H2,False,0.06323455738716455,0.9375
1387.png,H0,H1,False,0.0,1.0
1387.png,H0,H2,False,0.0,1.0
1387.png,H1,H2,True,0.0,1.0
1388.png,H0,H1,False,0.0,1.0
1388.png,H0,H2,False,0.0010640881294567972,0.9444444444444444
1388.png,H1,H2,False,0.0010640881294567972,0.9444444444444444
1397.png,H0,H1,False,0.02206527110854206,0.9458858413639734
1397.png,H0,H2,False,0.017792281196234216,0.8833580980683506
1397.png,H1,H2,False,0.004272989912307845,0.9318181818181818
1398.png,H0,H1,False,0.001852098777579303,0.9772727272727273
1398.png,H0,H2,False,0.001852098777579303,0.9772727272727273
1398.png,H1,H2,True,0.0,1.0
1399.png,H0,H1,False,0.0,1.0
1399.png,H0,H2,False,0.0,1.0
1399.png,H1,H2,True,0.0,1.0
1401.png,H0,H1,False,0.0,1.0
1401.png,H0,H2,False,0.8444546709618039,0.0
1401.png,H1,H2,False,0.8444546709618039,0.0
1402.png,H0,H1,False,0.0015563333313450833,0.9490651192778853
1402.png,H0,H2,False,0.008811249357202677,0.9171195652173914
1402.png,H1,H2,False,0.01036758268854776,0.8704061895551257
1406.png,H0,H1,False,0.0,1.0
1406.png,H0,H2,False,0.1368158885782973,0.96875
1406.png,H1,H2,False,0.1368158885782973,0.96875
1407.png,H0,H1,False,0.0006663468201929534,0.9391495601173021
1407.png,H0,H2,False,0.0006663468201929534,0.9391495601173021
1407.png,H1,H2,True,0.0,1.0
1410.png,H0,H1,False,0.7229336437718277,0.2829537612146308
1410.png,H0,H2,False,0.7229336437718277,0.2709662716499544
1410.png,H1,H2,False,0.0,0.835820895522388
1411.png,H0,H1,False,0.0,1.0
1411.png,H0,H2,False,0.009227260310993413,0.9285714285714286
1411.png,H1,H2,False,0.009227260310993413,0.9285714285714286
1425.png,H0,H1,False,0.0002685951408170073,0.9787234042553191
1425.png,H0,H2,False,0.0008765653333588919,0.9549689440993789
1425.png,H1,H2,False,0.0011451604741758992,0.9346504559270516
1426.png,H0,H1,False,0.0,0.926829268292683
1426.png,H0,H2,False,0.0,1.0
1426.png,H1,H2,False,0.0,0.926829268292683
1435.png,H0,H1,False,0.0,1.0
1435.png,H0,H2,False,0.0,1.0
1435.png,H1,H2,True,0.0,1.0
1436.png,H0,H1,False,9.649930461563816e-05,0.9803921568627451
1436.png,H0,H2,False,9.649930461563816e-05,0.9803921568627451
1436.png,H1,H2,True,0.0,1.0
1437.png,H0,H1,False,0.0,1.0
1437.png,H0,H2,False,0.0,1.0
1437.png,H1,H2,True,0.0,1.0
1442.png,H0,H1,False,0.023761219432197,0.9433962264150944
1442.png,H0,H2,False,0.09826762223881513,0.7714508580343213
1442.png,H1,H2,False,0.12202884167101213,0.8217628705148206
1457.png,H0,H1,False,0.003570080023126976,0.9210526315789473
1457.png,H0,H2,False,0.004926539238732985,0.9047619047619048
1457.png,H1,H2,False,0.008496619261859961,0.8333333333333334
1458.png,H0,H1,False,0.028726541905853664,0.9182608695652174
1458.png,H0,H2,False,0.028726541905853664,0.9182608695652174
1458.png,H1,H2,True,0.0,1.0
1459.png,H0,H1,False,0.01542624414193261,0.952921157118548
1459.png,H0,H2,False,0.01542624414193261,0.952921157118548
1459.png,H1,H2,True,0.0,1.0
1461.png,H0,H1,False,0.0005503746476921423,0.987012987012987
1461.png,H0,H2,False,0.12254276431003414,0.9127450980392157
1461.png,H1,H2,False,0.121992389662342,0.9247549019607844
1464.png,H0,H1,False,0.005256885388882915,0.9767441860465116
1464.png,H0,H2,False,0.019908595350401903,0.8939692550256209
1464.png,H1,H2,False,0.025165480739284818,0.9152542372881356
1465.png,H0,H1,False,0.0014746063084914995,0.876875
1465.png,H0,H2,False,0.0,1.0
1465.png,H1,H2,False,0.0014746063084914995,0.876875
1466.png,H0,H1,False,0.0,1.0
1466.png,H0,H2,False,0.12692955483516577,0.9144411473788329
1466.png,H1,H2,False,0.12692955483516577,0.9144411473788329
1472.png,H0,H1,False,0.0014504699431030499,0.975609756097561
1472.png,H0,H2,False,0.02654753339796101,0.9172473867595818
1472.png,H1,H2,False,0.02509706345485796,0.9401785714285714
1477.png,H0,H1,False,0.0,0.9534883720930233
1477.png,H0,H2,False,0.0006546258596782373,0.8809917355371901
1477.png,H1,H2,False,0.0006546258596782373,0.9239669421487603
1480.png,H0,H1,False,0.003183576377271624,0.8584169453734671
1480.png,H0,H2,False,0.003183576377271624,0.8584169453734671
1480.png,H1,H2,True,0.0,1.0
1481.png,H0,H1,False,0.3195870752725116,0.9761904761904762
1481.png,H0,H2,False,0.2975156236415116,0.7481751824817519
1481.png,H1,H2,False,0.02207145163100005,0.7333682556312205
1482.png,H0,H1,False,0.0,1.0
1482.png,H0,H2,False,0.0,1.0
1482.png,H1,H2,True,0.0,1.0
1483.png,H0,H1,False,0.0,1.0
1483.png,H0,H2,False,0.0,1.0
1483.png,H1,H2,True,0.0,1.0
1484.png,H0,H1,False,0.019631289425057874,0.9666666666666667
1484.png,H0,H2,False,0.019631289425057874,0.9666666666666667
1484.png,H1,H2,True,0.0,1.0
1485.png,H0,H1,False,0.0,1.0
1485.png,H0,H2,False,0.0,1.0
1485.png,H1,H2,True,0.0,1.0
1488.png,H0,H1,False,0.06223991468591927,0.8959349593495934
1488.png,H0,H2,False,0.11611860804509266,0.751219512195122
1488.png,H1,H2,False,0.05387869335917339,0.838475499092559
1490.png,H0,H1,False,0.01405167209926117,0.8859357696566998
1490.png,H0,H2,False,0.026489195071840776,0.8724637681159421
1490.png,H1,H2,False,0.040540867171101946,0.7729468599033816
1491.png,H0,H1,False,0.027119709759481914,0.9375
1491.png,H0,H2,False,0.007688791125697592,0.9142857142857143
1491.png,H1,H2,False,0.034808500885179505,0.8571428571428571
1492.png,H0,H1,False,0.011493424823197318,0.9666666666666667
1492.png,H0,H2,False,0.011493424823197318,0.9666666666666667
1492.png,H1,H2,True,0.0,1.0
1493.png,H0,H1,False,0.0023454065865375906,0.9830508474576272
1493.png,H0,H2,False,0.0017744145938763944,0.9655172413793104
1493.png,H1,H2,False,0.0005709919926611962,0.9491525423728814
1495.png,H0,H1,False,0.0,1.0
1495.png,H0,H2,False,0.0,1.0
1495.png,H1,H2,True,0.0,1.0
1496.png,H0,H1,False,0.011109994504871823,0.9666666666666667
1496.png,H0,H2,False,0.011109994504871823,0.9666666666666667
1496.png,H1,H2,True,0.0,1.0
1497.png,H0,H1,False,0.0003018275035143736,0.9827586206896551
1497.png,H0,H2,False,0.0003018275035143736,0.9827586206896551
1497.png,H1,H2,True,0.0,1.0
1498.png,H0,H1,False,0.0,1.0
1498.png,H0,H2,False,0.014280644659521335,0.8837209302325582
1498.png,H1,H2,False,0.014280644659521335,0.8837209302325582
150.png,H0,H1,False,0.3059174967542032,0.7032967032967034
150.png,H0,H2,False,0.3059174967542032,0.7032967032967034
150.png,H1,H2,True,0.0,1.0
1509.png,H0,H1,False,0.0008823428938857791,0.9636363636363636
1509.png,H0,H2,False,0.0065000124366656475,0.8988476312419974
1509.png,H1,H2,False,0.005617669542779868,0.8988476312419974
1519.png,H0,H1,False,0.00023832376773558206,0.96875
1519.png,H0,H2,False,0.002528186818216982,0.9197860962566845
1519.png,H1,H2,False,0.002766510585952564,0.891042780748663
152.png,H0,H1,False,0.00039010790257709704,0.9555555555555556
152.png,H0,H2,False,0.00039010790257709704,0.9555555555555556
152.png,H1,H2,True,0.0,1.0
1529.png,H0,H1,False,0.0,1.0
1529.png,H0,H2,False,0.0062089398347285885,0.9777777777777777
1529.png,H1,H2,False,0.0062089398347285885,0.9777777777777777
1533.png,H0,H1,False,0.007878053122692297,0.9003215434083601
1533.png,H0,H2,False,0.005567812545155815,0.8857808857808858
1533.png,H1,H2,False,0.013445865667848111,0.8362470862470862
1534.png,H0,H1,False,0.0019912956484614552,0.9772727272727273
1534.png,H0,H2,False,0.0,1.0
1534.png,H1,H2,False,0.0019912956484614552,0.9772727272727273
1535.png,H0,H1,False,0.0045905713456904085,0.9476584022038568
1535.png,H0,H2,False,0.04047190208256468,0.809469480889903
1535.png,H1,H2,False,0.04506247342825509,0.7671232876712328
1536.png,H0,H1,False,0.0018514640736275734,0.9487179487179487
1536.png,H0,H2,False,0.009610775494123036,0.8717948717948718
1536.png,H1,H2,False,0.007759311420495463,0.918918918918919
1545.png,H0,H1,False,0.15084102884380035,0.5925925925925926
1545.png,H0,H2,False,0.27771271811698983,0.3328042328042328
1545.png,H1,H2,False,0.12687168927318948,0.5616071428571429
1546.png,H0,H1,False,0.06462866707715864,0.9576957695769577
1546.png,H0,H2,False,0.06462866707715864,0.9576957695769577
1546.png,H1,H2,True,0.0,1.0
1547.png,H0,H1,False,0.005675693345314148,0.9787234042553191
1547.png,H0,H2,False,0.005675693345314148,0.9787234042553191
1547.png,H1,H2,True,0.0,1.0
1548.png,H0,H1,False,0.0,1.0
1548.png,H0,H2,False,0.003088304169329925,0.9333333333333333
1548.png,H1,H2,False,0.003088304169329925,0.9333333333333333
1551.png,H0,H1,False,0.015078591198468216,0.9074074074074074
1551.png,H0,H2,False,0.20816859021283107,0.9014662756598241
1551.png,H1,H2,False,0.2232471814112993,0.8200294550810014
1552.png,H0,H1,False,0.0017256905854449167,0.9722222222222222
1552.png,H0,H2,False,0.0017256905854449167,0.9722222222222222
1552.png,H1,H2,True,0.0,1.0
1555.png,H0,H1,False,0.000266205315886503,0.9836065573770492
1555.png,H0,H2,False,0.002123813593488233,0.9601873536299765
1555.png,H1,H2,False,0.00185760827760173,0.9450633883980023
1559.png,H0,H1,False,0.010342101241006207,0.9772727272727273
1559.png,H0,H2,False,0.010342101241006207,0.9772727272727273
1559.png,H1,H2,True,0.0,1.0
156.png,H0,H1,False,0.0001853584167101907,0.9514637904468413
156.png,H0,H2,False,0.0029424313798203094,0.5905451185709886
156.png,H1,H2,False,0.0027570729631101187,0.5757575757575758
1560.png,H0,H1,False,0.0009777596170684744,0.9411764705882353
1560.png,H0,H2,False,0.003623356244100928,0.8417329796640142
1560.png,H1,H2,False,0.0046011158611694025,0.7922192749778957
1563.png,H0,H1,False,0.0,1.0
1563.png,H0,H2,False,0.0,1.0
1563.png,H1,H2,True,0.0,1.0
1564.png,H0,H1,False,0.028690162762413207,0.9714285714285714
1564.png,H0,H2,False,0.028690162762413207,0.9714285714285714
1564.png,H1,H2,True,0.0,1.0
1574.png,H0,H1,False,0.0,1.0
1574.png,H0,H2,False,0.00021989502390240556,0.972972972972973
1574.png,H1,H2,False,0.00021989502390240556,0.972972972972973
1575.png,H0,H1,False,0.0,1.0
1575.png,H0,H2,False,0.0,1.0
1575.png,H1,H2,True,0.0,1.0
1577.png,H0,H1,False,0.0,1.0
1577.png,H0,H2,False,0.0,1.0
1577.png,H1,H2,True,0.0,1.0
1579.png,H0,H1,False,0.0,1.0
1579.png,H0,H2,False,0.0,1.0
1579.png,H1,H2,True,0.0,1.0
1583.png,H0,H1,False,0.0,1.0
1583.png,H0,H2,False,0.749110115971983,0.0
1583.png,H1,H2,False,0.749110115971983,0.0
1585.png,H0,H1,False,0.002360764413844252,0.953062392673154
1585.png,H0,H2,False,0.0013540210633463667,0.9782608695652174
1585.png,H1,H2,False,0.001006743350497885,0.9736842105263158
1587.png,H0,H1,False,0.0015076067986411479,0.9215425531914894
1587.png,H0,H2,False,0.0015076067986411479,0.9215425531914894
1587.png,H1,H2,True,0.0,1.0
1588.png,H0,H1,False,9.391091747046332e-05,0.7205882352941176
1588.png,H0,H2,False,9.391091747046332e-05,0.7205882352941176
1588.png,H1,H2,True,0.0,1.0
1590.png,H0,H1,False,0.02070454136648081,0.9195402298850575
1590.png,H0,H2,False,0.02070454136648081,0.9195402298850575
1590.png,H1,H2,True,0.0,1.0
1591.png,H0,H1,False,0.0007919995205191155,0.9767441860465116
1591.png,H0,H2,False,0.0007919995205191155,0.9767441860465116
1591.png,H1,H2,True,0.0,1.0
1596.png,H0,H1,False,0.0,1.0
1596.png,H0,H2,False,0.0005137902956191542,0.9302325581395349
1596.png,H1,H2,False,0.0005137902956191542,0.9302325581395349
16.png,H0,H1,False,0.0,1.0
16.png,H0,H2,False,0.0,1.0
16.png,H1,H2,False,0.0,1.0
1600.png,H0,H1,False,0.0,1.0
1600.png,H0,H2,False,0.10362755176375626,0.9534883720930233
1600.png,H1,H2,False,0.10362755176375626,0.9534883720930233
1601.png,H0,H1,False,0.007188686590734794,0.9615384615384616
1601.png,H0,H2,False,0.08457423408872489,0.8461538461538461
1601.png,H1,H2,False,0.07738554749799009,0.88
1619.png,H0,H1,False,0.0003604591486808806,0.9772727272727273
1619.png,H0,H2,False,0.0003604591486808806,0.9772727272727273
1619.png,H1,H2,True,0.0,1.0
1628.png,H0,H1,False,0.0,1.0
1628.png,H0,H2,False,0.0,1.0
1628.png,H1,H2,True,0.0,1.0
1629.png,H0,H1,False,0.19651678219430047,0.3871817383669886
1629.png,H0,H2,False,0.19651678219430047,0.3871817383669886
1629.png,H1,H2,True,0.0,1.0
1630.png,H0,H1,False,0.0006981454780649043,0.9772727272727273
1630.png,H0,H2,False,0.002784759537665993,0.8853644963828603
1630.png,H1,H2,False,0.003482905015730897,0.9039772727272727
1644.png,H0,H1,False,0.0005377688540788572,0.9761904761904762
1644.png,H0,H2,False,0.0005377688540788572,0.9761904761904762
1644.png,H1,H2,True,0.0,1.0
1645.png,H0,H1,False,0.0,1.0
1645.png,H0,H2,False,0.0,1.0
1645.png,H1,H2,False,0.0,1.0
1646.png,H0,H1,False,0.06786564684444651,0.8731182795698925
1646.png,H0,H2,False,0.06786564684444651,0.8731182795698925
1646.png,H1,H2,False,0.0,1.0
1647.png,H0,H1,False,0.0,1.0
1647.png,H0,H2,False,0.0,1.0
1647.png,H1,H2,False,0.0,1.0
1648.png,H0,H1,False,0.0003953651531856117,0.9236918604651163
1648.png,H0,H2,False,0.0009695333513487503,0.8362369337979094
1648.png,H1,H2,False,0.001364898504534362,0.9054242002781642
1656.png,H0,H1,False,0.0,1.0
1656.png,H0,H2,False,0.0,1.0
1656.png,H1,H2,False,0.0,1.0
1657.png,H0,H1,False,0.0,1.0
1657.png,H0,H2,False,0.041995094721005155,0.9011494252873563
1657.png,H1,H2,False,0.041995094721005155,0.9011494252873563
1665.png,H0,H1,False,0.01588618485742377,0.96875
1665.png,H0,H2,False,0.01588618485742377,0.96875
1665.png,H1,H2,True,0.0,1.0
1666.png,H0,H1,False,0.0,1.0
1666.png,H0,H2,False,0.0,1.0
1666.png,H1,H2,False,0.0,1.0
167.png,H0,H1,False,9.029674276295196e-06,0.9827586206896551
167.png,H0,H2,False,0.00020498929423529155,0.9767441860465116
167.png,H1,H2,False,0.00021401896851158675,0.9599037690457097
1678.png,H0,H1,False,0.0,1.0
1678.png,H0,H2,False,0.0006206432155539954,0.8635394456289979
1678.png,H1,H2,False,0.0006206432155539954,0.8635394456289979
1684.png,H0,H1,False,0.0,1.0
1684.png,H0,H2,False,0.0,1.0
1684.png,H1,H2,True,0.0,1.0
1685.png,H0,H1,False,0.21872368869264536,0.48517279821627646
1685.png,H0,H2,False,0.21872368869264536,0.48517279821627646
1685.png,H1,H2,True,0.0,1.0
1686.png,H0,H1,False,0.0,1.0
1686.png,H0,H2,False,0.0001380879343966246,0.9275265957446809
1686.png,H1,H2,False,0.0001380879343966246,0.9275265957446809
1689.png,H0,H1,False,0.0,0.9550561797752809
1689.png,H0,H2,False,0.0,0.9550561797752809
1689.png,H1,H2,False,0.0,0.9767441860465116
169.png,H0,H1,False,0.00019326295389199277,0.95
169.png,H0,H2,False,0.00019326295389199277,0.95
169.png,H1,H2,True,0.0,1.0
1696.png,H0,H1,False,0.0004178326312102021,0.9696969696969697
1696.png,H0,H2,False,0.0004178326312102021,0.9696969696969697
1696.png,H1,H2,True,0.0,1.0
1706.png,H0,H1,False,0.0,1.0
1706.png,H0,H2,False,0.0,1.0
1706.png,H1,H2,True,0.0,1.0
1715.png,H0,H1,False,0.0020274645041234995,0.9666666666666667
1715.png,H0,H2,False,0.0,1.0
1715.png,H1,H2,False,0.0020274645041234995,0.9666666666666667
1716.png,H0,H1,False,0.0,1.0
1716.png,H0,H2,False,0.1409382286039702,0.875669244497323
1716.png,H1,H2,False,0.1409382286039702,0.875669244497323
1718.png,H0,H1,False,0.0,1.0
1718.png,H0,H2,False,0.00045516613563945096,0.9830508474576272
1718.png,H1,H2,False,0.00045516613563945096,0.9830508474576272
1727.png,H0,H1,False,0.0012328673106216659,0.953125
1727.png,H0,H2,False,0.0012328673106216659,0.953125
1727.png,H1,H2,True,0.0,1.0
1728.png,H0,H1,False,0.03470277817395673,0.9314151890264303
1728.png,H0,H2,False,0.0013554186115750655,0.9838709677419355
1728.png,H1,H2,False,0.03334735956238166,0.9163923633969717
1729.png,H0,H1,False,0.029001993571570073,0.928212162780064
1729.png,H0,H2,False,0.07804389250151067,0.7954545454545454
1729.png,H1,H2,False,0.0490418989299406,0.8018939393939394
1730.png,H0,H1,False,7.357608000135851e-05,0.9824561403508771
1730.png,H0,H2,False,7.357608000135851e-05,0.9824561403508771
1730.png,H1,H2,True,0.0,1.0
1734.png,H0,H1,False,0.003041568055307975,0.876358695652174
1734.png,H0,H2,False,0.0,1.0
1734.png,H1,H2,False,0.003041568055307975,0.876358695652174
1735.png,H0,H1,False,0.00011274660945137516,0.9782608695652174
1735.png,H0,H2,False,0.00011274660945137516,0.9782608695652174
1735.png,H1,H2,False,0.0,1.0
1736.png,H0,H1,False,0.005945026140670717,0.9743589743589743
1736.png,H0,H2,False,0.042003627761728946,0.8974358974358975
1736.png,H1,H2,False,0.04794865390239966,0.9210526315789473
174.png,H0,H1,False,9.732587607280685e-05,0.9821428571428571
174.png,H0,H2,False,9.732587607280685e-05,0.9821428571428571
174.png,H1,H2,True,0.0,1.0
1740.png,H0,H1,False,0.0002076225456666414,0.9655172413793104
1740.png,H0,H2,False,0.0002076225456666414,0.9655172413793104
1740.png,H1,H2,True,0.0,1.0
1744.png,H0,H1,False,0.023529599353693476,0.9117647058823529
1744.png,H0,H2,False,0.052831013477903865,0.9411764705882353
1744.png,H1,H2,False,0.02930141412421039,0.96875
1746.png,H0,H1,False,0.0212751417963144,0.8918918918918919
1746.png,H0,H2,False,0.02460514512631773,0.8648648648648649
1746.png,H1,H2,False,0.0033300033300033283,0.9696969696969697
1752.png,H0,H1,False,0.0,1.0
1752.png,H0,H2,False,0.0,1.0
1752.png,H1,H2,False,0.0,1.0
1769.png,H0,H1,False,0.0,1.0
1769.png,H0,H2,False,0.0019066835253499503,0.7743271221532091
1769.png,H1,H2,False,0.0019066835253499503,0.7743271221532091
1771.png,H0,H1,False,0.0,1.0
1771.png,H0,H2,False,0.0,1.0
1771.png,H1,H2,True,0.0,1.0
1773.png,H0,H1,False,0.0,1.0
1773.png,H0,H2,False,0.0019148615268750335,0.8969072164948454
1773.png,H1,H2,False,0.0019148615268750335,0.8969072164948454
1774.png,H0,H1,False,0.006059474506076468,0.9736842105263158
1774.png,H0,H2,False,0.009118281089687152,0.8961593172119487
1774.png,H1,H2,False,0.003058806583610685,0.9203798392987582
1776.png,H0,H1,False,1.7218803677469027e-06,0.9672131147540983
1776.png,H0,H2,False,1.7218803677469027e-06,0.9672131147540983
1776.png,H1,H2,True,0.0,1.0
1789.png,H0,H1,False,0.0,1.0
1789.png,H0,H2,False,0.0,1.0
1789.png,H1,H2,False,0.0,1.0
1796.png,H0,H1,False,0.0005614823133071045,0.9629629629629629
1796.png,H0,H2,False,0.0005614823133071045,0.9629629629629629
1796.png,H1,H2,True,0.0,1.0
1798.png,H0,H1,False,0.004193059215525596,0.8552995391705069
1798.png,H0,H2,False,0.008359697294212487,0.6888888888888889
1798.png,H1,H2,False,0.012552756509738083,0.5892063492063492
1807.png,H0,H1,False,0.013376503766925452,0.9555555555555556
1807.png,H0,H2,False,0.013376503766925452,0.9555555555555556
1807.png,H1,H2,True,0.0,1.0
1816.png,H0,H1,False,0.0,1.0
1816.png,H0,H2,False,0.0,1.0
1816.png,H1,H2,True,0.0,1.0
1824.png,H0,H1,False,8.764775529845892e-05,0.9772727272727273
1824.png,H0,H2,False,8.764775529845892e-05,0.9772727272727273
1824.png,H1,H2,True,0.0,1.0
1825.png,H0,H1,False,0.0,1.0
1825.png,H0,H2,False,0.0,1.0
1825.png,H1,H2,True,0.0,1.0
1826.png,H0,H1,False,0.0005920266323118373,0.9791666666666666
1826.png,H0,H2,False,0.0005920266323118373,0.9791666666666666
1826.png,H1,H2,True,0.0,1.0
1827.png,H0,H1,False,0.08073677723343664,0.6122685185185185
1827.png,H0,H2,False,0.08073677723343664,0.6122685185185185
1827.png,H1,H2,True,0.0,1.0
1829.png,H0,H1,False,0.00011326598543415223,0.9767441860465116
1829.png,H0,H2,False,1.6230970692143742e-05,0.9327603640040445
1829.png,H1,H2,False,9.703501474200849e-05,0.9549689440993789
183.png,H0,H1,False,0.0013168926559458116,0.9166666666666666
183.png,H0,H2,False,0.000665730576291601,0.8888888888888888
183.png,H1,H2,False,0.0006511620796542106,0.9696969696969697
1834.png,H0,H1,False,0.00018029182770407104,0.926829268292683
1834.png,H0,H2,False,0.001554987140780506,0.8634510869565217
1834.png,H1,H2,False,0.001374695313076435,0.8002717391304348
1835.png,H0,H1,False,0.0,1.0
1835.png,H0,H2,False,0.0,1.0
1835.png,H1,H2,True,0.0,1.0
1843.png,H0,H1,False,0.0,1.0
1843.png,H0,H2,False,0.0,1.0
1843.png,H1,H2,False,0.0,1.0
1847.png,H0,H1,False,0.026606931929377575,0.7840290381125227
1847.png,H0,H2,False,0.026606931929377575,0.7840290381125227
1847.png,H1,H2,True,0.0,1.0
1852.png,H0,H1,False,0.0,1.0
1852.png,H0,H2,False,0.0,1.0
1852.png,H1,H2,True,0.0,1.0
1853.png,H0,H1,False,0.0,0.8627946127946128
1853.png,H0,H2,False,0.0,0.8828596037898363
1853.png,H1,H2,False,0.0,0.9772727272727273
1858.png,H0,H1,False,0.03758308799325005,0.9204665959703076
1858.png,H0,H2,False,0.02370696933321459,0.9358874120406567
1858.png,H1,H2,False,0.013876118660035464,0.9218342886920271
1863.png,H0,H1,False,0.0174774642935408,0.9387755102040817
1863.png,H0,H2,False,0.017384374955648818,0.9192006950477846
1863.png,H1,H2,False,9.308933789198282e-05,0.9791666666666666
1869.png,H0,H1,False,0.0,1.0
1869.png,H0,H2,False,0.0,1.0
1869.png,H1,H2,True,0.0,1.0
1879.png,H0,H1,False,0.0,1.0
1879.png,H0,H2,False,0.0,1.0
1879.png,H1,H2,True,0.0,1.0
1880.png,H0,H1,False,0.0007810632229584558,0.9655172413793104
1880.png,H0,H2,False,0.0,1.0
1880.png,H1,H2,False,0.0007810632229584558,0.9655172413793104
1882.png,H0,H1,False,0.0,1.0
1882.png,H0,H2,False,0.0044030283040454865,0.9285714285714286
1882.png,H1,H2,False,0.0044030283040454865,0.9285714285714286
1886.png,H0,H1,False,0.0,1.0
1886.png,H0,H2,False,0.0,1.0
1886.png,H1,H2,True,0.0,1.0
1890.png,H0,H1,False,0.042470862488777905,0.8264637497357853
1890.png,H0,H2,False,0.03159081525641966,0.9240812379110251
1890.png,H1,H2,False,0.07406167774519756,0.8483906770255272
1894.png,H0,H1,False,0.47288932904184205,0.775
1894.png,H0,H2,False,0.47288932904184205,0.775
1894.png,H1,H2,True,0.0,1.0
1900.png,H0,H1,False,0.025666571315707043,0.954004329004329
1900.png,H0,H2,False,0.021529886819977695,0.8931750741839762
1900.png,H1,H2,False,0.04719645813568474,0.8520534388916378
1901.png,H0,H1,False,0.0,1.0
1901.png,H0,H2,False,0.0,1.0
1901.png,H1,H2,True,0.0,1.0
1902.png,H0,H1,False,0.000963576569993907,0.9772727272727273
1902.png,H0,H2,False,0.000963576569993907,0.9772727272727273
1902.png,H1,H2,True,0.0,1.0
1910.png,H0,H1,False,0.0,1.0
1910.png,H0,H2,False,0.001858361599342162,0.9166666666666666
1910.png,H1,H2,False,0.001858361599342162,0.9166666666666666
1911.png,H0,H1,False,0.0,1.0
1911.png,H0,H2,False,0.0,1.0
1911.png,H1,H2,True,0.0,1.0
1917.png,H0,H1,False,0.0005711038027890192,0.9555555555555556
1917.png,H0,H2,False,0.0014219584043944078,0.8444444444444444
1917.png,H1,H2,False,0.001993062207183427,0.8837209302325582
1933.png,H0,H1,False,0.2368702628243901,0.8339964633068081
1933.png,H0,H2,False,0.2222331741038545,0.7376215738284704
1933.png,H1,H2,False,0.014637088720535596,0.8844420885237212
1941.png,H0,H1,False,0.0,1.0
1941.png,H0,H2,False,0.02475642469577166,0.8653846153846154
1941.png,H1,H2,False,0.02475642469577166,0.8653846153846154
1949.png,H0,H1,False,0.013097836271680596,0.9682539682539683
1949.png,H0,H2,False,7.745863402786046e-05,0.9795918367346939
1949.png,H1,H2,False,0.013175294905708457,0.9484936831875608
1950.png,H0,H1,False,0.0,1.0
1950.png,H0,H2,False,0.0002531645569621155,0.9333333333333333
1950.png,H1,H2,False,0.0002531645569621155,0.9333333333333333
1951.png,H0,H1,False,0.0,1.0
1951.png,H0,H2,False,0.0001266697014615792,0.9333333333333333
1951.png,H1,H2,False,0.0001266697014615792,0.9333333333333333
1955.png,H0,H1,False,0.0,1.0
1955.png,H0,H2,False,0.03288543140028288,0.9353448275862069
1955.png,H1,H2,False,0.03288543140028288,0.9353448275862069
1957.png,H0,H1,False,0.0,1.0
1957.png,H0,H2,False,0.0,1.0
1957.png,H1,H2,True,0.0,1.0
1978.png,H0,H1,False,0.0019591106103376,0.984375
1978.png,H0,H2,False,0.0019591106103376,0.984375
1978.png,H1,H2,True,0.0,1.0
198.png,H0,H1,False,0.00034666417463236066,0.9444444444444444
198.png,H0,H2,False,0.00034666417463236066,0.9444444444444444
198.png,H1,H2,True,0.0,1.0
1981.png,H0,H1,False,0.0,1.0
1981.png,H0,H2,False,0.005106743455364993,0.8055555555555556
1981.png,H1,H2,False,0.005106743455364993,0.8055555555555556
1984.png,H0,H1,False,0.0,1.0
1984.png,H0,H2,False,0.0,1.0
1984.png,H1,H2,False,0.0,1.0
1986.png,H0,H1,False,0.0,1.0
1986.png,H0,H2,False,0.0012030566554300792,0.96875
1986.png,H1,H2,False,0.0012030566554300792,0.96875
1988.png,H0,H1,False,0.0,1.0
1988.png,H0,H2,False,0.0,1.0
1988.png,H1,H2,True,0.0,1.0
2002.png,H0,H1,False,0.0,1.0
2002.png,H0,H2,False,0.0,1.0
2002.png,H1,H2,True,0.0,1.0
2003.png,H0,H1,False,0.015941459224387722,0.9606237816764133
2003.png,H0,H2,False,0.06883621433550524,0.5227272727272727
2003.png,H1,H2,False,0.05289475511111752,0.5021442495126706
2006.png,H0,H1,False,0.007961201708169385,0.9619883040935673
2006.png,H0,H2,False,0.007274424694657555,0.8922033898305085
2006.png,H1,H2,False,0.0006867770135118301,0.9274576271186441
2007.png,H0,H1,False,0.0,1.0
2007.png,H0,H2,False,0.005010308100367844,0.9583333333333334
2007.png,H1,H2,False,0.005010308100367844,0.9583333333333334
2008.png,H0,H1,False,0.0,1.0
2008.png,H0,H2,False,0.01127326768945558,0.9437737150741635
2008.png,H1,H2,False,0.01127326768945558,0.9437737150741635
2009.png,H0,H1,False,0.0,1.0
2009.png,H0,H2,False,0.028525074666017836,0.9332980412916887
2009.png,H1,H2,False,0.028525074666017836,0.9332980412916887
2014.png,H0,H1,False,0.006843257955129078,0.9337474120082816
2014.png,H0,H2,False,0.018582077130902874,0.8971704623878537
2014.png,H1,H2,False,0.011738819175773796,0.9608277900960828
2026.png,H0,H1,False,0.0,1.0
2026.png,H0,H2,False,0.0,1.0
2026.png,H1,H2,True,0.0,1.0
2029.png,H0,H1,False,0.0,1.0
2029.png,H0,H2,False,0.047595290030431725,0.908203125
2029.png,H1,H2,False,0.047595290030431725,0.908203125
2031.png,H0,H1,False,0.015052151516904755,0.91005291005291
2031.png,H0,H2,False,0.03131942425836942,0.8863636363636364
2031.png,H1,H2,False,0.016267272741464667,0.8853820598006644
2039.png,H0,H1,False,2.078830709473234e-05,0.9803921568627451
2039.png,H0,H2,False,2.078830709473234e-05,0.9803921568627451
2039.png,H1,H2,True,0.0,1.0
2055.png,H0,H1,False,0.0,1.0
2055.png,H0,H2,False,0.01529266041982491,0.9787234042553191
2055.png,H1,H2,False,0.01529266041982491,0.9787234042553191
2062.png,H0,H1,False,0.0,1.0
2062.png,H0,H2,False,0.0,1.0
2062.png,H1,H2,True,0.0,1.0
2064.png,H0,H1,False,0.0009192430374649341,0.96875
2064.png,H0,H2,False,0.0009192430374649341,0.96875
2064.png,H1,H2,False,0.0,1.0
2065.png,H0,H1,False,0.0,1.0
2065.png,H0,H2,False,0.0,1.0
2065.png,H1,H2,True,0.0,1.0
2066.png,H0,H1,False,0.0016538940946251302,0.95
2066.png,H0,H2,False,0.0016538940946251302,0.95
2066.png,H1,H2,False,0.0,1.0
2075.png,H0,H1,False,0.017070772581634808,0.8043478260869565
2075.png,H0,H2,False,0.017070772581634808,0.8043478260869565
2075.png,H1,H2,True,0.0,1.0
2076.png,H0,H1,False,0.44760741409527854,0.3444022770398482
2076.png,H0,H2,False,0.44760741409527854,0.3444022770398482
2076.png,H1,H2,True,0.0,1.0
2082.png,H0,H1,False,0.02211137589389356,0.9777777777777777
2082.png,H0,H2,False,0.02211137589389356,0.9777777777777777
2082.png,H1,H2,False,0.0,1.0
2108.png,H0,H1,False,0.002652026647644523,0.9821428571428571
2108.png,H0,H2,False,0.002652026647644523,0.9821428571428571
2108.png,H1,H2,True,0.0,1.0
211.png,H0,H1,False,0.047304409532790026,0.9672131147540983
211.png,H0,H2,False,0.0218552308221458,0.968220890856994
211.png,H1,H2,False,0.025449178710644227,0.968220890856994
2110.png,H0,H1,False,0.0004176423279218522,0.975609756097561
2110.png,H0,H2,False,0.0004176423279218522,0.975609756097561
2110.png,H1,H2,True,0.0,1.0
2118.png,H0,H1,False,0.0,1.0
2118.png,H0,H2,False,0.0,1.0
2118.png,H1,H2,True,0.0,1.0
2127.png,H0,H1,False,0.007133643174398879,0.9743589743589743
2127.png,H0,H2,False,0.08311096899395756,0.95
2127.png,H1,H2,False,0.07597732581955868,0.925
2136.png,H0,H1,False,0.003948623059221057,0.9782608695652174
2136.png,H0,H2,False,0.0008303024827475136,0.9627329192546584
2136.png,H1,H2,False,0.0031183205764735433,0.9841269841269841
2137.png,H0,H1,False,0.0,1.0
2137.png,H0,H2,False,0.011366065385184365,0.9375
2137.png,H1,H2,False,0.011366065385184365,0.9375
2148.png,H0,H1,False,0.0002596457458354795,0.9655172413793104
2148.png,H0,H2,False,0.0,1.0
2148.png,H1,H2,False,0.0002596457458354795,0.9655172413793104
217.png,H0,H1,False,0.0012731762253379575,0.9838709677419355
217.png,H0,H2,False,0.0012731762253379575,0.9838709677419355
217.png,H1,H2,True,0.0,1.0
2170.png,H0,H1,False,0.0,1.0
2170.png,H0,H2,False,0.002541869555725773,0.8770161290322581
2170.png,H1,H2,False,0.002541869555725773,0.8770161290322581
2176.png,H0,H1,False,0.0,1.0
2176.png,H0,H2,False,0.03705894200747406,0.9333333333333333
2176.png,H1,H2,False,0.03705894200747406,0.9333333333333333
2178.png,H0,H1,False,0.0005980529817506408,0.9375
2178.png,H0,H2,False,0.0005980529817506408,0.9375
2178.png,H1,H2,True,0.0,1.0
2182.png,H0,H1,False,0.0,1.0
2182.png,H0,H2,False,0.0,1.0
2182.png,H1,H2,True,0.0,1.0
2188.png,H0,H1,False,9.138597060698306e-05,0.9777777777777777
2188.png,H0,H2,False,9.138597060698306e-05,0.9777777777777777
2188.png,H1,H2,True,0.0,1.0
2208.png,H0,H1,False,0.015733643096746963,0.9733333333333334
2208.png,H0,H2,False,0.02764192441088964,0.9452054794520548
2208.png,H1,H2,False,0.0433755675076366,0.92
2211.png,H0,H1,False,0.025576005963363846,0.9787234042553191
2211.png,H0,H2,False,0.03790149541854537,0.9183673469387755
2211.png,H1,H2,False,0.06347750138190922,0.8996088657105606
2213.png,H0,H1,False,0.0008878084764890591,0.8853809196980096
2213.png,H0,H2,False,0.0006743615690471838,0.0
2213.png,H1,H2,False,0.00021344690744187528,0.0
2214.png,H0,H1,False,0.0,1.0
2214.png,H0,H2,False,0.0,1.0
2214.png,H1,H2,True,0.0,1.0
2221.png,H0,H1,False,0.0010339415308017186,0.9705882352941176
2221.png,H0,H2,False,0.006822668750251837,0.927478376580173
2221.png,H1,H2,False,0.005788727219450118,0.9013990672884743
2226.png,H0,H1,False,6.52298902060755e-05,0.9761904761904762
2226.png,H0,H2,False,0.0004750757159182051,0.9534883720930233
2226.png,H1,H2,False,0.0004098458257121296,0.9761904761904762
2227.png,H0,H1,False,0.003722915603549204,0.9545454545454546
2227.png,H0,H2,False,0.025337200309883512,0.8456659619450317
2227.png,H1,H2,False,0.021614284706334308,0.8859357696566998
223.png,H0,H1,False,7.10124092829778e-05,0.9188220230473751
223.png,H0,H2,False,0.002320266682999117,0.6754518072289156
223.png,H1,H2,False,0.002391279092282095,0.7351280120481928
2237.png,H0,H1,False,0.0170970359410052,0.9696969696969697
2237.png,H0,H2,False,0.0170970359410052,0.9696969696969697
2237.png,H1,H2,True,0.0,1.0
2241.png,H0,H1,False,0.01140058024354651,0.9406575781876504
2241.png,H0,H2,False,0.01140058024354651,0.9406575781876504
2241.png,H1,H2,True,0.0,1.0
2244.png,H0,H1,False,0.05470087579893412,0.9088669950738916
2244.png,H0,H2,False,0.05470087579893412,0.9088669950738916
2244.png,H1,H2,True,0.0,1.0
2245.png,H0,H1,False,0.04954736891426015,0.9344444444444444
2245.png,H0,H2,False,0.005111378546054257,0.9666666666666667
2245.png,H1,H2,False,0.04443599036820589,0.9666666666666667
2246.png,H0,H1,False,0.0,1.0
2246.png,H0,H2,False,0.0,1.0
2246.png,H1,H2,False,0.0,1.0
2248.png,H0,H1,False,0.001359213973058715,0.9307862679955703
2248.png,H0,H2,False,0.001359213973058715,0.9307862679955703
2248.png,H1,H2,False,0.0,1.0
2259.png,H0,H1,False,0.00039523320557166564,0.9289902280130293
2259.png,H0,H2,False,0.00039523320557166564,0.9289902280130293
2259.png,H1,H2,True,0.0,1.0
2272.png,H0,H1,False,0.00845466966614683,0.9814814814814815
2272.png,H0,H2,False,0.048923294961672914,0.8703703703703703
2272.png,H1,H2,False,0.040468625295526084,0.8867924528301887
2277.png,H0,H1,False,0.001415173958214333,0.9782608695652174
2277.png,H0,H2,False,0.001415173958214333,0.9782608695652174
2277.png,H1,H2,True,0.0,1.0
2278.png,H0,H1,False,0.0,1.0
2278.png,H0,H2,False,0.0,1.0
2278.png,H1,H2,True,0.0,1.0
228.png,H0,H1,False,0.00043985860817952194,0.9464285714285714
228.png,H0,H2,False,0.027570934862111596,0.5454545454545454
228.png,H1,H2,False,0.028010793470291118,0.5763293310463122
2293.png,H0,H1,False,0.019930096669263597,0.9245283018867925
2293.png,H0,H2,False,0.019930096669263597,0.9245283018867925
2293.png,H1,H2,True,0.0,1.0
2326.png,H0,H1,False,0.07281015982178418,0.8630952380952381
2326.png,H0,H2,False,0.07281015982178418,0.8630952380952381
2326.png,H1,H2,True,0.0,1.0
233.png,H0,H1,False,0.0,1.0
233.png,H0,H2,False,7.204404217531213e-05,0.9464090411957711
233.png,H1,H2,False,7.204404217531213e-05,0.9464090411957711
234.png,H0,H1,False,0.0026845975707141534,0.9390243902439024
234.png,H0,H2,False,0.005581096030229493,0.8790737564322469
234.png,H1,H2,False,0.008265693600943647,0.8254716981132075
2344.png,H0,H1,False,0.0001332104220377328,0.9875
2344.png,H0,H2,False,0.0775359555880657,0.6170886075949367
2344.png,H1,H2,False,0.07740274516602796,0.609375
2353.png,H0,H1,False,0.0030427210369244895,0.9772727272727273
2353.png,H0,H2,False,0.0030427210369244895,0.9772727272727273
2353.png,H1,H2,True,0.0,1.0
2364.png,H0,H1,False,0.0007813485370290474,0.975
2364.png,H0,H2,False,0.00120502182814064,0.9172413793103448
2364.png,H1,H2,False,0.0004236732911115926,0.9407603890362511
238.png,H0,H1,False,0.013461043181790311,0.9782608695652174
238.png,H0,H2,False,0.013461043181790311,0.9782608695652174
238.png,H1,H2,False,0.0,1.0
2384.png,H0,H1,False,0.0,1.0
2384.png,H0,H2,False,0.0,1.0
2384.png,H1,H2,False,0.0,1.0
2386.png,H0,H1,False,0.0,1.0
2386.png,H0,H2,False,0.0,1.0
2386.png,H1,H2,True,0.0,1.0
2388.png,H0,H1,False,0.03762629805997075,0.9475319295823266
2388.png,H0,H2,False,0.00885694239642576,0.9206349206349206
2388.png,H1,H2,False,0.028769355663544993,0.9309256661991585
2389.png,H0,H1,False,0.00013291684858274255,0.9538291401714127
2389.png,H0,H2,False,0.21759521537356163,0.37351778656126483
2389.png,H1,H2,False,0.21772813222214438,0.3753191489361702
2392.png,H0,H1,False,0.0,1.0
2392.png,H0,H2,False,0.0,1.0
2392.png,H1,H2,True,0.0,1.0
2395.png,H0,H1,False,0.023334780656888543,0.9150326797385621
2395.png,H0,H2,False,0.024775163151290802,0.8375350140056023
2395.png,H1,H2,False,0.0014403824944022592,0.9153061224489796
2399.png,H0,H1,False,0.04348087748296514,0.9098039215686274
2399.png,H0,H2,False,0.04348087748296514,0.9098039215686274
2399.png,H1,H2,True,0.0,1.0
2400.png,H0,H1,False,0.012183195180780704,0.9373275522270398
2400.png,H0,H2,False,0.014410511959151107,0.910524241229799
2400.png,H1,H2,False,0.002227316778370403,0.9268392930538429
2401.png,H0,H1,False,0.057571015342958776,0.9343715239154616
2401.png,H0,H2,False,0.057571015342958776,0.9343715239154616
2401.png,H1,H2,True,0.0,1.0
2406.png,H0,H1,False,0.0003121411669302354,0.9787234042553191
2406.png,H0,H2,False,0.00020433877699144176,0.9465277777777777
2406.png,H1,H2,False,0.0005164799439216772,0.9263888888888889
2423.png,H0,H1,False,0.0,1.0
2423.png,H0,H2,False,0.05083691819992331,0.9192006950477846
2423.png,H1,H2,False,0.05083691819992331,0.9192006950477846
2424.png,H0,H1,False,0.011781101014811002,0.9591836734693877
2424.png,H0,H2,False,0.011781101014811002,0.9591836734693877
2424.png,H1,H2,True,0.0,1.0
2430.png,H0,H1,False,0.004397061675623037,0.9140096618357488
2430.png,H0,H2,False,0.005043849178639315,0.8521739130434782
2430.png,H1,H2,False,0.0006467875030162773,0.9323467230443975
2442.png,H0,H1,False,0.0031494567781515936,0.9531772575250836
2442.png,H0,H2,False,0.0031494567781515936,0.9531772575250836
2442.png,H1,H2,False,0.0,1.0
2459.png,H0,H1,False,0.0024171722198387258,0.9848484848484849
2459.png,H0,H2,False,0.011534843803086114,0.9211030256606664
2459.png,H1,H2,False,0.01395201602292484,0.9350699844479005
246.png,H0,H1,False,0.0,1.0
246.png,H0,H2,False,0.0,1.0
246.png,H1,H2,True,0.0,1.0
2472.png,H0,H1,False,0.0004914359869953033,0.975609756097561
2472.png,H0,H2,False,0.0008104929926787685,0.8842224744608399
2472.png,H1,H2,False,0.0003190570056834652,0.8636363636363636
2474.png,H0,H1,False,0.0014873168734972353,0.9543230016313213
2474.png,H0,H2,False,0.01270106868248777,0.7405555555555555
2474.png,H1,H2,False,0.011213751808990535,0.7430323299888517
2486.png,H0,H1,False,0.009981519486995993,0.9328042328042329
2486.png,H0,H2,False,0.005848272545518229,0.9139676113360324
2486.png,H1,H2,False,0.015829792032514223,0.9318181818181818
2489.png,H0,H1,False,0.0796827707883524,0.5971826527382083
2489.png,H0,H2,False,0.026322071128301983,0.7792207792207793
2489.png,H1,H2,False,0.053360699660050415,0.46533713200379867
25.png,H0,H1,False,0.0008831640281518061,0.9791666666666666
25.png,H0,H2,False,0.0008831640281518061,0.9791666666666666
25.png,H1,H2,True,0.0,1.0
2503.png,H0,H1,False,0.03596358381436082,0.975
2503.png,H0,H2,False,0.03596358381436082,0.975
2503.png,H1,H2,True,0.0,1.0
2504.png,H0,H1,False,0.055245389552844304,0.9072426937738246
2504.png,H0,H2,False,0.05205011727950204,0.6653225806451613
2504.png,H1,H2,False,0.0031952722733422645,0.6316244239631337
2511.png,H0,H1,False,0.12692955276364448,0.8637037037037038
2511.png,H0,H2,False,0.12692955276364448,0.8637037037037038
2511.png,H1,H2,True,0.0,1.0
2520.png,H0,H1,False,0.005072497484519323,0.9382716049382716
2520.png,H0,H2,False,0.005072497484519323,0.9382716049382716
2520.png,H1,H2,True,0.0,1.0
2522.png,H0,H1,False,3.443332325481219e-05,0.9777777777777777
2522.png,H0,H2,False,3.443332325481219e-05,0.9777777777777777
2522.png,H1,H2,True,0.0,1.0
2523.png,H0,H1,False,0.0,1.0
2523.png,H0,H2,False,0.0004485535901717075,0.9089989888776542
2523.png,H1,H2,False,0.0004485535901717075,0.9089989888776542
2532.png,H0,H1,False,0.0560342886800268,0.816
2532.png,H0,H2,False,0.17243908115255968,0.6807272727272727
2532.png,H1,H2,False,0.11640479247253288,0.8342245989304813
2533.png,H0,H1,False,0.00789714000531938,0.9395050412465628
2533.png,H0,H2,False,0.009541954541367859,0.9358974358974359
2533.png,H1,H2,False,0.0016448145360484778,0.9501587301587302
2537.png,H0,H1,False,0.02504464812706353,0.9244314013206163
2537.png,H0,H2,False,0.10332879984981869,0.905823148813803
2537.png,H1,H2,False,0.07828415172275516,0.9782608695652174
2542.png,H0,H1,False,3.392324063355989e-05,0.9610983981693364
2542.png,H0,H2,False,3.392324063355989e-05,0.9610983981693364
2542.png,H1,H2,True,0.0,1.0
2545.png,H0,H1,False,0.0007343112659212725,0.9444444444444444
2545.png,H0,H2,False,0.0007343112659212725,0.9444444444444444
2545.png,H1,H2,True,0.0,1.0
2555.png,H0,H1,False,0.0,0.9607843137254902
2555.png,H0,H2,False,0.12965257471378303,0.00451913571529445
2555.png,H1,H2,False,0.12965257471378303,0.0045603534273906225
2556.png,H0,H1,False,0.004587463134396841,0.9552845528455285
2556.png,H0,H2,False,0.005510433436013096,0.907520325203252
2556.png,H1,H2,False,0.0009229703016162549,0.95
2557.png,H0,H1,False,0.001193532559930599,0.9579606440071556
2557.png,H0,H2,False,0.001193532559930599,0.9579606440071556
2557.png,H1,H2,True,0.0,1.0
256.png,H0,H1,False,3.0527343892194914e-05,0.9473684210526315
256.png,H0,H2,False,3.0527343892194914e-05,0.9473684210526315
256.png,H1,H2,True,0.0,1.0
2565.png,H0,H1,False,0.0031917603147585405,0.9761904761904762
2565.png,H0,H2,False,0.0031917603147585405,0.9761904761904762
2565.png,H1,H2,True,0.0,1.0
2575.png,H0,H1,False,0.0,1.0
2575.png,H0,H2,False,0.002431432232788744,0.9833333333333333
2575.png,H1,H2,False,0.002431432232788744,0.9833333333333333
2577.png,H0,H1,False,0.001220015271647612,0.9772727272727273
2577.png,H0,H2,False,0.015553653998050199,0.9120992761116856
2577.png,H1,H2,False,0.014333638726402587,0.9338159255429163
2581.png,H0,H1,False,0.027162688171505578,0.9510086455331412
2581.png,H0,H2,False,0.027162688171505578,0.9510086455331412
2581.png,H1,H2,True,0.0,1.0
2582.png,H0,H1,False,0.007426803652315628,0.98
2582.png,H0,H2,False,0.007426803652315628,0.98
2582.png,H1,H2,True,0.0,1.0
2589.png,H0,H1,False,0.09743284431692445,0.9767441860465116
2589.png,H0,H2,False,0.19147936968162493,0.9534883720930233
2589.png,H1,H2,False,0.09404652536470048,0.9761904761904762
2590.png,H0,H1,False,0.0,1.0
2590.png,H0,H2,False,0.0,1.0
2590.png,H1,H2,True,0.0,1.0
2591.png,H0,H1,False,0.04951877240298608,0.9629629629629629
2591.png,H0,H2,False,0.04951877240298608,0.9629629629629629
2591.png,H1,H2,True,0.0,1.0
2592.png,H0,H1,False,0.0,1.0
2592.png,H0,H2,False,0.0,1.0
2592.png,H1,H2,True,0.0,1.0
2593.png,H0,H1,False,0.0027577430614091902,0.9544468546637744
2593.png,H0,H2,False,0.0027577430614091902,0.9544468546637744
2593.png,H1,H2,True,0.0,1.0
2594.png,H0,H1,False,0.0,1.0
2594.png,H0,H2,False,0.01118982282342329,0.8321325648414986
2594.png,H1,H2,False,0.01118982282342329,0.8321325648414986
2602.png,H0,H1,False,0.0,1.0
2602.png,H0,H2,False,0.0,1.0
2602.png,H1,H2,True,0.0,1.0
2605.png,H0,H1,False,0.007666430535909319,0.9
2605.png,H0,H2,False,0.0033567798581417008,0.9310344827586207
2605.png,H1,H2,False,0.004309650677767618,0.9666666666666667
2608.png,H0,H1,False,0.0,1.0
2608.png,H0,H2,False,0.0,1.0
2608.png,H1,H2,True,0.0,1.0
2609.png,H0,H1,False,0.00728330008497069,0.9642857142857143
2609.png,H0,H2,False,0.515034929055715,0.5479082321187584
2609.png,H1,H2,False,0.5223182291406857,0.52834008097166
262.png,H0,H1,False,0.0,1.0
262.png,H0,H2,False,0.0003309286789940913,0.9443137254901961
262.png,H1,H2,False,0.0003309286789940913,0.9443137254901961
2623.png,H0,H1,False,0.0,1.0
2623.png,H0,H2,False,0.0,1.0
2623.png,H1,H2,True,0.0,1.0
263.png,H0,H1,False,0.0018204930589887924,0.8908432488360062
263.png,H0,H2,False,0.0018204930589887924,0.8908432488360062
263.png,H1,H2,True,0.0,1.0
2656.png,H0,H1,False,0.008562401400650343,0.9583333333333334
2656.png,H0,H2,False,0.03378740602305219,0.8730964467005076
2656.png,H1,H2,False,0.042349807423702535,0.8730964467005076
2660.png,H0,H1,False,0.0,1.0
2660.png,H0,H2,False,0.0,1.0
2660.png,H1,H2,True,0.0,1.0
2680.png,H0,H1,False,0.0,1.0
2680.png,H0,H2,False,0.0,1.0
2680.png,H1,H2,True,0.0,1.0
2685.png,H0,H1,False,0.0,0.96875
2685.png,H0,H2,False,0.00038859936793744776,0.9117647058823529
2685.png,H1,H2,False,0.00038859936793744776,0.9411764705882353
2701.png,H0,H1,False,0.0003155183251235538,0.9491525423728814
2701.png,H0,H2,False,0.0003155183251235538,0.9491525423728814
2701.png,H1,H2,True,0.0,1.0
2703.png,H0,H1,False,0.019287685628085582,0.9217054263565891
2703.png,H0,H2,False,0.00047284276028680683,0.9534883720930233
2703.png,H1,H2,False,0.01976052838837239,0.9666666666666667
2705.png,H0,H1,False,0.010528739897112449,0.9544008483563097
2705.png,H0,H2,False,0.00858049803891714,0.9302325581395349
2705.png,H1,H2,False,0.0019482418581953098,0.9337044534412956
2706.png,H0,H1,False,0.0021871744244951197,0.9782608695652174
2706.png,H0,H2,False,0.0019219708664689472,0.9565217391304348
2706.png,H1,H2,False,0.00026520355802617246,0.9782608695652174
2716.png,H0,H1,False,0.03872825204457164,0.9071911493546404
2716.png,H0,H2,False,0.03872825204457164,0.9071911493546404
2716.png,H1,H2,True,0.0,1.0
2720.png,H0,H1,False,0.01967123356919731,0.7261904761904762
2720.png,H0,H2,False,0.0009776351061177024,0.8511371467953136
2720.png,H1,H2,False,0.020648868675315013,0.720620842572062
2721.png,H0,H1,False,0.003569756659630996,0.95
2721.png,H0,H2,False,0.0177849183614619,0.9337606837606838
2721.png,H1,H2,False,0.021354675021092895,0.8873826903023984
2723.png,H0,H1,False,0.0,1.0
2723.png,H0,H2,False,0.0,1.0
2723.png,H1,H2,True,0.0,1.0
2740.png,H0,H1,False,0.0,1.0
2740.png,H0,H2,False,0.0,1.0
2740.png,H1,H2,True,0.0,1.0
2752.png,H0,H1,False,0.04550311598241774,0.9344444444444444
2752.png,H0,H2,False,0.04550311598241774,0.9344444444444444
2752.png,H1,H2,True,0.0,1.0
2754.png,H0,H1,False,0.0,1.0
2754.png,H0,H2,False,0.26233714808719844,0.8939068100358423
2754.png,H1,H2,False,0.26233714808719844,0.8939068100358423
2766.png,H0,H1,False,0.009768004559273846,0.9777777777777777
2766.png,H0,H2,False,0.009768004559273846,0.9777777777777777
2766.png,H1,H2,True,0.0,1.0
2768.png,H0,H1,False,0.0025011252549971275,0.9261802575107296
2768.png,H0,H2,False,0.0025011252549971275,0.9261802575107296
2768.png,H1,H2,True,0.0,1.0
2771.png,H0,H1,False,0.0,1.0
2771.png,H0,H2,False,0.0,1.0
2771.png,H1,H2,False,0.0,1.0
2781.png,H0,H1,False,0.01891074945335325,0.9550387596899225
2781.png,H0,H2,False,0.01891074945335325,0.9550387596899225
2781.png,H1,H2,True,0.0,1.0
2782.png,H0,H1,False,0.0003238519748088864,0.9772727272727273
2782.png,H0,H2,False,0.0003238519748088864,0.9772727272727273
2782.png,H1,H2,True,0.0,1.0
2784.png,H0,H1,False,0.22442152216336772,0.9519230769230769
2784.png,H0,H2,False,0.22442152216336772,0.9519230769230769
2784.png,H1,H2,True,0.0,1.0
2787.png,H0,H1,False,0.009258251932282802,0.9807692307692307
2787.png,H0,H2,False,0.009258251932282802,0.9807692307692307
2787.png,H1,H2,True,0.0,1.0
2794.png,H0,H1,False,0.0,1.0
2794.png,H0,H2,False,0.0,1.0
2794.png,H1,H2,True,0.0,1.0
28.png,H0,H1,False,0.0,1.0
28.png,H0,H2,False,0.0,1.0
28.png,H1,H2,True,0.0,1.0
2801.png,H0,H1,False,0.0,1.0
2801.png,H0,H2,False,0.00167788116218609,0.917094017094017
2801.png,H1,H2,False,0.00167788116218609,0.917094017094017
2807.png,H0,H1,False,0.0006607704734380437,0.9531163816878102
2807.png,H0,H2,False,0.0006607704734380437,0.9531163816878102
2807.png,H1,H2,True,0.0,1.0
2810.png,H0,H1,False,0.0,1.0
2810.png,H0,H2,False,0.0,1.0
2810.png,H1,H2,True,0.0,1.0
2816.png,H0,H1,False,0.0,0.8258928571428571
2816.png,H0,H2,False,0.0,0.8035714285714286
2816.png,H1,H2,False,0.0,0.972972972972973
2825.png,H0,H1,False,0.0,0.9666666666666667
2825.png,H0,H2,False,0.0,0.9666666666666667
2825.png,H1,H2,True,0.0,1.0
2827.png,H0,H1,False,0.0,1.0
2827.png,H0,H2,False,0.0,1.0
2827.png,H1,H2,True,0.0,1.0
2835.png,H0,H1,False,0.0,1.0
2835.png,H0,H2,False,0.09035938691274292,0.5878378378378378
2835.png,H1,H2,False,0.09035938691274292,0.5878378378378378
284.png,H0,H1,False,0.0,1.0
284.png,H0,H2,False,0.0,1.0
284.png,H1,H2,False,0.0,1.0
2846.png,H0,H1,False,0.0009640077389178048,0.96875
2846.png,H0,H2,False,0.0009640077389178048,0.96875
2846.png,H1,H2,True,0.0,1.0
2866.png,H0,H1,False,0.0060335114426141034,0.9121367521367522
2866.png,H0,H2,False,0.0060335114426141034,0.9121367521367522
2866.png,H1,H2,True,0.0,1.0
2871.png,H0,H1,False,0.001285184967904529,0.9777777777777777
2871.png,H0,H2,False,0.001285184967904529,0.9777777777777777
2871.png,H1,H2,True,0.0,1.0
2875.png,H0,H1,False,0.0,1.0
2875.png,H0,H2,False,0.001815898777299707,0.8379310344827586
2875.png,H1,H2,False,0.001815898777299707,0.8379310344827586
2877.png,H0,H1,False,0.0,1.0
2877.png,H0,H2,False,0.003401661524784161,0.9567723342939481
2877.png,H1,H2,False,0.003401661524784161,0.9567723342939481
2878.png,H0,H1,False,8.156149748339558e-05,0.9366130558183539
2878.png,H0,H2,False,8.156149748339558e-05,0.9366130558183539
2878.png,H1,H2,True,0.0,1.0
2882.png,H0,H1,False,0.11000809129209554,0.7989130434782609
2882.png,H0,H2,False,0.11000809129209554,0.7989130434782609
2882.png,H1,H2,True,0.0,1.0
2883.png,H0,H1,False,0.0007014873769154439,0.9795918367346939
2883.png,H0,H2,False,0.0007014873769154439,0.9795918367346939
2883.png,H1,H2,True,0.0,1.0
2884.png,H0,H1,False,0.0031163844680449637,0.907258064516129
2884.png,H0,H2,False,0.0031163844680449637,0.907258064516129
2884.png,H1,H2,True,0.0,1.0
2885.png,H0,H1,False,0.07512040497899447,0.9204545454545454
2885.png,H0,H2,False,0.3372489431895373,0.4799612152553329
2885.png,H1,H2,False,0.2621285382105428,0.5124223602484472
2886.png,H0,H1,False,0.006245034643513003,0.9836065573770492
2886.png,H0,H2,False,0.04282504278417465,0.893037336024218
2886.png,H1,H2,False,0.04907007742768765,0.8787878787878788
2891.png,H0,H1,False,0.00011617067706315432,0.9696969696969697
2891.png,H0,H2,False,0.0007352008941908794,0.9290322580645162
2891.png,H1,H2,False,0.0008513715712540337,0.9574468085106383
2895.png,H0,H1,False,0.0,1.0
2895.png,H0,H2,False,0.0,1.0
2895.png,H1,H2,False,0.0,1.0
2897.png,H0,H1,False,0.00019088997676119934,0.9384404924760602
2897.png,H0,H2,False,0.0006222184463509084,0.8974008207934336
2897.png,H1,H2,False,0.0008131084231121077,0.956268221574344
2898.png,H0,H1,False,0.0007139145052579288,0.9565217391304348
2898.png,H0,H2,False,0.0007139145052579288,0.9565217391304348
2898.png,H1,H2,True,0.0,1.0
2910.png,H0,H1,False,0.0,0.9672131147540983
2910.png,H0,H2,False,0.0,0.5559515324305061
2910.png,H1,H2,False,0.0,0.5747973470891673
2912.png,H0,H1,False,5.078377815825874e-05,0.9833333333333333
2912.png,H0,H2,False,0.19391856271281804,0.23040254237288135
2912.png,H1,H2,False,0.1939693464909763,0.2265625
2916.png,H0,H1,False,0.0,1.0
2916.png,H0,H2,False,0.0,1.0
2916.png,H1,H2,True,0.0,1.0
2920.png,H0,H1,False,0.03408833723850602,0.9615528182157521
2920.png,H0,H2,False,0.0028067435574762323,0.9827586206896551
2920.png,H1,H2,False,0.03689508079598225,0.9449743213499633
2924.png,H0,H1,False,0.029165001428364867,0.9158186864014801
2924.png,H0,H2,False,0.026577650521048657,0.9357277882797732
2924.png,H1,H2,False,0.0025873509073162104,0.9787234042553191
2927.png,H0,H1,False,0.00129160072880119,0.9736842105263158
2927.png,H0,H2,False,0.025420637605439667,0.8756281407035176
2927.png,H1,H2,False,0.024129036876638477,0.8987749838813669
2933.png,H0,H1,False,0.0,1.0
2933.png,H0,H2,False,0.00705692113814127,0.975609756097561
2933.png,H1,H2,False,0.00705692113814127,0.975609756097561
2940.png,H0,H1,False,0.005074933313884283,0.8976063829787234
2940.png,H0,H2,False,0.005074933313884283,0.8976063829787234
2940.png,H1,H2,True,0.0,1.0
2941.png,H0,H1,False,0.0005160611144947591,0.9757638072855465
2941.png,H0,H2,False,0.0005160611144947591,0.9757638072855465
2941.png,H1,H2,True,0.0,1.0
2943.png,H0,H1,False,0.0005557941254238363,0.9795918367346939
2943.png,H0,H2,False,0.00410342682958198,0.9183673469387755
2943.png,H1,H2,False,0.004659220955005816,0.9375
2947.png,H0,H1,False,0.009382501800105358,0.9743589743589743
2947.png,H0,H2,False,0.009382501800105358,0.9743589743589743
2947.png,H1,H2,False,0.0,1.0
2951.png,H0,H1,False,0.0,1.0
2951.png,H0,H2,False,0.011914824783134992,0.967741935483871
2951.png,H1,H2,False,0.011914824783134992,0.967741935483871
2955.png,H0,H1,False,0.003919586229124028,0.8918918918918919
2955.png,H0,H2,False,0.003919586229124028,0.8918918918918919
2955.png,H1,H2,False,0.0,1.0
2957.png,H0,H1,False,0.02108467583728102,0.9337779895188185
2957.png,H0,H2,False,0.02108467583728102,0.9337779895188185
2957.png,H1,H2,True,0.0,1.0
2958.png,H0,H1,False,0.0,1.0
2958.png,H0,H2,False,0.0018670707287793409,0.9578995020371208
2958.png,H1,H2,False,0.0018670707287793409,0.9578995020371208
2959.png,H0,H1,False,0.0,1.0
2959.png,H0,H2,False,0.0,1.0
2959.png,H1,H2,True,0.0,1.0
296.png,H0,H1,False,0.1385260746404966,0.9005847953216374
296.png,H0,H2,False,0.1385260746404966,0.9005847953216374
296.png,H1,H2,True,0.0,1.0
2961.png,H0,H1,False,0.0016831710074693973,0.9772727272727273
2961.png,H0,H2,False,0.018807639237209517,0.9318181818181818
2961.png,H1,H2,False,0.020490810244678914,0.9545454545454546
2968.png,H0,H1,False,0.0006410057934239655,0.9014799154334038
2968.png,H0,H2,False,0.0006410057934239655,0.9014799154334038
2968.png,H1,H2,True,0.0,1.0
2969.png,H0,H1,False,0.026428120430679214,0.8928571428571429
2969.png,H0,H2,False,0.07157746285085298,0.6592203241349102
2969.png,H1,H2,False,0.045149342420173766,0.7366617719040627
2977.png,H0,H1,False,0.0,1.0
2977.png,H0,H2,False,0.0,1.0
2977.png,H1,H2,True,0.0,1.0
2978.png,H0,H1,False,0.001353633131884191,0.972972972972973
2978.png,H0,H2,False,0.001353633131884191,0.972972972972973
2978.png,H1,H2,False,0.0,1.0
2979.png,H0,H1,False,0.0,1.0
2979.png,H0,H2,False,0.0021112955356351604,0.9
2979.png,H1,H2,False,0.0021112955356351604,0.9
2980.png,H0,H1,False,0.0001260237262186159,0.9655172413793104
2980.png,H0,H2,False,0.00012590485460139966,0.9443137254901961
2980.png,H1,H2,False,0.00025192858082001557,0.9772727272727273
2981.png,H0,H1,False,0.000396444893753789,0.967741935483871
2981.png,H0,H2,False,0.000396444893753789,0.967741935483871
2981.png,H1,H2,False,0.0,1.0
2982.png,H0,H1,False,0.9040152963671129,0.9333333333333333
2982.png,H0,H2,False,0.028181211956070262,0.9526041666666667
2982.png,H1,H2,False,0.9321965083231831,0.9209549071618037
2984.png,H0,H1,False,0.001944215308347652,0.96875
2984.png,H0,H2,False,0.001944215308347652,0.96875
2984.png,H1,H2,True,0.0,1.0
2990.png,H0,H1,False,0.002576376641668543,0.9534883720930233
2990.png,H0,H2,False,0.17588023822479215,0.8710622710622711
2990.png,H1,H2,False,0.1733038615831236,0.9135531135531135
2991.png,H0,H1,False,0.00016274268890803523,0.9411764705882353
2991.png,H0,H2,False,0.0003653412702938619,0.9852941176470589
2991.png,H1,H2,False,0.00020259858138582665,0.9558823529411765
3001.png,H0,H1,False,0.0,1.0
3001.png,H0,H2,False,0.0022641046124568564,0.96875
3001.png,H1,H2,False,0.0022641046124568564,0.96875
3008.png,H0,H1,False,0.00014325151273919534,0.9830508474576272
3008.png,H0,H2,False,0.024004167408217647,0.8870967741935484
3008.png,H1,H2,False,0.02386091589547845,0.9027237354085603
3015.png,H0,H1,False,2.155162387762477e-05,0.9160493827160494
3015.png,H0,H2,False,0.0015162888284633302,0.7098765432098766
3015.png,H1,H2,False,0.0014947372045857055,0.7749326145552561
3016.png,H0,H1,False,0.012599608933465789,0.9015501767745445
3016.png,H0,H2,False,0.012599608933465789,0.9015501767745445
3016.png,H1,H2,True,0.0,1.0
3018.png,H0,H1,False,0.003635305070544881,0.9333333333333333
3018.png,H0,H2,False,0.005780163332300692,0.9148936170212766
3018.png,H1,H2,False,0.002144858261755811,0.9347496206373292
3021.png,H0,H1,False,0.0,1.0
3021.png,H0,H2,False,0.0,1.0
3021.png,H1,H2,False,0.0,1.0
3031.png,H0,H1,False,0.042619673641988265,0.9418758256274768
3031.png,H0,H2,False,0.04298830373559759,0.8857142857142857
3031.png,H1,H2,False,0.0003686300936093234,0.8594449418084154
3039.png,H0,H1,False,0.7478684531059683,0.0
3039.png,H0,H2,False,0.7478684531059683,0.0
3039.png,H1,H2,False,0.0,1.0
304.png,H0,H1,False,0.011074388356937637,0.9636363636363636
304.png,H0,H2,False,0.006386285772812861,0.9642739000992392
304.png,H1,H2,False,0.017460674129750497,0.9291859695565851
3045.png,H0,H1,False,0.0008384942792265537,0.9399644760213144
3045.png,H0,H2,False,0.002340625759177928,0.811046511627907
3045.png,H1,H2,False,0.001502131479951374,0.8239202657807309
3046.png,H0,H1,False,0.09958005441303186,0.5461672473867596
3046.png,H0,H2,False,0.11371093151845624,0.4442508710801394
3046.png,H1,H2,False,0.014130877105424378,0.8133971291866029
3047.png,H0,H1,False,0.0006642953844083754,0.9402843601895735
3047.png,H0,H2,False,0.001418457574269616,0.9411764705882353
3047.png,H1,H2,False,0.0007541621898612405,0.9402573529411765
3051.png,H0,H1,False,0.0,1.0
3051.png,H0,H2,False,0.027755521384226434,0.7149643705463183
3051.png,H1,H2,False,0.027755521384226434,0.7149643705463183
3056.png,H0,H1,False,0.005170524351292227,0.832983193277311
3056.png,H0,H2,False,0.10139481560119212,0.711864406779661
3056.png,H1,H2,False,0.10656533995248435,0.7918343875790684
3063.png,H0,H1,False,0.002138521979097918,0.95
3063.png,H0,H2,False,0.0063389371292025265,0.8
3063.png,H1,H2,False,0.008477459108300445,0.8421052631578947
311.png,H0,H1,False,0.0,1.0
311.png,H0,H2,False,0.0,1.0
311.png,H1,H2,True,0.0,1.0
32.png,H0,H1,False,0.008039521535547878,0.9795918367346939
32.png,H0,H2,False,0.008039521535547878,0.9795918367346939
32.png,H1,H2,True,0.0,1.0
321.png,H0,H1,False,0.009624138791713421,0.8651026392961877
321.png,H0,H2,False,0.009624138791713421,0.8651026392961877
321.png,H1,H2,True,0.0,1.0
323.png,H0,H1,False,0.00011937296750796911,0.941991341991342
323.png,H0,H2,False,0.0,1.0
323.png,H1,H2,False,0.00011937296750796911,0.941991341991342
324.png,H0,H1,False,0.2667827240865225,0.9035202086049544
324.png,H0,H2,False,0.2637167671314149,0.9166666666666666
324.png,H1,H2,False,0.003065956955107585,0.984375
332.png,H0,H1,False,0.0,0.9215686274509803
332.png,H0,H2,False,0.009011145364002845,0.8553971486761711
332.png,H1,H2,False,0.009011145364002845,0.8496824276640791
333.png,H0,H1,False,0.0,1.0
333.png,H0,H2,False,0.0,1.0
333.png,H1,H2,True,0.0,1.0
350.png,H0,H1,False,0.0005151742225553146,0.9761904761904762
350.png,H0,H2,False,0.0011885180856743283,0.8771566597653554
350.png,H1,H2,False,0.0006733438631190136,0.8979310344827586
351.png,H0,H1,False,0.0004600874166091895,0.9736842105263158
351.png,H0,H2,False,0.0004600874166091895,0.9736842105263158
351.png,H1,H2,True,0.0,1.0
354.png,H0,H1,False,0.0021585922717006767,0.9838709677419355
354.png,H0,H2,False,0.0,1.0
354.png,H1,H2,False,0.0021585922717006767,0.9838709677419355
404.png,H0,H1,False,0.00043401698657363763,0.960691823899371
404.png,H0,H2,False,0.00043401698657363763,0.960691823899371
404.png,H1,H2,True,0.0,1.0
41.png,H0,H1,False,0.0,1.0
41.png,H0,H2,False,0.0,0.9696969696969697
41.png,H1,H2,False,0.0,0.9696969696969697
415.png,H0,H1,False,0.0023038634589330753,0.9841269841269841
415.png,H0,H2,False,0.01685910947667224,0.8962085308056872
415.png,H1,H2,False,0.014555246017739165,0.9095719095719096
429.png,H0,H1,False,0.00017270283630632655,0.9609375
429.png,H0,H2,False,0.00017270283630632655,0.9609375
429.png,H1,H2,True,0.0,1.0
442.png,H0,H1,False,0.00011738946225181568,0.9782608695652174
442.png,H0,H2,False,0.0005187024965523923,0.9787234042553191
442.png,H1,H2,False,0.00040131303430057663,0.9578898658028691
443.png,H0,H1,False,0.001037174384545425,0.990990990990991
443.png,H0,H2,False,0.001037174384545425,0.990990990990991
443.png,H1,H2,True,0.0,1.0
445.png,H0,H1,False,0.0,1.0
445.png,H0,H2,False,0.0,1.0
445.png,H1,H2,True,0.0,1.0
452.png,H0,H1,False,0.024022603207144222,0.5543836519446276
452.png,H0,H2,False,0.024022603207144222,0.5543836519446276
452.png,H1,H2,False,0.0,1.0
457.png,H0,H1,False,0.4717733831301947,0.9682539682539683
457.png,H0,H2,False,0.0010847200029805984,0.9354838709677419
457.png,H1,H2,False,0.4728581031331753,0.9074121569633239
472.png,H0,H1,False,2.991305160782165e-05,0.9412280701754386
472.png,H0,H2,False,0.00046819495995620297,0.9736842105263158
472.png,H1,H2,False,0.0004981080115640246,0.9165935030728709
473.png,H0,H1,False,0.0,1.0
473.png,H0,H2,False,0.0,1.0
473.png,H1,H2,False,0.0,1.0
475.png,H0,H1,False,3.8281312246035704e-05,0.975
475.png,H0,H2,False,3.8281312246035704e-05,0.975
475.png,H1,H2,True,0.0,1.0
482.png,H0,H1,False,0.014126578323856886,0.9432565789473685
482.png,H0,H2,False,0.014126578323856886,0.9432565789473685
482.png,H1,H2,True,0.0,1.0
483.png,H0,H1,False,0.0,1.0
483.png,H0,H2,False,0.0,1.0
483.png,H1,H2,True,0.0,1.0
484.png,H0,H1,False,0.0,1.0
484.png,H0,H2,False,0.0,1.0
484.png,H1,H2,False,0.0,1.0
486.png,H0,H1,False,0.0,1.0
486.png,H0,H2,False,0.0,1.0
486.png,H1,H2,True,0.0,1.0
494.png,H0,H1,False,0.0,1.0
494.png,H0,H2,False,0.0,1.0
494.png,H1,H2,False,0.0,1.0
500.png,H0,H1,False,0.0,1.0
500.png,H0,H2,False,0.0,1.0
500.png,H1,H2,True,0.0,1.0
506.png,H0,H1,False,0.0037071438643312415,0.9545454545454546
506.png,H0,H2,False,0.005189449697666548,0.7828947368421053
506.png,H1,H2,False,0.00889659356199779,0.7547568710359408
507.png,H0,H1,False,3.787025685375589e-06,0.9879518072289156
507.png,H0,H2,False,3.787025685375589e-06,0.9879518072289156
507.png,H1,H2,True,0.0,1.0
518.png,H0,H1,False,0.0009944423180591189,0.9318181818181818
518.png,H0,H2,False,0.0009800851990816595,0.5406976744186046
518.png,H1,H2,False,1.4357118977459393e-05,0.5802609188882587
519.png,H0,H1,False,0.0,1.0
519.png,H0,H2,False,0.0,1.0
519.png,H1,H2,False,0.0,1.0
543.png,H0,H1,False,0.0007943993758334766,0.8955223880597015
543.png,H0,H2,False,0.0007943993758334766,0.8955223880597015
543.png,H1,H2,True,0.0,1.0
55.png,H0,H1,False,0.09451838103068244,0.9117647058823529
55.png,H0,H2,False,0.06690186414277866,0.78625
55.png,H1,H2,False,0.1614202451734611,0.716875
550.png,H0,H1,False,0.0,1.0
550.png,H0,H2,False,0.0015231058396526498,0.9767441860465116
550.png,H1,H2,False,0.0015231058396526498,0.9767441860465116
551.png,H0,H1,False,0.0,1.0
551.png,H0,H2,False,0.002039184075042666,0.90625
551.png,H1,H2,False,0.002039184075042666,0.90625
558.png,H0,H1,False,0.0002645049694465218,0.9772727272727273
558.png,H0,H2,False,0.0018484142218793131,0.9431356620633631
558.png,H1,H2,False,0.0015839092524327913,0.9642857142857143
56.png,H0,H1,False,0.0,1.0
56.png,H0,H2,False,0.0010611629084689156,0.9364583333333333
56.png,H1,H2,False,0.0010611629084689156,0.9364583333333333
561.png,H0,H1,False,0.026128774427100154,0.9629629629629629
561.png,H0,H2,False,0.011835370804527456,0.9818181818181818
561.png,H1,H2,False,0.03796414523162761,0.9454545454545454
562.png,H0,H1,False,0.00033339216127892257,0.9365079365079365
562.png,H0,H2,False,0.017047199733640772,0.9627329192546584
562.png,H1,H2,False,0.017380591894919695,0.931905931905932
563.png,H0,H1,False,0.005005240376274811,0.8171912832929782
563.png,H0,H2,False,0.035021318095214915,0.7636887608069164
563.png,H1,H2,False,0.030016077718940104,0.9344073647871116
579.png,H0,H1,False,0.821656050955414,0.9666666666666667
579.png,H0,H2,False,0.821656050955414,0.9666666666666667
579.png,H1,H2,False,0.0,1.0
581.png,H0,H1,False,0.008471272468733693,0.9531772575250836
581.png,H0,H2,False,0.008471272468733693,0.9531772575250836
581.png,H1,H2,True,0.0,1.0
589.png,H0,H1,False,0.0002633307221490133,0.95
589.png,H0,H2,False,0.0002633307221490133,0.95
589.png,H1,H2,True,0.0,1.0
590.png,H0,H1,False,0.0,1.0
590.png,H0,H2,False,0.0,1.0
590.png,H1,H2,True,0.0,1.0
592.png,H0,H1,False,0.030299673910704206,0.4003228410008071
592.png,H0,H2,False,0.0064509497185580855,0.9376971608832808
592.png,H1,H2,False,0.03675062362926229,0.4072249589490969
593.png,H0,H1,False,0.00011113484989400124,0.9863013698630136
593.png,H0,H2,False,0.0004235454983406717,0.9102005231037489
593.png,H1,H2,False,0.0005346803482346729,0.9228421970357454
601.png,H0,H1,False,0.00036649105877772925,0.9722222222222222
601.png,H0,H2,False,0.00036649105877772925,0.9722222222222222
601.png,H1,H2,True,0.0,1.0
604.png,H0,H1,False,0.0006112184770810103,0.9433962264150944
604.png,H0,H2,False,0.0006112184770810103,0.9433962264150944
604.png,H1,H2,True,0.0,1.0
614.png,H0,H1,False,0.0,1.0
614.png,H0,H2,False,0.0,1.0
614.png,H1,H2,True,0.0,1.0
616.png,H0,H1,False,2.491735743115342e-05,0.9761904761904762
616.png,H0,H2,False,2.491735743115342e-05,0.9761904761904762
616.png,H1,H2,True,0.0,1.0
621.png,H0,H1,False,0.0002888897466223339,0.9767441860465116
621.png,H0,H2,False,0.00025951905187604485,0.9375968992248062
621.png,H1,H2,False,2.937069474628906e-05,0.959920634920635
623.png,H0,H1,False,0.04659942270391515,0.9593427427849168
623.png,H0,H2,False,0.012809859716133132,0.9702970297029703
623.png,H1,H2,False,0.03378956298778202,0.9690455717970765
630.png,H0,H1,False,0.0,1.0
630.png,H0,H2,False,0.020167337477558722,0.9138187221396731
630.png,H1,H2,False,0.020167337477558722,0.9138187221396731
633.png,H0,H1,False,0.0,0.944184231069477
633.png,H0,H2,False,0.0,0.944184231069477
633.png,H1,H2,True,0.0,1.0
66.png,H0,H1,False,0.0,1.0
66.png,H0,H2,False,0.004032579228659072,0.8275862068965517
66.png,H1,H2,False,0.004032579228659072,0.8275862068965517
67.png,H0,H1,False,0.00020080911970343784,0.975609756097561
67.png,H0,H2,False,0.00011324955893377009,0.9302325581395349
67.png,H1,H2,False,8.755956076966775e-05,0.9534883720930233
670.png,H0,H1,False,0.0,1.0
670.png,H0,H2,False,0.0,1.0
670.png,H1,H2,True,0.0,1.0
675.png,H0,H1,False,0.0018975545035855301,0.9604743083003953
675.png,H0,H2,False,0.0018975545035855301,0.9604743083003953
675.png,H1,H2,True,0.0,1.0
681.png,H0,H1,False,0.0013675934647533472,0.9803921568627451
681.png,H0,H2,False,0.0013675934647533472,0.9803921568627451
681.png,H1,H2,True,0.0,1.0
687.png,H0,H1,False,0.0,1.0
687.png,H0,H2,False,0.0,1.0
687.png,H1,H2,True,0.0,1.0
694.png,H0,H1,False,0.002038518251210486,0.9491525423728814
694.png,H0,H2,False,0.00713354750362849,0.864406779661017
694.png,H1,H2,False,0.005095029252418004,0.9107142857142857
695.png,H0,H1,False,0.0,1.0
695.png,H0,H2,False,0.0,1.0
695.png,H1,H2,True,0.0,1.0
7.png,H0,H1,False,0.06932333279010472,0.9428571428571428
7.png,H0,H2,False,0.06932333279010472,0.9428571428571428
7.png,H1,H2,True,0.0,1.0
70.png,H0,H1,False,0.0,1.0
70.png,H0,H2,False,0.02896373018794196,0.9118541033434651
70.png,H1,H2,False,0.02896373018794196,0.9118541033434651
712.png,H0,H1,False,0.020907658189585288,0.9736842105263158
712.png,H0,H2,False,0.02554806697421297,0.9473684210526315
712.png,H1,H2,False,0.004640408784627681,0.972972972972973
713.png,H0,H1,False,0.0,1.0
713.png,H0,H2,False,0.0,1.0
713.png,H1,H2,False,0.0,1.0
714.png,H0,H1,False,0.0,1.0
714.png,H0,H2,False,0.0,1.0
714.png,H1,H2,True,0.0,1.0
723.png,H0,H1,False,0.0,0.9565217391304348
723.png,H0,H2,False,0.0,0.9565217391304348
723.png,H1,H2,True,0.0,1.0
727.png,H0,H1,False,0.0,1.0
727.png,H0,H2,False,0.04545854425913676,0.8809370988446726
727.png,H1,H2,False,0.04545854425913676,0.8809370988446726
729.png,H0,H1,False,0.003660180161831894,0.9512195121951219
729.png,H0,H2,False,0.003660180161831894,0.9512195121951219
729.png,H1,H2,True,0.0,1.0
761.png,H0,H1,False,0.00041522471429011887,0.9696969696969697
761.png,H0,H2,False,0.00041522471429011887,0.9696969696969697
761.png,H1,H2,True,0.0,1.0
762.png,H0,H1,False,0.0008878007107514518,0.967741935483871
762.png,H0,H2,False,0.0008878007107514518,0.967741935483871
762.png,H1,H2,True,0.0,1.0
764.png,H0,H1,False,0.005127815795372803,0.9777777777777777
764.png,H0,H2,False,0.005127815795372803,0.9777777777777777
764.png,H1,H2,True,0.0,1.0
769.png,H0,H1,False,0.24082544156437136,0.38461538461538464
769.png,H0,H2,False,0.22589424920199264,0.365625
769.png,H1,H2,False,0.01493119236237872,0.950625
776.png,H0,H1,False,0.0,1.0
776.png,H0,H2,False,0.0,1.0
776.png,H1,H2,True,0.0,1.0
780.png,H0,H1,False,0.0,1.0
780.png,H0,H2,False,0.05850814705641527,0.9795918367346939
780.png,H1,H2,False,0.05850814705641527,0.9795918367346939
781.png,H0,H1,False,0.0031886347257018,0.9601801801801801
781.png,H0,H2,False,0.006546226758998297,0.9608725761772853
781.png,H1,H2,False,0.009734861484700097,0.9226108033240997
782.png,H0,H1,False,0.002500618925924236,0.9656012176560121
782.png,H0,H2,False,0.027133759460942986,0.6996597587380142
782.png,H1,H2,False,0.02463314053501875,0.7016129032258065
794.png,H0,H1,False,0.04153299501620222,0.579747935680139
794.png,H0,H2,False,0.01658635493809535,0.8793103448275862
794.png,H1,H2,False,0.024946640078106874,0.5097783572359843
828.png,H0,H1,False,0.0,1.0
828.png,H0,H2,False,0.0,1.0
828.png,H1,H2,True,0.0,1.0
837.png,H0,H1,False,0.09982969186256319,0.8621621621621621
837.png,H0,H2,False,0.09982969186256319,0.8621621621621621
837.png,H1,H2,True,0.0,1.0
847.png,H0,H1,False,0.0001119514121538101,0.9433526011560693
847.png,H0,H2,False,0.0001119514121538101,0.9433526011560693
847.png,H1,H2,True,0.0,1.0
856.png,H0,H1,False,0.0,1.0
856.png,H0,H2,False,0.014711356035801981,0.9555555555555556
856.png,H1,H2,False,0.014711356035801981,0.9555555555555556
86.png,H0,H1,False,0.09047900850541468,0.6794871794871795
86.png,H0,H2,False,0.09047900850541468,0.6794871794871795
86.png,H1,H2,True,0.0,1.0
865.png,H0,H1,False,0.024104447520045813,0.9536859413537956
865.png,H0,H2,False,0.024104447520045813,0.9536859413537956
865.png,H1,H2,True,0.0,1.0
867.png,H0,H1,False,0.016531260389431646,0.9714285714285714
867.png,H0,H2,False,0.016531260389431646,0.9714285714285714
867.png,H1,H2,True,0.0,1.0
868.png,H0,H1,False,0.010228835680747728,0.9791666666666666
868.png,H0,H2,False,0.0168209573903777,0.9
868.png,H1,H2,False,0.027049793071125428,0.9183673469387755
900.png,H0,H1,False,0.0006871450007146507,0.9795918367346939
900.png,H0,H2,False,0.0006871450007146507,0.9795918367346939
900.png,H1,H2,True,0.0,1.0
915.png,H0,H1,False,0.08691933809875196,0.5711371749107598
915.png,H0,H2,False,0.08691933809875196,0.5711371749107598
915.png,H1,H2,True,0.0,1.0
921.png,H0,H1,False,0.0,1.0
921.png,H0,H2,False,0.012086814807904245,0.9777777777777777
921.png,H1,H2,False,0.012086814807904245,0.9777777777777777
922.png,H0,H1,False,0.0,1.0
922.png,H0,H2,False,0.0,1.0
922.png,H1,H2,True,0.0,1.0
929.png,H0,H1,False,0.009035154368348675,0.9347826086956522
929.png,H0,H2,False,0.023354415896154945,0.8887733887733887
929.png,H1,H2,False,0.01431926152780627,0.8663838812301167
93.png,H0,H1,False,0.008080881692344666,0.8815426997245179
93.png,H0,H2,False,0.0019594191211175227,0.8
93.png,H1,H2,False,0.010040300813462189,0.7052341597796143
933.png,H0,H1,False,0.05199664117965985,0.967741935483871
933.png,H0,H2,False,0.05199664117965985,0.967741935483871
933.png,H1,H2,True,0.0,1.0
935.png,H0,H1,False,9.981677468795525e-06,0.9772727272727273
935.png,H0,H2,False,9.981677468795525e-06,0.9772727272727273
935.png,H1,H2,True,0.0,1.0
939.png,H0,H1,False,0.0,1.0
939.png,H0,H2,False,0.0,1.0
939.png,H1,H2,True,0.0,1.0
942.png,H0,H1,False,0.009522056232493137,0.9444444444444444
942.png,H0,H2,False,0.009522056232493137,0.9444444444444444
942.png,H1,H2,False,0.0,1.0
943.png,H0,H1,False,0.0,1.0
943.png,H0,H2,False,0.0,1.0
943.png,H1,H2,False,0.0,1.0
944.png,H0,H1,False,0.0,1.0
944.png,H0,H2,False,0.0,1.0
944.png,H1,H2,True,0.0,1.0
945.png,H0,H1,False,0.0,1.0
945.png,H0,H2,False,0.0,1.0
945.png,H1,H2,True,0.0,1.0
954.png,H0,H1,False,0.0016096825960725814,0.9629629629629629
954.png,H0,H2,False,0.0,1.0
954.png,H1,H2,False,0.0016096825960725814,0.9629629629629629
956.png,H0,H1,False,0.0,1.0
956.png,H0,H2,False,0.0,1.0
956.png,H1,H2,False,0.0,1.0
958.png,H0,H1,False,0.0,1.0
958.png,H0,H2,False,0.01421611667372269,0.9352657004830918
958.png,H1,H2,False,0.01421611667372269,0.9352657004830918
960.png,H0,H1,False,0.0,1.0
960.png,H0,H2,False,0.0,1.0
960.png,H1,H2,True,0.0,1.0
963.png,H0,H1,False,0.0,1.0
963.png,H0,H2,False,0.011778037996147961,0.9091400757166036
963.png,H1,H2,False,0.011778037996147961,0.9091400757166036
982.png,H0,H1,False,0.00014261725773534462,0.9696969696969697
982.png,H0,H2,False,0.00014261725773534462,0.9696969696969697
982.png,H1,H2,True,0.0,1.0
99.png,H0,H1,False,0.0,1.0
99.png,H0,H2,False,0.001328134877413012,0.9435736677115988
99.png,H1,H2,False,0.001328134877413012,0.9435736677115988
992.png,H0,H1,False,0.0,1.0
992.png,H0,H2,False,0.0,1.0
992.png,H1,H2,True,0.0,1.0
994.png,H0,H1,False,0.0070020606176255384,0.975609756097561
994.png,H0,H2,False,0.0070020606176255384,0.975609756097561
994.png,H1,H2,True,0.0,1.0
