path,exists,size_bytes,sha256
/home/hpc/rlvl/rlvl178v/prl_medclipsam/MedCLIP-SAMv2/parent_repro_breast113/v2_B0B5_analysis/breast113_v2_B0B5_casewise_dice.csv,True,19011,4dd8ea3df1dc444f4d86845b8f8e2dd01ab3f1cf46c6e0694b8709a0492a2d0c
/home/hpc/rlvl/rlvl178v/prl_medclipsam/MedCLIP-SAMv2/parent_repro_breast113/v2_B0B5_analysis/breast113_v2_gtfree_vulnerability.csv,True,15088,b00aa6bda592ec241b07924695f71e98f83211d7fff4050e55dbf672ecb95443
/home/hpc/rlvl/rlvl178v/prl_medclipsam/MedCLIP-SAMv2/parent_repro_breast113/v2_B0B5_analysis/artifact_audit/breast113_mask_artifact_audit.csv,True,32807,b8eb63975383a0edf7d72971602cb58f12442205a361f0595515b7d30844abba
/home/hpc/rlvl/rlvl178v/prl_medclipsam/MedCLIP-SAMv2/parent_repro_breast113/v2_B0B5_analysis/artifact_audit/breast113_artifact_continuous_correlation.txt,True,2254,5603549d1a046d9f822beeb7f89b96105530322a9ef216a084ad3127c6f221b9
/home/hpc/rlvl/rlvl178v/prl_medclipsam/MedCLIP-SAMv2/parent_repro_breast113/patient_disjoint/detector_freeze/breast113_development_detector_auc.csv,True,271,132918d9d050107d5136da3ef48cccbd0f468aa1b7e7a028bfccdb683f5a484d
/home/hpc/rlvl/rlvl178v/prl_medclipsam/MedCLIP-SAMv2/parent_repro_breast113/patient_disjoint/detector_freeze/breast113_detector_spec_frozen.json,True,1442,74121d0fbdd4cd84aeda389c3277399ce5b5dc0dd023992de5d83c8bbd5b2468
/home/hpc/rlvl/rlvl178v/prl_medclipsam/MedCLIP-SAMv2/parent_repro_breast113/patient_disjoint/heldout_evaluation/breast113_heldout_summary.csv,True,843,8205e1f6bd0a2e9cf9ec30a9e2a63eaeca27add3fd6f386fbcd19002fdebca82
/home/hpc/rlvl/rlvl178v/prl_medclipsam/MedCLIP-SAMv2/parent_repro_breast113/patient_disjoint/heldout_evaluation/breast113_heldout_case_predictions.csv,True,17413,64c71be9d9bdfd827dd05011598ab0628c4c15748aa0dfbe854c3926fcc6ec65
/home/hpc/rlvl/rlvl178v/prl_medclipsam/MedCLIP-SAMv2/parent_repro_breast113/patient_disjoint/heldout_evaluation/breast113_heldout_evaluation_record.json,True,2145,a64a5a84e23d20c90eb9a1ce95cee2f231d51a6a74f6b3de002c36568682d16d
/home/hpc/rlvl/rlvl178v/prl_medclipsam/MedCLIP-SAMv2/prompt_interface_intervention/breast113_evaluation/breast113_prompt_interface_casewise_dice.csv,True,64662,82cf882cb3b9cfbd12c0c787258f822393fe73559773077003a170e3f5860ce9
/home/hpc/rlvl/rlvl178v/prl_medclipsam/MedCLIP-SAMv2/prompt_interface_intervention/breast113_evaluation/breast113_prompt_interface_summary.csv,True,3991,2bca047c1b8a4663aa2662f7d524bb552083917c69772419b2a97f6a1ec24646
/home/hpc/rlvl/rlvl178v/prl_medclipsam/MedCLIP-SAMv2/prompt_interface_intervention/breast113_evaluation/breast113_prompt_interface_stability.csv,True,67492,1600235e9bb250f882d8e55fd4e18a0a14cc2220d2b3e7965cb6e271abff710b
/home/hpc/rlvl/rlvl178v/prl_medclipsam/MedCLIP-SAMv2/prompt_interface_intervention/breast113_evaluation/vulnerability_stratified/breast113_prompt_vulnerability_stratified_casewise.csv,True,137894,e00a033adc1a3b063aa8c998a566f2ab16e0b95c7c4003aa0cdc52d62f311dd0
/home/hpc/rlvl/rlvl178v/prl_medclipsam/MedCLIP-SAMv2/prompt_interface_intervention/breast113_evaluation/vulnerability_stratified/breast113_prompt_vulnerability_stratified_summary.csv,True,4852,f48a724c84dd23c2ab97b6dc2a581210dae1773baf6505a54459be7528c06999
/home/hpc/rlvl/rlvl178v/prl_medclipsam/MedCLIP-SAMv2/prompt_interface_intervention/breast113_evaluation/vulnerability_stratified/breast113_prompt_vulnerability_transitions.csv,True,461,ce24c2060cce226756ff6bb2f3f85c5417eaeafa329cc96e13d6268b2cb65bd2
/home/hpc/rlvl/rlvl178v/prl_medclipsam/beyond-average-dice/results/text3dsam/text3dsam_amos30_liver_language.csv,True,6736,cabed9d06b666da353ee25029d2f693547bd88863b3ddf240224b7ea4d1164c1
/home/hpc/rlvl/rlvl178v/prl_medclipsam/beyond-average-dice/results/text3dsam/text3dsam_amos30_bootstrap.csv,True,744,5ae173a4709da80f84ae7af2d6d99ab38af4d8d4d103e27477fec0e7435cbfe5
