kind,path,sha256,bytes
frozen_source,paper_v2/source_data/brain600_case_metrics.csv,966a21339c43254841333b1dcb1ab4c70586533208339f25e6e9897aefd241c6,262206
frozen_source,paper_v2/source_data/brain600_condition_summary.csv,6447d7fdd5a02377073491071e284d7bceab8603a09716970e26cd016f4c794d,805
frozen_source,paper_v2/source_data/brain600_h0_relative_summary.csv,fae7e5fc8fdfa3b22dc36b0f1bd1d49529977253df68309724cd5c95a515c434,1296
frozen_source,paper_v2/source_data/brain600_six_condition_summary.csv,978d0d5b43b954dd367f5b39cb2ab8f3b19275dd42e2a96d1a2195251f96e5d6,404
frozen_source,paper_v2/source_data/brain_factorial_case_decomposition.csv,55f7a87054809713b601c7c5c884102f3cc31085f427d6aef3c1fbaf756e915d,3407
frozen_source,paper_v2/source_data/brain_factorial_region_decomposition.csv,0c8183163fd1d8bea14ec1664a054629d32a5218709996693fa6a709b09d7d1e,526
frozen_source,paper_v2/source_data/brain_heldout_patient_cluster_bootstrap.csv,93e3243b69dafe70d65faa98d2ad856cb928e14855e5b2dfac91a03d19ba4645,1810423
frozen_source,paper_v2/source_data/brain_heldout_slice_results.csv,44a4ad03027c2181184a3ce5dedcd7799fd688cbbf50bf127fe2846b967ff4f8,10748
frozen_source,paper_v2/source_data/brain_localization_decomposition.csv,108c55623c5e698b202da37c98842bff9a540b62cfb2953bf2c52cff0a81d900,2607
frozen_source,paper_v2/source_data/brain_localization_distribution.csv,74c39ead0e5d9c51b10ad514d2c0e1b564f136821b0c1f0cebc86038e12744a9,209
frozen_source,paper_v2/source_data/brain_stochastic_mechanism_case.csv,4784819375196b6b4fa2f495e5812ea1174ccb8c9152773beea2ad1ef5c6a70b,3898
frozen_source,paper_v2/source_data/brain_stochastic_mechanism_region.csv,27b13640b5fb4f5deacc4bd737f91344ef03004379eefe9935cef3c8c0872d5b,624
frozen_source,paper_v2/source_data/brain_trajectory_case_summary.csv,ab4b0409004feabb29515f6b06ec203a497c229a9ab633996193fb8df2b959e8,2389
frozen_source,paper_v2/source_data/brain_trajectory_dose_response.csv,51b1e9c86576ba9bab4de64483176bcbe75da8541c5a120d63c486db0f05d8f2,3104
frozen_source,paper_v2/source_data/breast113_casewise_dice.csv,4dd8ea3df1dc444f4d86845b8f8e2dd01ab3f1cf46c6e0694b8709a0492a2d0c,19011
frozen_source,paper_v2/source_data/breast113_development_detector_auc.csv,132918d9d050107d5136da3ef48cccbd0f468aa1b7e7a028bfccdb683f5a484d,271
frozen_source,paper_v2/source_data/breast113_gtfree_vulnerability.csv,b00aa6bda592ec241b07924695f71e98f83211d7fff4050e55dbf672ecb95443,15088
frozen_source,paper_v2/source_data/breast113_heldout_case_predictions.csv,64c71be9d9bdfd827dd05011598ab0628c4c15748aa0dfbe854c3926fcc6ec65,17413
frozen_source,paper_v2/source_data/breast113_heldout_summary.csv,8205e1f6bd0a2e9cf9ec30a9e2a63eaeca27add3fd6f386fbcd19002fdebca82,843
frozen_source,paper_v2/source_data/breast113_mask_artifact_audit.csv,b8eb63975383a0edf7d72971602cb58f12442205a361f0595515b7d30844abba,32807
frozen_source,paper_v2/source_data/breast113_prompt_interface_casewise_dice.csv,82cf882cb3b9cfbd12c0c787258f822393fe73559773077003a170e3f5860ce9,64662
frozen_source,paper_v2/source_data/breast113_prompt_interface_stability.csv,1600235e9bb250f882d8e55fd4e18a0a14cc2220d2b3e7965cb6e271abff710b,67492
frozen_source,paper_v2/source_data/breast113_prompt_interface_summary.csv,2bca047c1b8a4663aa2662f7d524bb552083917c69772419b2a97f6a1ec24646,3991
frozen_source,paper_v2/source_data/breast113_prompt_vulnerability_stratified_summary.csv,f48a724c84dd23c2ab97b6dc2a581210dae1773baf6505a54459be7528c06999,4852
frozen_source,paper_v2/source_data/breast113_prompt_vulnerability_transitions.csv,ce24c2060cce226756ff6bb2f3f85c5417eaeafa329cc96e13d6268b2cb65bd2,461
frozen_source,paper_v2/source_data/text3dsam_amos30_bootstrap.csv,5ae173a4709da80f84ae7af2d6d99ab38af4d8d4d103e27477fec0e7435cbfe5,744
frozen_source,paper_v2/source_data/text3dsam_amos30_language.csv,cabed9d06b666da353ee25029d2f693547bd88863b3ddf240224b7ea4d1164c1,6736
figure,paper_v2/figures/Fig1_breast113_language_instability.pdf,4c0e4cbce2b746062c1200fd29ed38313346147c5f301f7074b3e6f8a6418f29,23186
figure,paper_v2/figures/Fig1_breast113_language_instability.png,b98eab8beed24829b19980a41b482138bf3bb1fbaaf366e6c5dfcd756d48cb07,381319
figure,paper_v2/figures/Fig2_frozen_detector_validation.pdf,7b4c8e504f462a70be1a330c90fa1273c305b5ce4fe909fc8584ad7b923e6afb,18934
figure,paper_v2/figures/Fig2_frozen_detector_validation.png,d7c0630401a47db75d00d2b2e6434178173498e818236a7dc01550734d5d3ffa,174165
figure,paper_v2/figures/Fig3_brain600_perturbation_sensitivity.pdf,624d4234dce8348059c4a64d911fa9deb2e10ca8f274fab4284e6925554def84,18354
figure,paper_v2/figures/Fig3_brain600_perturbation_sensitivity.png,b37e4916efffd5a526e756b360d2f5af4843f43a86b6ad0e5a3ecb644d192861,270680
figure,paper_v2/figures/Fig4_localization_decomposition.pdf,640a12c1c3652756333b4b7cbb41097300b7fbb8442014d174b93d6ce999612f,22219
figure,paper_v2/figures/Fig4_localization_decomposition.png,20f6872c97b89f8ee0a3e283ceb5a6a5d72f6531be179c2e02bb906f947808c8,293490
figure,paper_v2/figures/Fig5_language_mechanism.pdf,03be9db9436027c19555201694844ff8eede22ceac1a9eec6da989855b50c47f,22291
figure,paper_v2/figures/Fig5_language_mechanism.png,c76c83e448fc31b63f9a816c898797745b622e1752540e004539dbee29ee381d,311352
figure,paper_v2/figures/Fig6_cross_architecture_comparison.pdf,e30f86fc3a931c8539aa38128bfcd65c15920315dea37db36325967a988af420,15157
figure,paper_v2/figures/Fig6_cross_architecture_comparison.png,9a2d5a29bf7b9e16910febdecb5e03801ba6fcb456d8dc3fd5739b0a2bfefa85,142996
figure,paper_v2/figures/FigS1_prompt_interface_tradeoff.pdf,5b27b4d46d651422bffe0059f2e035702181bb716ddb1a35603a05f4ef0a75b9,16939
figure,paper_v2/figures/FigS1_prompt_interface_tradeoff.png,20a68cccb256a7c7ecbb0dc055b63018dc98a5d803022592f73759b77303487e,180708
table,paper_v2/tables/Table1_study_overview.csv,5ebb0feafcfbe30e1eba15aca3f888e9302727db594cd5f7a765bfaaf75478ca,208
table,paper_v2/tables/Table2_breast_heldout_detector.csv,92063adb9a6e0b822e9d743e984644fb2a82925deef6a1a8599df3bff6456ad6,446
table,paper_v2/tables/Table3_brain600_perturbation_summary.csv,31679bf8826af6e27e3ec6e6cd1076337c945e5decf9974f0358abc4e592b5ed,898
table,paper_v2/tables/Table4_localization_decomposition.csv,6632bfde55ab1413cea43a6927ce5b0ac20e8ed40b13d7ec9a3164c365fae18a,2554
table,paper_v2/tables/TableS1_prompt_interface_vulnerability_stratified.csv,df1167cae973ff96c3007c188508aabc91cb25754e7aea051e9f305a87b2ae6a,4755
table,paper_v2/tables/TableS2_prompt_interface_transitions.csv,ce24c2060cce226756ff6bb2f3f85c5417eaeafa329cc96e13d6268b2cb65bd2,461
table,paper_v2/tables/TableS3_text3dsam_bootstrap.csv,4366c6743ea557e10cca832b9626c27b4ea21fa22b02921e50d07c339621e0f8,698
figure_source_data,paper_v2/figure_source_data/Fig1A.csv,a1edf0e15a7a223c3b20a142acb8758e75be0dff363fd4cf219aa360ee90d360,152
figure_source_data,paper_v2/figure_source_data/Fig1B.csv,716cd2568cb26e6535fbd44ede2a0e2ce743a3c2a3cdd0da57257301ed1e3df9,2611
figure_source_data,paper_v2/figure_source_data/Fig1C.csv,9df7fb6316383f62b391fce18b2e4e6252e6112f16c8b9a7ef293f51982090b5,5226
figure_source_data,paper_v2/figure_source_data/Fig1D.csv,13a10fb78ab14ea506c7a1a6be0b3fb9fe4cfd49ea7d1911551dfa5272198ce1,138
figure_source_data,paper_v2/figure_source_data/Fig2A.csv,132918d9d050107d5136da3ef48cccbd0f468aa1b7e7a028bfccdb683f5a484d,271
figure_source_data,paper_v2/figure_source_data/Fig2B.csv,6c2fccdf438bd86c74e533847003e79726c4c64f9d06a1729a6b39a04b2cccb0,134
figure_source_data,paper_v2/figure_source_data/Fig2C.csv,0a5604d652fdec5bb59256ee52e126399046b503f20dc7822da512c7937b6695,842
figure_source_data,paper_v2/figure_source_data/Fig3A.csv,28ef2204cd9866a78a17996de821ba086eced63506ca54da1d13c5e7131eef20,792
figure_source_data,paper_v2/figure_source_data/Fig3B.csv,a23521368897ed1c4fde563fa8b0abc692349fc2709b2770151863d2ab50460f,364
figure_source_data,paper_v2/figure_source_data/Fig3C.csv,50074d39929b453842750127d1a9318dc6d6a5569dee30fcb28bbcb9ce7a3728,1241
figure_source_data,paper_v2/figure_source_data/Fig4.csv,6632bfde55ab1413cea43a6927ce5b0ac20e8ed40b13d7ec9a3164c365fae18a,2554
figure_source_data,paper_v2/figure_source_data/Fig5A.csv,5dbe6d5f8e4980d10a1e06283b81105f15aebac3ed4f0a4374433d53ca98ba16,517
figure_source_data,paper_v2/figure_source_data/Fig5B.csv,9afafdc1bf3fb3910510661171360422e44b2d34a249858c5482c3ed0086fa5c,3334
figure_source_data,paper_v2/figure_source_data/Fig5C.csv,4ac154e84d5fa5597f833194dd1e51a5e1ab6281574e45c1ee57b76a72af25c7,2991
figure_source_data,paper_v2/figure_source_data/Fig6.csv,0a7bc44a6c6352e3a008ea130499c392ce3f695f098010c117d7872b51ef3d1e,136
figure_source_data,paper_v2/figure_source_data/FigS1A.csv,84f738b63e5324cb4044712eb0d63618ad0df6e8939e2532e4b257e04ef2b418,826
figure_source_data,paper_v2/figure_source_data/FigS1B.csv,30db4ab90445608ea123e83eb1b933a0578eb6b0513e1e9dc0a5d2a4f9cd845e,1456
