author_image,pixel_hash,udiat_matches,n_udiat_matches,existing_split
000001.png,d458ac7d9c826b5f27da094c06fc75fdaa729f5144229fac21b425f62bcd9d43,Benign/000001.png,1,test
000002.png,cb7b314c6682212ca374e5636186b8721cb22189c1842132f632db2bbbfa2a18,Benign/000002.png,1,val
000003.png,a4def512ae3f26fee36188bbd8fb79f0692ba762b7b82454134425135f0cd31c,Benign/000003.png,1,test
000004.png,8e199893d624fa8f9eb71cbe53bcc8f61cd4962a63ad1a25263937efab71d6d7,Benign/000004.png,1,val
000005.png,0ea80515f8d5698853870829a3d4640cd19037cfd9eb0fff73149413fd82e93f,Benign/000005.png,1,val
000006.png,a94c266aa149171ee1ecd793a985bda65fc60f65d58671842cea695b64ca6830,Benign/000006.png,1,test
000007.png,ee92d034d273abbae5d2c9268b5fd7598ea2d3a596bd50633a2f877197cba415,Benign/000007.png,1,val
000008.png,d4f0263cbf2011224a9ce884ed76f4d68ff3381bf4e90ad295f4887c78cd0fc8,Benign/000008.png,1,test
000009.png,044895bdc4181544aca69b5ffe70b26276e6dde679a11e986661c177aa2f37b4,Benign/000009.png,1,test
000010.png,fc659dc0263cfc30115ab466cbcdb36ded9fa796a1f5cc05f9175823a5bf4974,Benign/000010.png,1,test
000011.png,21131ce36b7d8a5a99dc6b22433fcf91f5706398be6352b6c8ac4489c5554bb6,Benign/000011.png,1,test
000012.png,c7f8205da5c6f8b2b709d11d2f0481d67528458a6c99bf9d3cc9fa49e925ac5a,Benign/000012.png,1,val
000013.png,9b198ea34bbf1c611c37d4491885da4cd0c886936e8d481eca46414d338c25a7,Benign/000013.png,1,test
000015.png,9d82f81c5575f42e74c7be65efd1d6d4866dcf850991f1821fbdcc239c114106,Benign/000015.png,1,val
000016.png,d122c23db615c73c71d867eb7b49d078e0bcd071d2e8d4efd36382efc876e1d5,Benign/000016.png,1,test
000020.png,5ff25aeafdb4e5aaddebdef5e7ab9504749543912dfebd03fb788c72f5905573,Benign/000020.png,1,test
000021.png,a661765568ae8ad63917dd69434c10a44267754eb184720744fd895a1c2b53c3,Benign/000021.png,1,test
000022.png,25fdb3786c76eb08fe5c2e206924b0def50b7f42557f565c4b7fba1b3f49ed7a,Benign/000022.png,1,test
000023.png,2931316261f546ff6697451846af8e8c53c597f6d4d5f01e0d1e90ebe7e99f86,Malignant/000023.png,1,test
000024.png,a0f53e39f16a9d5d4dac306c64dd71c19da9abbc4e71d4e7f2093f605058b3b6,Malignant/000024.png,1,test
000025.png,8f774bae7997fc3bd3fc58d2f050c288a4b9522a02dc9ff5e44b0bc4603fcd2c,Malignant/000025.png,1,val
000027.png,da3429e20d5c54786e537a0cbdeeccf38444f4a2a3db376f941c8fb86437a999,Malignant/000027.png,1,val
000028.png,05f2e89163b5676c89f091256a9b6ae2505c8b9378a11c83927c5f2d89de1fe4,Malignant/000028.png,1,test
000030.png,29b6fa7916c0ad5285b7b8445280ec328087bc287eb5636bb385abe6890f49d2,Malignant/000030.png,1,val
000031.png,0875355fc24ca370ae9c575d458c52399ee73aae018417dedf5a6cf176afd477,Malignant/000031.png,1,val
000032.png,e4186e31f330af9e91eeb3a598b74f066a6138bc555e96e90c996be935ac610f,Benign/000032.png|Benign/000040.png,2,test
000034.png,b76defb783ce20210ebf6df7b3a9436e8980593afdafd86fe1880a2d306fd20d,Benign/000034.png,1,val
000039.png,5f1fd96fbcaa4938f89e0a4d68c0fae71193d0f9a92575324b82c6ebbdfa88b7,Benign/000039.png,1,test
000040.png,e4186e31f330af9e91eeb3a598b74f066a6138bc555e96e90c996be935ac610f,Benign/000032.png|Benign/000040.png,2,test
000041.png,1a19e67b8514d5978996d8cf5193b20432551bd6cefaaa1feecb25d0370aeac4,Malignant/000041.png,1,test
000043.png,4ddef5947b95b03d4f0e9af1917057934cf3abc431b00e8bd2ccb466c31e0a6b,Malignant/000043.png,1,val
000044.png,4569cc4eb4fc0704fad453381f597e17ec97b985c81f83cbf543ee420f1fa2f8,Malignant/000044.png,1,val
000045.png,3541b792ed306e8976b2579853c0c579762f7fbc5d0cfb3ae087b157e334d79e,Malignant/000045.png,1,test
000047.png,3c61865bc4828521e2a75ce87b9b526c09b89e6b8da073aa0f81bf6a72c8ba9a,Malignant/000047.png,1,val
000051.png,cfd0029e895a8ce3064298bc1f886c0cce3968a0baf25b5aeae9e1398093c777,Benign/000051.png,1,val
000052.png,ab3a4b451efd15712f04ba7a42ee36f46e640d3ab214b6216a10adfca7b8fe1a,Benign/000052.png,1,test
000053.png,dff1d6c79123ef485655b631a1f5b305c0f70c23141e85f8962fbeb153898a9e,Malignant/000053.png|Malignant/000309.png,2,test
000054.png,1d24347448fcb0466bc1f7796f3393bf6dce2ec43b2ea91e8419630ddad1d6ad,Malignant/000054.png|Malignant/000310.png,2,test
000055.png,9ac55fe34058ae11e3f3ec4bb787bba987a4907d97fa200f082254346b6ae2b3,Malignant/000055.png,1,test
000056.png,75eaf4eaacb111aae8462e0c9e4d4e4e45b4d80a65e38f1744966a5551e4d0ea,Benign/000056.png,1,test
000057.png,06373ff6a7505fad3728d60c0cc4d9cac0190ac175881a421e3e7c7588d9d664,Malignant/000057.png,1,test
000058.png,277b1bda136a285387e0a97da1ed96981b4c311824aa429397c23d1422a9e67c,Benign/000058.png,1,test
000059.png,cde9806391b41ca8fc26d12e594eedfe5c902f7a4131012cee3d4098093f4c1e,Benign/000059.png,1,val
000061.png,75e6a0ed181789e98329f1d25cf001ac648149cf228209521daa051d09a2f018,Benign/000061.png,1,val
000062.png,d857c1e2af00ee4657f6199cbb37e8bdcee6cb5a06ffb39b964f600e057c22f3,Benign/000062.png,1,test
000063.png,e1cb310d2e7596612f7533a0c621021930053df54e5681744715ae7056b94178,Benign/000063.png,1,test
000064.png,8166017a5b050b69a5774d0dccf7113e18191fa140521ffed9f111433510b7cd,Benign/000064.png,1,val
000066.png,862f5845a1452a439bfb5d55f26e81742593e4d270405d339d53d98fbbbe7a1b,Benign/000066.png,1,val
000068.png,ecf1a90e0eb25ee7fd3c65145f900ec6ffbf00f08ff073cf2c06cfd101cd61c3,Benign/000068.png,1,test
000069.png,e4b75591ec15e26eefb747250aac0cb9f858792b3c7b3e3ee4db17a9db6afbf6,Benign/000069.png,1,test
000070.png,956322f0bfba2a52104ef585ca4c4bd4e3dce8d5844753488b3df6ffd9370676,Benign/000070.png,1,val
000071.png,5d35886174cd2c396c325dcc195c53c1a8a9aeaa50bad10761655b8d67e8de79,Benign/000071.png,1,test
000072.png,9c972f7d568cbf8a57ffe24adf953a2d939b6994435a48c0b819fd7a2509c262,Benign/000072.png,1,test
000073.png,b14f2d6e974899f07704d530caa5148da3d0c5d517bdc78e530fea0844832a86,Benign/000073.png,1,val
000074.png,3663f2e9d96e715e170fe5dd116e70e27eab551545d95596f0909380eec09ae3,Benign/000074.png,1,test
000077.png,bb18cfbc41ae0ef339ae93d6ab5974885a3044eed9a85447281e490f1f99e817,Benign/000077.png,1,val
000078.png,126997df021410d294facb000e9e39169c54d1e1b41fc442fed06e0eccf6e50a,Benign/000078.png,1,test
000082.png,7792557e41e46791f5f057c5489dd152cd768b155e934dada5c9343e0f486292,Benign/000082.png,1,test
000083.png,44c83c7e130dda9b9ddf3be6a488aa1996e894293331eb72184379f52af40782,Benign/000083.png,1,test
000086.png,b372b3c15ff4319df0d21d9d0639b607bc0ae97393b8ebb854402de3b19d04e5,Benign/000086.png,1,val
000091.png,124bf55b199af2c4d6ab300ede14bfde3688985da244c153853e1592785a4fba,Benign/000091.png,1,val
000093.png,127dbd405c0e1ebd654345fdb974e941a7a589735814af1b8249c1975661bd9e,Benign/000093.png,1,val
000096.png,98099be049a07305737b6a32f080ef5855c10031bfa5be3613a6e86b95cabc5d,Benign/000096.png,1,test
000097.png,c8f6f218cd62cd02315e34f8c2e027e5b8e85c91695af0dbbbf0f8d1ef1acdf0,Benign/000097.png,1,test
000098.png,8d91e4297866e000019bb9ca85c6ef54e704e465202e51ff26a18c0110cfdbec,Benign/000098.png,1,val
000102.png,d56fc9e53b9070d04ba5c1bfec9acf94b6d43dc5290fa9c70a0e75c433cc0760,Benign/000102.png,1,test
000103.png,eb61733770df315a88b77bbaf57cde11c3c3a06d19b57fadf689a98560ca033a,Benign/000103.png,1,test
000104.png,0e094f3fc0bb418c01e6aed59ad6dc664d96ce871b3a518d3dbad57957a286c4,Benign/000104.png,1,val
000105.png,ae5d7382d136cca3005ece6e46b0d247eb896ce5742954f5fcfec0d66ea05929,Benign/000105.png,1,test
000106.png,0cd09ea7761a9da56a343d47e1dc8ee46a420fe81b46ac683c0b3bacd05b86da,Benign/000106.png,1,test
000107.png,563257b96d149a91ac97abcf50a5cacf3e5d774f896e5b217437551fc5deaae8,Benign/000107.png,1,test
000108.png,13ada90b745f2a55eb4320ba5b090603a5a12a8bd6b860c8f90a259013e87bca,Benign/000108.png,1,test
000109.png,129c08584bacda18b51e4b03ca991644d352964729f502eca71d8c1df8f9282e,Benign/000109.png,1,val
000111.png,94a3f6ed0d7b6c275c7d08be187904dd2d818283ad26e57fa243b387b7889243,Benign/000111.png,1,val
000113.png,eb2d96284a86b8add25af235e8e02a3f2f47e30af8a0bc2667a35ebfb15d2b1a,Benign/000113.png,1,test
000115.png,be49feeb2c8d4c31ce6ecf1fc175994b0518e3b66cd2de44acca38d6ecd86153,Benign/000115.png,1,test
000117.png,a975f3fe7f7a55fd9febcaaaf22395dfe16d0f8d77aadf04052112692fe79069,Benign/000117.png,1,test
000118.png,eaa522a307b72734b2dd739cf7736ada260807646c5fc62405e897a6b79e7ffa,Benign/000118.png,1,val
000119.png,fccb370d8659f05f10b433a96b02574c3cb33479f91c24c3b93bea9ee84fbca2,Benign/000119.png,1,test
000120.png,8c2182f16d20f1964b546db0b5b8c8eb12edf6c29cbf4ba5e3fe930996dcb0be,Benign/000120.png,1,val
000121.png,51f695ecd45f382880fa2df676b24fe2ab716378b1945c731bde2b49f0059c4b,Benign/000121.png,1,test
000122.png,767a216a916d6fefd11e1be7bdf5f081a95bac5fefbc6dae4425c710ba70a649,Benign/000122.png,1,test
000123.png,b8cbae6db7784779433312d4863be9248d0cfdf540d89e68c79d0014a545fa94,Benign/000123.png,1,test
000124.png,8329a8f3d5f96fd92c73660265750e73d3deb97ad3f7450d47193d897bdc906f,Benign/000124.png,1,val
000125.png,0b96c44b3c0280db6fb2d9587b2d3fb7dc9779ca5e3a12946f3452a93953809c,Benign/000125.png,1,val
000126.png,e3c39c5c6f647f1c5c67b44f2ec7fcbfd266242e40dfd57d1486d54e344862e2,Benign/000126.png,1,test
000128.png,3b484293908c348296cc13118a7a6dfa68e1d778d43bc20f0327ef521095ac39,Benign/000128.png,1,val
000129.png,1bb08f1275fd37af16fe934dca618469942628ada2acf707fa9de52bc493444d,Benign/000129.png,1,test
000131.png,64d4b21ec7898868eba06c85489d6629f45212a09a2f4e0b5e539f4f1492adc6,Benign/000131.png,1,val
000132.png,04637dd1770da14c37340ea6a18705a8a63c569dd035b3127649c808b3f94b83,Malignant/000132.png,1,val
000133.png,0ce754b5661f4bd9d8ed1e76d105a5ed05453914cd5037bbd937b9be54518420,Malignant/000133.png,1,val
000134.png,b93046425aa3ed03bef7dbd93d3231ce711b2cd60f06f7194de3dcf418b50e6a,Malignant/000134.png,1,val
000135.png,192d510802c6e938fe4d08edb9e0edfc9fafb5127b48fe11652ad9d082118157,Malignant/000135.png,1,val
000136.png,9b69bfdcb19eeb30f38b205055f66caf052c950e603e167c0fccee1ed0d98baf,Malignant/000136.png,1,test
000138.png,4e0437854b168100847118df1cf983f76ac697fd0ec5241abac12433a355972c,Malignant/000138.png,1,test
000139.png,acfa0bd6aec69028393f9c4d525c4b12f3616e9306f1d7c352af76b83e1fda28,Malignant/000139.png,1,val
000140.png,104b1d967b7019b5e865aef83d988e10959ec58ff2f2314039f8fb28b28a3603,Malignant/000140.png,1,test
000141.png,1d5d09d95d2ed6725161106967e86295f129f0942f6f8f934b0351864a0a0dc3,Malignant/000141.png,1,val
000142.png,86d56557d79a9ec0b0943305be2d0641d38bb12a0f44b15b8b8249eb17d03676,Malignant/000142.png,1,test
000143.png,eb24c1e3e7b6c61c64d256692d54506a042a4169e785319d8d46f34a1e80e11b,Malignant/000143.png,1,test
000144.png,d5001f766205242c97b50d3029c86be23d576db41a836e787b9fcde6484b82e6,Malignant/000144.png,1,val
000145.png,cff91a27b6c32cb2fb37ab839d6f279f885475e267c1cbf797e567be9170dbd2,Malignant/000145.png,1,test
000147.png,d2ae717fe2ae0b4cc42049203dce46858a71ed323d66c46c3138a35697292e3f,Malignant/000147.png,1,val
000298.png,6db1df695ee6c669d174df35bb654aa4c8b2f71b5581da9aa40f98d6521f93c5,Malignant/000298.png,1,test
000299.png,73200784c69f283261645855da6889b405a189759f206bd36ae7932d1d47ce99,Malignant/000299.png,1,test
000300.png,1cf5e1ea0eba92dfa3a0969269a690f36cd456cbc06069001fa4b0180c6096fa,Malignant/000300.png,1,val
000301.png,5629c7e2ae9b8058cd33c8ffbc7c93e469e34a28c488215be83ebf0b0247f2fa,Malignant/000301.png,1,test
000303.png,d12192814f6642c1e2a54fd127e871cda9866afe9392ca994e8773a35b156acb,Malignant/000303.png,1,test
000304.png,41fd4dcc899bb51bcc5e42e7080a0e2f75379b7ca6bbc47ddbdd1dcbea062052,Malignant/000304.png,1,test
000307.png,b5fa1e369aa56571604e5114922ce40907c101a6d528de977fee00ad7e380683,Malignant/000307.png,1,val
000308.png,5816b10049b87e81b36f467ce4a61d2801d4286d80b79b67d7ce47177c951fc6,Malignant/000308.png,1,val
000309.png,dff1d6c79123ef485655b631a1f5b305c0f70c23141e85f8962fbeb153898a9e,Malignant/000053.png|Malignant/000309.png,2,test
000310.png,1d24347448fcb0466bc1f7796f3393bf6dce2ec43b2ea91e8419630ddad1d6ad,Malignant/000054.png|Malignant/000310.png,2,test
