image,min_area_frac,median_area_frac,max_area_frac,area_ratio_max_to_min_positive,empty_count,near_empty_0p1pct_count,near_empty_0p5pct_count,near_empty_1pct_count,min_pairwise_iou,median_pairwise_iou,mean_pairwise_iou,max_pairwise_iou,B0_area_frac,B1_area_frac,B2_area_frac,B3_area_frac,B4_area_frac,B5_area_frac
000001.png,0.01112689393939394,0.01120317760942761,0.011284722222222222,1.0141843971631206,0,0,0,0,0.9813953488372092,0.9827746741154563,0.9886785616329593,1.0,0.011284722222222222,0.011284722222222222,0.01127946127946128,0.01112689393939394,0.01112689393939394,0.01112689393939394
000002.png,0.03749473905723906,0.03751052188552188,0.03751578282828283,1.0005612459660445,0,0,0,0,0.9994390688542981,0.9997194950911641,0.9997288662328803,1.0,0.03751052188552188,0.03749473905723906,0.0375,0.03751052188552188,0.03751578282828283,0.03751578282828283
000003.png,0.005942660134276901,0.007636998729813101,0.023847759027399745,4.012977099236641,0,0,0,4,0.0,0.30511698687464334,0.35076458498752117,0.9256004686584651,0.007634730538922155,0.0072763563781527854,0.0076392669207040464,0.023847759027399745,0.021711123208129197,0.005942660134276901
000004.png,0.0077708219923788785,0.007798040283070223,0.007929595354745056,1.0204319906596615,0,0,0,6,0.9799771167048055,0.9913544668587896,0.991115710448535,1.0,0.007793503901288332,0.007793503901288332,0.0077708219923788785,0.007929595354745056,0.007870622391580475,0.007802576664852114
000005.png,0.009000181455271275,0.00902739974596262,0.009041008891308292,1.0045362903225807,0,0,0,6,0.9954841946813848,0.997491219267436,0.9977242962081108,1.0,0.009036472509526402,0.009041008891308292,0.009000181455271275,0.009041008891308292,0.00901832698239884,0.00901832698239884
000006.png,0.004608963890401017,0.004649791326438033,0.00469061876247505,1.0177165354330708,0,0,6,6,0.9825918762088974,0.9845111326234269,0.990062649840462,1.0,0.004613500272182907,0.004613500272182907,0.004608963890401017,0.0046860823806931596,0.00469061876247505,0.0046860823806931596
000007.png,0.02060808325978229,0.023474275522212415,0.024612018240659016,1.1942895382556324,0,0,0,0,0.8373178931639895,0.9150851105458815,0.9206454418744306,1.0,0.023481170932627242,0.02060808325978229,0.024612018240659016,0.02151368049426302,0.023467380111797588,0.023481170932627242
000008.png,0.05459989112683723,0.054652059517328974,0.05488114679731446,1.005151213027584,0,0,0,0,0.9942139196561415,0.9962788389977673,0.9967411264808477,1.0,0.05463618218109236,0.05459989112683723,0.05459989112683723,0.054667936853565594,0.054844855743059334,0.05488114679731446
000009.png,0.008882235528942116,0.03931228452186536,0.04301850843767011,4.843207354443309,0,0,0,2,0.0,0.0,0.4056835529517422,1.0,0.008882235528942116,0.008882235528942116,0.03877699147160225,0.03990201415351116,0.03984757757212847,0.04301850843767011
000010.png,0.006976955180547995,0.007160678642714571,0.007507711849029214,1.076072821846554,0,0,0,6,0.9293051359516616,0.9694513715710723,0.9686442768138758,0.9980830670926517,0.00724460170567955,0.007221919796770096,0.006976955180547995,0.007099437488659046,0.007085828343313373,0.007507711849029214
000011.png,0.023142887205387205,0.02317445286195286,0.02317445286195286,1.0013639463514434,0,0,0,0,0.988256549232159,0.988256549232159,0.9937368262571513,1.0,0.02317445286195286,0.02317445286195286,0.02317445286195286,0.02317445286195286,0.023142887205387205,0.023142887205387205
000012.png,0.00891729797979798,0.009175084175084175,0.009175084175084175,1.0289085545722714,0,0,0,6,0.9719036697247706,0.9851428571428571,0.987196992906512,1.0,0.009175084175084175,0.00891729797979798,0.009175084175084175,0.009175084175084175,0.009101430976430977,0.009175084175084175
000013.png,0.019381946326917865,0.01953904729047044,0.019689987431922917,1.0158931977113794,0,0,0,0,0.9837347513293713,0.9859243040350328,0.9902462863453607,1.0,0.019381946326917865,0.019381946326917865,0.01942507208161857,0.01965302249932231,0.019689987431922917,0.01965302249932231
000015.png,0.008414988205407366,0.008555616040645982,0.008709853021230268,1.0350404312668466,0,0,0,6,0.9661458333333334,0.9749216300940439,0.9810339941655548,1.0,0.008414988205407366,0.008414988205407366,0.008464888405008166,0.008709853021230268,0.008682634730538923,0.008646343676283795
000016.png,0.01862033195020747,0.01869577517917767,0.018780648811769145,1.008609774626488,0,0,0,0,0.9914637208134572,0.9969780911609166,0.9960937911502593,1.0,0.018667483968313844,0.018667483968313844,0.01862033195020747,0.018780648811769145,0.018747642399094683,0.018724066390041493
000020.png,0.015165124296860824,0.015548448557430594,0.01585011794592633,1.045169009871373,0,0,0,0,0.9567830566685747,0.9630584192439863,0.975251607832119,1.0,0.015219560878243513,0.01525585193249864,0.015165124296860824,0.015841045182362547,0.015841045182362547,0.01585011794592633
000021.png,0.06072292069632495,0.060940522243713734,0.06099492263056093,1.0044793947839936,0,0,0,0,0.995540580715489,0.9991080277502478,0.9983344392065899,1.0,0.06072292069632495,0.060982833655706,0.06099492263056093,0.060940522243713734,0.060940522243713734,0.060940522243713734
000022.png,0.08076644100580271,0.08582567698259187,0.0863213249516441,1.0687771291722796,0,0,0,0,0.9345650500384911,0.9530106921778277,0.9685215298131941,1.0,0.08076644100580271,0.08582567698259187,0.08199347195357834,0.0863213249516441,0.08582567698259187,0.08582567698259187
000023.png,0.013725799663299664,0.013767887205387205,0.014004629629629629,1.0203142966653889,0,0,0,0,0.9800901577761082,0.993916349809886,0.9919779897610844,1.0,0.013752104377104377,0.013752104377104377,0.01383627946127946,0.014004629629629629,0.013783670033670033,0.013725799663299664
000024.png,0.016966540404040404,0.020454545454545454,0.02498421717171717,1.4725581395348837,0,0,0,0,0.0,0.0,0.3909603993369613,0.9996906897618311,0.016966540404040404,0.017003367003367003,0.017008627946127945,0.023900462962962964,0.02498421717171717,0.023900462962962964
000025.png,0.04238913525498891,0.04281042128603104,0.043608647450110866,1.0287694520727082,0,0,0,0,0.9523447401774398,0.9712175241976566,0.9728717007487819,0.9927685950413223,0.043608647450110866,0.04291019955654102,0.04273281596452328,0.0428880266075388,0.04265521064301552,0.04238913525498891
000027.png,0.056573217201959715,0.05958537470513518,0.06264743240791144,1.107369096303424,0,0,0,0,0.9030412744388124,0.9652076318742986,0.9571974641006947,0.9994576586348493,0.06082834331337325,0.06264743240791144,0.06062420613318817,0.056573217201959715,0.0585465432770822,0.058523861368172746
000028.png,0.09301386863952381,0.09304248551082621,0.09312833612473341,1.001230649653475,0,0,0,0,0.9986414801397334,0.9989321770644577,0.99916108751017,1.0,0.09301386863952381,0.09301386863952381,0.09301386863952381,0.09307110238212861,0.09311628691576398,0.09312833612473341
000030.png,0.033409263477600606,0.03532343058757201,0.03532343058757201,1.0572945019052804,0,0,0,0,0.9458102715922255,0.9940790320504569,0.9805315669442328,1.0,0.03532343058757201,0.03532343058757201,0.03532343058757201,0.03532343058757201,0.03511428168719508,0.033409263477600606
000031.png,0.03844486998588994,0.03844738963918565,0.038449909292481356,1.000131078778346,0,0,0,0,0.9993448637316562,0.9993448637316562,0.9996069182389937,1.0,0.038449909292481356,0.038449909292481356,0.03844486998588994,0.03844486998588994,0.03844486998588994,0.038449909292481356
000032.png,0.021747414262384322,0.022334875703139176,0.0223961168571947,1.029828952857739,0,0,0,0,0.9710350415231922,0.9861872841763153,0.9870593280245442,0.9991897913712781,0.0223961168571947,0.022377971330067137,0.02233714389403012,0.02202413355107966,0.021747414262384322,0.02233260751224823
000034.png,0.005826326852338413,0.019124408828166052,0.036843142406726224,6.323562570462233,0,0,0,2,0.0,0.0,0.24827483974958334,1.0,0.005826326852338413,0.005826326852338413,0.036843142406726224,0.021669732002101944,0.018937204414083027,0.01931161324224908
000039.png,0.016943385955362003,0.017399292324442026,0.018140990745781165,1.0706827309236948,0,0,0,0,0.9077454366058214,0.9573870885429957,0.9502750348438522,0.9741092027685209,0.01740156051533297,0.016943385955362003,0.017537651968789692,0.01739702413355108,0.018140990745781165,0.01698421339139902
000040.png,0.022246416258392306,0.022334875703139176,0.022359825802939576,1.0050978792822187,0,0,0,0,0.9949279772773382,0.9977619532044761,0.9975776981739102,0.9995942381821871,0.022359825802939576,0.022350753039375795,0.022296316457993105,0.02231899836690256,0.022246416258392306,0.022355289421157686
000041.png,0.07703938002419104,0.08038973272106441,0.08260010918082271,1.0721803466601827,0,0,0,0,0.9326789127547219,0.9650045745654163,0.9665059701934395,0.9982026731152577,0.0817411130021515,0.08188829303276494,0.08260010918082271,0.07903835243997731,0.07836935230082528,0.07703938002419104
000043.png,0.05218406289215324,0.052227891784158854,0.12098619620580202,2.3184510653346297,0,0,0,0,0.43061325608872963,0.43114160472651036,0.6956364455771344,1.0,0.12098619620580202,0.12098619620580202,0.052207130730050934,0.052234812135528164,0.052220971432789545,0.05218406289215324
000044.png,0.016378085023904896,0.016558063980211545,0.016728813246451184,1.0214144829529446,0,0,0,0,0.9790344827586207,0.992,0.9906911413657205,0.9977653631284916,0.016594982740479575,0.01665036088088162,0.016728813246451184,0.016521145219943516,0.016484226459675483,0.016378085023904896
000045.png,0.042794970986460346,0.09628264023210831,0.0968205996131528,2.2624293785310736,0,0,0,0,0.44191272863474623,0.9883909624266634,0.809871938575826,1.0,0.09669366537717601,0.09669366537717601,0.0968205996131528,0.09587161508704062,0.09587161508704062,0.042794970986460346
000047.png,0.021784922394678493,0.02327328159645233,0.0238470066518847,1.0946564885496182,0,0,0,0,0.9135285913528591,0.9558344955834496,0.9526562837670037,0.99814039981404,0.02375277161862528,0.0238470066518847,0.023802660753880267,0.021956762749445677,0.02279379157427938,0.021784922394678493
000051.png,0.06172111038747998,0.07229931886179897,0.07694266393101455,1.2466182712523304,0,0,0,0,0.20791297482235283,0.3558071982934689,0.5414540425685038,0.9995313964386129,0.07312564575916794,0.07313543926313676,0.07694266393101455,0.07147299196443,0.06933555972323557,0.06172111038747998
000052.png,0.01821205402136666,0.036804575690385005,0.0603305785123967,3.312672938572219,0,0,0,0,0.23546649770315223,0.27672406258194215,0.5391203627550953,0.9994487320837927,0.01827756500705503,0.01821205402136666,0.01827756500705503,0.0603305785123967,0.05533158637371498,0.05649566619633138
000053.png,0.03038922155688623,0.03130783886771911,0.03178189076392669,1.045827735482908,0,0,0,0,0.9442474109802809,0.9782452096239735,0.9739537744352046,0.9922324510932106,0.03141898022137543,0.03140990745781165,0.03178189076392669,0.031205770277626565,0.03087915078933043,0.03038922155688623
000054.png,0.030543237250554325,0.0329129711751663,0.03695121951219512,1.2098003629764065,0,0,0,0,0.8265826582658266,0.9107410741074108,0.9060816849926945,1.0,0.03695121951219512,0.0336529933481153,0.03695121951219512,0.032172949002217295,0.03118070953436807,0.030543237250554325
000055.png,0.0320917223194263,0.04963158283841396,0.05957514970797703,1.8564023804952967,0,0,0,0,0.5386763185108583,0.7132070472910319,0.7344497839129555,0.9939043289596032,0.03316986618694399,0.0320917223194263,0.04650804603366273,0.052755119643165184,0.05932255600187289,0.05957514970797703
000056.png,0.03614694618020561,0.03625025196532957,0.03647954041523886,1.0092011710581346,0,0,0,0,0.9906077348066298,0.9954230235783634,0.9953855021733882,1.0,0.036167103406571255,0.036167103406571255,0.03614694618020561,0.03647954041523886,0.036333400524087886,0.036333400524087886
000057.png,0.022495917256396297,0.030327980402830704,0.0389493739793141,1.7313974591651542,0,0,0,0,0.5775681341719078,0.6719473555934682,0.7541401371853522,0.9757969303423849,0.03722554890219561,0.035642351660315735,0.0389493739793141,0.025013609145345672,0.022495917256396297,0.02305389221556886
000058.png,0.03030792716470459,0.05001065848828254,0.05287297832544834,1.744526375496313,0,0,0,0,0.0,0.0020479213598197828,0.38244780209028717,0.9955191895577635,0.05278014633072945,0.05287297832544834,0.03030792716470459,0.05006738915172186,0.04995392782484322,0.03416217405655188
000059.png,0.030448894267796237,0.03119498844757399,0.031562878204422926,1.0365853658536583,0,0,0,0,0.9647058823529412,0.9852812908853031,0.9846740297940855,1.0,0.030448894267796237,0.031071212454615468,0.031071212454615468,0.031562878204422926,0.031535372428209925,0.03131876444053251
000061.png,0.040041533722081635,0.04053835680492904,0.04084607767631203,1.0200927357032459,0,0,0,0,0.9803030303030303,0.9889581928523263,0.9894814669301674,0.9986531986531987,0.04034065903839806,0.04012061282869402,0.040041533722081635,0.04084607767631203,0.04079106612388601,0.040736054571460005
000062.png,0.04428529154806527,0.044435011132091425,0.04449313755883099,1.0046933418184711,0,0,0,0,0.9953285827395091,0.9981757614213198,0.9976550846299809,0.9997624891140844,0.04428529154806527,0.04433461094045036,0.04445438660767128,0.04441563565651157,0.044489614745089195,0.04449313755883099
000063.png,0.04236435416185758,0.09247947629786152,0.09405389728382786,2.2201187565490743,0,0,0,0,0.45033508479375767,0.9332680955838253,0.7969438726861864,0.9992449506071855,0.09128682280661257,0.08757568762540618,0.04236435416185758,0.09367212978911045,0.09405389728382786,0.09401246515261821
000064.png,0.016257103384630597,0.016347741061889055,0.016410912776341918,1.009461057611083,0,0,0,0,0.9906276150627615,0.9961506276150628,0.9959674466366665,1.0,0.016347741061889055,0.016347741061889055,0.016336754676766818,0.016410912776341918,0.016410912776341918,0.016257103384630597
000066.png,0.03823914133079058,0.038330827251500596,0.04115169741201208,1.0761668797953963,0,0,0,0,0.9292239138507241,0.9347437425506555,0.9624866462341186,0.9988843732568332,0.03831249006735859,0.038349164435642596,0.03823914133079058,0.04115169741201208,0.041026393320375054,0.03826664710700358
000068.png,0.048186742022842344,0.048434272074328585,0.04858814210633356,1.0083300938523907,0,0,0,0,0.9917387233573828,0.9962372731297034,0.9959905221705186,1.0,0.04835265405735204,0.04835265405735204,0.048186742022842344,0.04858814210633356,0.04858814210633356,0.048515890091305136
000069.png,0.02928347409096261,0.03049302634254948,0.031662438585787225,1.0812391483139907,0,0,0,0,0.923726666103556,0.9648500211237854,0.9715996482687228,0.9982509838216004,0.02928347409096261,0.03042077432752106,0.0305652783575779,0.030581334360917548,0.030345846311936032,0.031662438585787225
000070.png,0.021632447141918025,0.02170124291021388,0.02179679258840256,1.0075971731448763,0,0,0,0,0.9924601087147116,0.9943820224719101,0.9956590016514286,1.0,0.021632447141918025,0.021632447141918025,0.02175475072999954,0.02177003867850973,0.02179679258840256,0.021647735090428215
000071.png,0.017887923130524078,0.018075879267979607,0.018098800748157114,1.0117888262429524,0,0,0,0,0.9868531939996629,0.9901993916863805,0.9926837936962237,0.9989873417721519,0.017927653696165082,0.017887923130524078,0.018068238774587107,0.018098800748157114,0.018098800748157114,0.01808351976137211
000072.png,0.11906639283138348,0.1250809892299605,0.13261757191232382,1.113811956159039,0,0,0,0,0.7641395662571796,0.9302855826807923,0.9028388011996231,0.9852300841167739,0.11906639283138348,0.13115365337832055,0.12170694734783194,0.12663048128995977,0.13261757191232382,0.12353149716996124
000073.png,0.010660016381217833,0.034894133323553504,0.046124130511851935,4.326834862385321,0,0,0,0,0.002926421404682274,0.4662317489903697,0.4514205890731312,1.0,0.02599907091600347,0.026659209545115584,0.010660016381217833,0.04312905710199142,0.046124130511851935,0.046124130511851935
000074.png,0.028749648537303944,0.03475660444248848,0.06779256977298566,2.3580312533219945,0,0,0,0,0.0,0.42792772290746894,0.42412622849316634,0.9902623748985664,0.02900331291793499,0.028749648537303944,0.03462671605481596,0.06713243114387354,0.06779256977298566,0.034886492830161
000077.png,0.03220927856120989,0.032568392163732446,0.03290998802954658,1.0217548948513415,0,0,0,0,0.978708303761533,0.9908388719238369,0.991805167197167,0.9988336623003768,0.032507080085252986,0.032539195935885085,0.03265014160170506,0.03290998802954658,0.03220927856120989,0.03259758839157981
000078.png,0.034249243233618235,0.0355068108974359,0.03551793981481482,1.037043054427295,0,0,0,0,0.9642801190662698,0.9976525821596244,0.9868799666268787,0.9987474557695318,0.03550124643874644,0.03551793981481482,0.03551793981481482,0.034249243233618235,0.03551237535612536,0.03549568198005698
000082.png,0.017526868818457636,0.019615951593273798,0.026864533159635922,1.532762836185819,0,0,0,0,0.0941274468971262,0.18510884967151875,0.4708988552451015,0.9658578484002577,0.026864533159635922,0.021897872778072987,0.019858070930252488,0.018165378220401446,0.017526868818457636,0.019373832256295104
000083.png,0.021239208236511355,0.021307054293807352,0.021432569499804942,1.0091039770004793,0,0,0,0,0.9903481012658227,0.995561895704549,0.9950949855485623,1.0,0.021307054293807352,0.021307054293807352,0.021239208236511355,0.021242600539376155,0.021432569499804942,0.021402038774021744
000086.png,0.041840055484421684,0.053028969270166454,0.0626333760136577,1.4969716289448516,0,0,0,0,0.6646739591282964,0.8104244936736192,0.8015373064883493,0.9831381733021077,0.0626333760136577,0.06160371318822023,0.04210147247119078,0.041840055484421684,0.05022940674349125,0.055828531796841656
000091.png,0.02405045351473923,0.02423469387755102,0.025444066515495085,1.057945393832253,0,0,0,0,0.9276908923643055,0.9387905604719764,0.9614667585271223,1.0,0.02423469387755102,0.024126039304610734,0.025444066515495085,0.02405045351473923,0.02423469387755102,0.025444066515495085
000093.png,0.09834184198608424,0.09875097780888469,0.10230968751286591,1.0403474802449109,0,0,0,0,0.9598371368251735,0.9891157872913859,0.9829970762429606,1.0,0.09843447651200132,0.09843447651200132,0.10230968751286591,0.09906747910576805,0.09834184198608424,0.09907262546831899
000096.png,0.04362120948434406,0.043771724763996746,0.044218567000465656,1.013694198835454,0,0,0,0,0.9864907988511861,0.9929328621908127,0.9925058916530329,1.0,0.04392224004364943,0.044218567000465656,0.04416682737308505,0.04362120948434406,0.04362120948434406,0.04362120948434406
000097.png,0.020203323109849895,0.020251096396938686,0.020274983040483082,1.003546937810357,0,0,0,0,0.9964655984919887,0.9976437323279924,0.997957530343578,1.0,0.020203323109849895,0.020203323109849895,0.02022720975339429,0.020274983040483082,0.020274983040483082,0.020274983040483082
000098.png,0.04638912570310007,0.04668441582564547,0.0467749079599739,1.0083162217659138,0,0,0,0,0.9891193817368314,0.9946105348789912,0.9942871949364606,0.9985746283852576,0.0467749079599739,0.04671775503302963,0.0467749079599739,0.04664631387434929,0.04638912570310007,0.04665107661826131
000102.png,0.033613523950220194,0.03369767463604828,0.033875326083907586,1.00778859527121,0,0,0,0,0.9922715981231024,0.9975027746947835,0.9968383997246335,1.0,0.03369767463604828,0.03369767463604828,0.03361819898832175,0.033875326083907586,0.033707024712251406,0.033613523950220194
000103.png,0.018896602303908553,0.018926950166280997,0.019200080927632993,1.0160599571734474,0,0,0,0,0.9841938883034773,0.9981295925183701,0.9942704446815854,1.0,0.018962356005715515,0.018924421177749957,0.019200080927632993,0.018926950166280997,0.018896602303908553,0.018926950166280997
000104.png,0.0687387398737606,0.07065847328436622,0.07128368588814836,1.037023460410557,0,0,0,0,0.9642983386355602,0.9750948449006918,0.981287136746932,0.9987643586105899,0.0687387398737606,0.06882378138661761,0.07110730349111159,0.07076083806836078,0.07128368588814836,0.07055610850037167
000105.png,0.006253818692277783,0.009753129434101364,0.021972944723009105,3.5135244247073074,0,0,0,3,0.0,0.2896820842419373,0.39965623175487536,1.0,0.006397729740101697,0.006253818692277783,0.006407828761001621,0.013098430107201107,0.021972944723009105,0.013098430107201107
000106.png,0.00937665331418638,0.009388462701231955,0.00940027208827753,1.0025188916876575,0,0,0,6,0.9974874371859297,0.9984924623115577,0.9986260274201446,1.0,0.00938610082382284,0.00937665331418638,0.00937665331418638,0.00940027208827753,0.00940027208827753,0.00939082457864107
000107.png,0.01701837985023826,0.019660649085427848,0.02097460062061832,1.2324675324675325,0,0,0,0,0.7517241379310344,0.8650442477876106,0.8685939595437102,1.0,0.02059444979798962,0.02059444979798962,0.018726848372866072,0.018152201780520363,0.01701837985023826,0.02097460062061832
000108.png,0.03283015677691462,0.03310491559972571,0.13657627023117316,4.160085836909872,0,0,0,0,0.24037965542143816,0.2689379520365436,0.5931534258253787,0.9977263038226517,0.03299923912941376,0.03283015677691462,0.033027419521496945,0.13657627023117316,0.12338315000422706,0.03318241167795448
000109.png,0.009239445129780217,0.05236902394199542,0.05369703683190252,5.811716621253407,0,0,0,2,0.17206620094706737,0.17865124866388107,0.551774139384663,0.9975530179445351,0.009239445129780217,0.009257068049646282,0.051816419526195215,0.052921628357795625,0.05369703683190252,0.053294227234963874
000111.png,0.020213056541928436,0.020540364889939627,0.02131036366547674,1.0542870456663558,0,0,0,0,0.9485082872928177,0.9807692307692307,0.9780904478449414,0.9979276997467189,0.020213056541928436,0.02041556386515838,0.020815869038985014,0.02131036366547674,0.02063219960628809,0.020448530173591162
000113.png,0.009950455696670548,0.010186160871092378,0.010301702623259941,1.0352995819786346,0,0,0,1,0.9659039928218932,0.9776867030965392,0.9791682764141953,0.9959072305593452,0.009950455696670548,0.010209269221525891,0.010301702623259941,0.010227755901872701,0.010121457489878543,0.010163052520658866
000115.png,0.011718688056664112,0.017054734783413062,0.026701376959061236,2.278529544429409,0,0,0,0,0.0,0.0,0.3420773586774517,1.0,0.011718688056664112,0.011718688056664112,0.025424848693078202,0.02210798953405397,0.012001480032772155,0.026701376959061236
000117.png,0.010514446793516562,0.010594315245478037,0.010599013389711065,1.0080428954423593,0,0,0,0,0.9920212765957447,0.9959928762243989,0.9962452052593406,1.0,0.010599013389711065,0.010599013389711065,0.010599013389711065,0.010547333803147757,0.010514446793516562,0.010589617101245008
000118.png,0.014297038672781835,0.01433006813506219,0.014358379102731064,1.0042904290429042,0,0,0,0,0.9710945112049366,0.985924713584288,0.9858839229868941,0.9993416721527321,0.014339505124285149,0.014358379102731064,0.014301757167393314,0.01433478662967367,0.014297038672781835,0.014325349640450711
000119.png,0.03672841076789985,0.03693620341628076,0.03705494207249843,1.0088904283570026,0,0,0,0,0.9911879148546578,0.9950744558991982,0.9954714660631746,0.999198717948718,0.03705494207249843,0.03683866809153054,0.03672841076789985,0.03704222007361797,0.037021016742150525,0.036851390090411
000120.png,0.009669128655554447,0.04357969857271185,0.04387912965365805,4.538064516129032,0,0,0,1,0.01929260450160772,0.07180650037792895,0.42717769493369256,0.9991472427515634,0.019525401736700268,0.009669128655554447,0.043405030442159896,0.04387912965365805,0.043866653358618626,0.0437543667032638
000121.png,0.045960822405698556,0.04604986239274729,0.0536938103718094,1.1682517318304568,0,0,0,0,0.8318619184604702,0.9942837144190387,0.9419924024022772,0.9992963527618154,0.045998596945658624,0.045960822405698556,0.045998596945658624,0.04610112783983595,0.0536938103718094,0.04625222599967622
000122.png,0.04241179658309803,0.0426352167175304,0.04300124544840896,1.013898229096615,0,0,0,0,0.986292283882379,0.9907869907869908,0.9923536330923165,0.9996640161272259,0.04241179658309803,0.04244507192226881,0.04243081106262419,0.04282536151279199,0.04300124544840896,0.042963216489356644
000123.png,0.011924754973831294,0.013137667830707578,0.01630990145638401,1.3677347242921012,0,0,0,0,0.0,0.0,0.41905053135304976,1.0,0.011924754973831294,0.011924754973831294,0.01630990145638401,0.013182096873083998,0.013093238788331156,0.01318653977732164
000124.png,0.007407194671606392,0.007658488836555882,0.007677635058647271,1.0365105008077544,0,0,0,6,0.9647755610972568,0.9699906220693967,0.9818268564808706,0.9993751952514839,0.007407194671606392,0.007426340893697782,0.007677635058647271,0.0076608821143173056,0.0076560955587944585,0.0076704552253630005
000125.png,0.06093304518105906,0.06103577552531986,0.061257723799957385,1.0053284489218217,0,0,0,0,0.9946997929606626,0.9978053830227743,0.9974512986923014,0.9988772921951017,0.0611232865593198,0.061001532077232926,0.061257723799957385,0.060953337594740205,0.06093304518105906,0.06107001897340679
000126.png,0.021640396106146365,0.02340328898316654,0.023948039946653784,1.1066359335193496,0,0,0,0,0.9036395527296646,0.9297478991596638,0.9490219430850364,0.9991229993422495,0.021640396106146365,0.021800539762882376,0.02341510285948313,0.023948039946653784,0.023927037499868735,0.023391475106849947
000128.png,0.05233242780025417,0.053851041751681844,0.05432615513763714,1.038097359919795,0,0,0,0,0.9633007833458526,0.9747534944197638,0.9802749091076378,0.9988196158386093,0.05233242780025417,0.05244319043010878,0.053900593454511536,0.05432615513763714,0.05426202940456342,0.05380149004885215
000129.png,0.10063299260082974,0.10064582353192764,0.10068431632522133,1.0005100089251562,0,0,0,0,0.9994053181547872,0.9995751370183116,0.9996771351750392,1.0,0.10063299260082974,0.10063299260082974,0.10063299260082974,0.10065865446302553,0.10068431632522133,0.10065865446302553
000131.png,0.0283922703277542,0.02846891556568976,0.028569512440480182,1.0062426185253923,0,0,0,0,0.992136523339468,0.9973077570250715,0.9966028533802002,1.0,0.02846891556568976,0.02846891556568976,0.02846891556568976,0.02843538327409295,0.0283922703277542,0.028569512440480182
000132.png,0.04701627486437613,0.05417420132610006,0.054724231464737795,1.1639423076923077,0,0,0,0,0.859149111937216,0.8720392431674843,0.9224688230563594,1.0,0.054724231464737795,0.054724231464737795,0.05362417118746233,0.054724231464737795,0.04701627486437613,0.04701627486437613
000133.png,0.0419917722394857,0.04264848339980122,0.04307371016644231,1.0257654742644857,0,0,0,0,0.974651013375387,0.9877106741573034,0.9872160208641192,0.9979554880542088,0.04298564545145747,0.04307371016644231,0.0428195805603432,0.04247738623925925,0.04224338571087096,0.0419917722394857
000134.png,0.015468492455940154,0.01558375693027652,0.015929550353285613,1.0298062593144561,0,0,0,0,0.9549033643521833,0.9804630969609262,0.9778754833424813,1.0,0.015468492455940154,0.015468492455940154,0.01561833627257743,0.015710547852046522,0.015929550353285613,0.01554917758797561
000135.png,0.030443383026969653,0.06148019491484537,0.10370772422444155,3.406576862123613,0,0,0,0,0.29354981275150616,0.3877422854043561,0.5578195257064567,0.9970469236850672,0.03276643990929705,0.030443383026969653,0.03845467264920152,0.10370772422444155,0.08450571718048921,0.10347372991749891
000136.png,0.02624450731354963,0.03105842919463831,0.07106039341416202,2.707629164654756,0,0,0,0,0.3686555857582104,0.821417947446703,0.7162997504141083,0.9465897166841553,0.03588502345975093,0.03195024822032207,0.02624450731354963,0.028604738838005746,0.07106039341416202,0.03016661016895456
000138.png,0.022752223634053367,0.024512071156289707,0.025819567979669632,1.1348151457611975,0,0,0,0,0.8583317015860583,0.9239674286274895,0.9219506050789612,0.9971027412525072,0.024017789072426937,0.022752223634053367,0.022792884371029224,0.025819567979669632,0.025484116899618804,0.025006353240152476
000139.png,0.008452955901991662,0.024703117446307456,0.03254818807108907,3.8505096262740657,0,0,0,2,0.20653576035545362,0.4483371414064483,0.510500531967788,1.0,0.008452955901991662,0.008452955901991662,0.01885401659000292,0.03254818807108907,0.03183978633071831,0.030552218302611994
000140.png,0.023837201093734557,0.048123849907992636,0.06504049735743565,2.7285291214215204,0,0,0,0,0.02940254529496583,0.41229689807976366,0.4187951180984387,0.9624385280651179,0.029188217410334002,0.023837201093734557,0.042808130532795564,0.05548679188452723,0.06504049735743565,0.053439569283189714
000141.png,0.022633881966193554,0.029686146464983007,0.037227071810932676,1.6447497546614327,0,0,0,0,0.6079952267303103,0.6160822249093107,0.7648227476353822,1.0,0.022633881966193554,0.022633881966193554,0.022633881966193554,0.037227071810932676,0.03713822438417627,0.036738410963772464
000142.png,0.02539039625219598,0.026751903181729455,0.02886492289674019,1.1368441283874688,0,0,0,0,0.8786702666216673,0.913081650570676,0.9254894601576744,1.0,0.0277766933437439,0.02886492289674019,0.02886492289674019,0.02539039625219598,0.02572711301971501,0.025463595549482725
000143.png,0.013550856911063787,0.02214531994726701,0.026556637257884597,1.95977549111319,0,0,0,0,0.5102625298329355,0.6940029667302394,0.717507224918375,1.0,0.024350978602575804,0.024350978602575804,0.026556637257884597,0.013550856911063787,0.01993966129195822,0.013838184092215124
000144.png,0.028388513136013777,0.02915097378055594,0.034459715567123926,1.21386123331018,0,0,0,0,0.8039654422276089,0.8268616681568527,0.8895969424839578,1.0,0.034459715567123926,0.028388513136013777,0.03428443725803377,0.029131254970783296,0.029131254970783296,0.029170692590328583
000145.png,0.08013019387566267,0.08289518086716088,0.08406540173954694,1.0491101752479284,0,0,0,0,0.950410551496735,0.9836425939096141,0.9770449419651083,0.9966990291262136,0.08013019387566267,0.0818991324036881,0.08292783819383212,0.08406540173954694,0.0838422433406268,0.08286252354048965
000147.png,0.0586460209943586,0.059709298946838255,0.060671414826916,1.0345359122105187,0,0,0,0,0.9666170001419043,0.9868738470271037,0.985395498390368,0.996818970503181,0.05935415550117197,0.059543565338860655,0.0586460209943586,0.060671414826916,0.06026891892182755,0.059875032554815855
000298.png,0.019737290794265682,0.04345295741091848,0.05814794102001009,2.946095369730477,0,0,0,0,0.28558387219475084,0.4648988350705089,0.5751837452515629,0.9975373371464887,0.05814794102001009,0.026475522758583062,0.019737290794265682,0.05709764980289989,0.05722950454444187,0.029808265018937068
000299.png,0.029464825639991938,0.03266730497883491,0.03413626285023181,1.1585428424833248,0,0,0,0,0.8628782287822878,0.933382030679328,0.9361684227192727,0.992775899169997,0.03255392058052812,0.03278068937714171,0.032332191090505946,0.03413626285023181,0.03308304777262649,0.029464825639991938
000300.png,0.02396675087283883,0.02427698413870874,0.024528125353936763,1.0234230532155333,0,0,0,0,0.9703881552621049,0.9792756539235412,0.9809435156435542,1.0,0.02396675087283883,0.02396675087283883,0.024473957640848365,0.024528125353936763,0.024459184628187892,0.02409478364922959
000301.png,0.010183530060618595,0.010183530060618595,0.010444519950953598,1.0256286266924566,0,0,0,0,0.975011786892975,0.975011786892975,0.9866729530095865,1.0,0.010183530060618595,0.010183530060618595,0.010183530060618595,0.010444519950953598,0.010444519950953598,0.010183530060618595
000303.png,0.013162754280480419,0.014403687343960053,0.01468437458450902,1.1156004489337823,0,0,0,0,0.833063209076175,0.9409422694094227,0.9275299553366827,1.0,0.014123000103411089,0.014123000103411089,0.01468437458450902,0.013162754280480419,0.01468437458450902,0.01468437458450902
000304.png,0.019234258755216838,0.02068136454363999,0.023652694610778444,1.2297169811320756,0,0,0,0,0.8131952435749904,0.867294695883678,0.8999890798299949,1.0,0.019234258755216838,0.019234258755216838,0.019234258755216838,0.023652694610778444,0.022250952640174196,0.022128470332063145
000307.png,0.011140235910878113,0.011389437542687317,0.011938604101674266,1.071665285832643,0,0,0,0,0.8796648895658796,0.9286540686463556,0.9395755837285378,1.0,0.011140235910878113,0.011140235910878113,0.01138020785262031,0.011398667232754324,0.011938604101674266,0.011938604101674266
000308.png,0.015963527490473597,0.016151787334422064,0.01633097441480675,1.0230179028132993,0,0,0,0,0.9775,0.9838350055741361,0.9873465941134717,1.0,0.01633097441480675,0.01633097441480675,0.01627653783342406,0.016027036835420068,0.016013427690074397,0.015963527490473597
000309.png,0.0298131010705861,0.03125793866811831,0.03150063509344946,1.0566037735849056,0,0,0,0,0.9375,0.9784713191735298,0.9718008940859133,0.996832709473078,0.03127835238613682,0.03150063509344946,0.03141898022137543,0.0312375249500998,0.030838323353293413,0.0298131010705861
000310.png,0.030404656319290464,0.031898558758314856,0.03666851441241685,1.2060164083865086,0,0,0,0,0.8291761148904006,0.9329817996257866,0.9136659163896934,0.9947387518142236,0.03487250554323725,0.032588691796008866,0.03666851441241685,0.031208425720620842,0.030543237250554325,0.030404656319290464
